country,year,ln_ef,ln_co2_per_capita,ln_palma,ln_gini_wid,ln_gdp_per_capita,ln_fossil_fuel_share,ln_renewable_energy,ln_urban_pct,ln_trade_openness,ln_oil,ihs_fdi
Algeria,2005,0.3920420877760237,5.753438062747795,1.5430234695350935,-0.5644022246693831,8.08120703772858,4.601085106863252,-0.5108256237659907,4.15355413138658,4.202308589107298,3.329168267973576,0.9367605713578832
Algeria,2006,0.4054651081081644,5.684141619452603,1.5430234695350935,-0.5644022246693831,8.205399024144914,4.602390206016031,-0.916290731874155,4.165353276154969,4.188370462658701,3.3855893254459586,1.1923886162210198
Algeria,2007,0.3987761199573678,5.70822796493268,1.4781689333786852,-0.5826797275339743,8.335060024725827,4.602515295000413,-0.916290731874155,4.176985067042162,4.212801050968798,3.3296193417280424,1.005572404502752
Algeria,2008,0.3987761199573678,5.6508055758024245,1.4168173769607808,-0.6011150951134516,8.55273769696549,4.603207895716501,-1.2039728043259361,4.188160988616322,4.26308109584547,3.371069395344192,1.1739346560773967
Algeria,2009,0.4574248470388755,5.646479174135786,1.3573260558171851,-0.6197108624867631,8.351240114228373,4.604379820897445,-1.2039728043259361,4.197348379886735,4.163322507080528,2.991002423716498,1.3636808609579787
Algeria,2010,0.4574248470388755,5.581384325878282,1.3016385188237556,-0.6382802791191052,8.499596443805036,4.565205918001337,-1.2039728043259361,4.206534292421058,4.150901565508677,3.090815124051258,1.0747291923946878
Algeria,2011,0.5007752879124892,5.440549313322524,1.2473466487141736,-0.6568152513125549,8.685468838592293,4.568413760471366,-1.6094379124341003,4.2155941860275625,4.1306779373226385,3.2199556262667017,1.0016010764272927
Algeria,2012,0.5423242908253617,5.361603706155133,1.4020665364019327,-0.5996568374726063,8.70510722228401,4.573224758960127,-1.6094379124341003,4.224526353247047,4.10689282466965,3.118106455914777,0.6200501911899836
Algeria,2013,0.5653138090500605,5.373481391578372,1.5626457509273415,-0.5445547765101183,8.696109187466437,4.5763079922358845,-2.3025850929940455,4.233329153377606,4.080093634357659,3.0384771249256537,0.6823597308112196
Algeria,2014,0.5481214085096876,5.26734496499819,1.5626457509273415,-0.5445547765101183,8.715173822959517,4.575023198133767,-2.3025850929940455,4.242001007451001,4.041708998393614,2.9610232997914023,0.5932693306758748
Algeria,2015,0.5481214085096876,4.682823952459701,1.5626457509273415,-0.5445547765101183,8.452133793801268,3.0739052855910294,-2.3025850929940455,4.250540393388956,3.9741452833700768,2.463589647708719,-0.28303806884070976
Algeria,2016,0.47000362924573563,4.647595401019337,1.5626457509273415,-0.5445547765101183,8.395022233204992,4.268320032464015,-2.3025850929940455,4.258945841331355,3.9072301940856415,2.3053032867853918,0.8135428832002143
Algeria,2017,0.4824261492442928,4.261305593019327,1.5626457509273415,-0.5445547765101183,8.423907819012364,4.558303091963173,-2.3025850929940455,4.267215929128369,3.9084328921016644,2.4979523605013654,0.6094650003895573
Algeria,2018,0.5766133643039938,4.285369792224946,1.5626457509273415,-0.5445547765101183,8.428844984934631,4.556851042640734,-1.6094379124341003,4.275349277988491,3.959596576093863,2.7690705518202137,0.6960055963452674
Algeria,2019,0.5653138090500605,3.9501009455497234,1.5626457509273415,-0.5445547765101183,8.40479763642708,4.275177561055155,-1.6094379124341003,4.2833445482744965,3.839599454631202,2.6492270954028783,0.6640552100434033
Algeria,2020,0.494696241836107,3.3926875072561287,1.5626457509273415,-0.5445547765101183,8.227787488311003,4.542437386942477,-2.3025850929940455,4.291200435439361,3.6985762023855515,2.201594326814163,0.647593089229435
Bahrain,2005,2.1198634561787513,7.714510151194197,2.2909280084518326,-0.37309472807771366,9.796245589385588,4.585245684229391,1.139923562523693,4.512705773659377,4.999328445989529,3.0004273215300508,2.5808905021654995
Bahrain,2006,2.134166441369082,7.634692167371323,2.1623313504311694,-0.40346710544549125,9.866163735121754,4.53265394634577,1.159765723649639,4.529569180974011,4.991141050514054,3.0139680598440886,3.451048645557633
Bahrain,2007,2.1102132003465894,7.72448827170965,2.030114529832365,-0.43773006869543973,9.947906474580243,4.5536347046494665,1.1646607087323766,4.548181816543899,4.925694866281595,2.9439970298998066,2.7866452148460468
Bahrain,2008,2.124653884501384,7.683711554490784,1.8891771313719448,-0.4770685269678572,10.056187149109965,4.60092042804268,1.1308882598553105,4.56794731543279,4.982801579569548,3.0765090291401687,2.6409447996584055
Bahrain,2009,2.0347056478384444,7.516112531141044,1.7377884711957654,-0.522392260137456,9.87638939526007,4.599606546255472,1.159459608526033,4.588306642256684,4.770377165420986,2.669733239743926,0.9644347558345616
Bahrain,2010,2.0719132752590443,7.478162030395781,1.811837670803088,-0.4985677263704886,9.990551512342877,4.570617665431161,1.1576756131651658,4.605170185988092,4.749802738526866,2.8516674820184367,0.5525555001556877
Bahrain,2011,2.081938421878423,7.316970100474177,1.8829497072926515,-0.4764241970486583,10.127941715596767,4.590872798206909,0.9593764317117061,4.605170185988092,5.12116029701738,3.1526956776134756,1.6874200902110423
Bahrain,2012,2.1102132003465894,7.162080508667078,1.952627845525221,-0.4557063245449111,10.182583115817266,4.557120457857341,1.1349404606509026,4.605170185988092,5.186402198356274,3.0004721956430602,2.279079704403235
Bahrain,2013,2.1234584270966104,7.263992036833347,2.0208134719378243,-0.43618208077022474,10.203212818045428,4.593499535788487,1.1485080067525744,4.605170185988092,5.218134488627381,3.038169620327574,3.0950134503955726
Bahrain,2014,2.1102132003465894,7.097740541909487,2.086548892138488,-0.4177907577988012,10.183079358032531,4.556875923928213,1.1353677426971887,4.605170185988092,5.127385845171887,2.937675457637025,2.1801467583083225
Bahrain,2015,2.061786606441115,6.462473891084785,2.1510351948668447,-0.40047756659712525,10.07466622038898,0.6329690241744667,1.0940494940478047,4.605170185988092,4.996644951873587,2.2850059176528625,0.19822885712596994
Bahrain,2016,1.9837562915454279,6.407044976639919,2.1510351948668447,-0.40047756659712525,10.077440920190279,2.556182320576295,1.0841162196060126,4.605170185988092,4.889017399027653,2.032167046286453,0.667491953549401
Bahrain,2017,1.9892432737616872,5.974502043123031,2.1510351948668447,-0.40047756659712525,10.117984604438433,4.598602104963024,1.0662916768052213,4.605170185988092,4.9158060905471945,2.1904184231804837,2.0533948063602008
Bahrain,2018,1.9837562915454279,5.952900737819856,2.1510351948668447,-0.40047756659712525,10.178251797525215,4.559024325873255,1.13037770134967,4.605170185988092,4.970336583295684,2.4328306914819255,2.1376535394226086
Bahrain,2019,2.0681277817795625,5.6483246562932194,2.1510351948668447,-0.40047756659712525,10.213166309019025,4.525903225087471,1.1525378739600325,4.605170185988092,4.908362919280133,2.287389083875087,1.5815359625266954
Bahrain,2020,2.0241930674493576,5.169433798616971,2.1510351948668447,-0.40047756659712525,10.099993223126496,4.306804064775063,0.7121595281753146,4.605170185988092,4.90868366537505,1.9015983269816672,1.7698252168459967
Egypt,2005,0.04879016416943204,5.378779375521758,1.6215882461565885,-0.5286502086785426,7.008088465194652,4.539746780134836,1.8718021769015913,3.7601979192659085,4.1423827967720985,2.472490825282197,2.491042417615268
Egypt,2006,0.0769610411361284,5.401836100574294,1.6221947128970775,-0.5281413459756786,7.169333851821893,4.540948757960126,1.824549292051046,3.7605719921399205,4.119338536006669,2.4622087752198736,2.931218634114964
Egypt,2007,0.10436001532424286,5.428625028967597,1.622603871616405,-0.5276327420823718,7.344552184516525,4.542277689918897,1.791759469228055,3.760571235069843,4.175584602876564,2.3779577282640503,2.879694068484985
Egypt,2008,0.12221763272424911,5.409461388632814,1.6242174904282365,-0.5272938164732979,7.547615570157506,4.545583526817219,1.7749523509116738,3.760290374378515,4.272220492805057,2.522167733624321,2.4636784590699032
Egypt,2009,0.09531017980432493,5.347073350742915,1.5638634018197777,-0.5454170685356098,7.678622307960792,4.548297070615913,1.7404661748405046,3.7597652975897917,4.035186113816572,1.8323506233859765,1.9789194232912894
Egypt,2010,0.09531017980432493,5.288417195866697,1.50510567450184,-0.5636991133730588,7.8059154190820585,4.546782282183605,1.6863989535702288,3.7590050933242334,3.869874090825985,2.0040155841722838,1.7915486078221199
Egypt,2011,0.12221763272424911,5.168796743461264,1.55036406060309,-0.5511269205395163,7.859661714116598,4.543918501064653,1.6863989535702288,3.7580187079835436,3.812327174270144,2.2765350021353097,-0.20314278125941496
Egypt,2012,0.131028262406404,5.01615148599482,1.5979377352515176,-0.5387108272555263,8.005055943581185,4.542156305684775,1.667706820558076,3.75681496645023,3.7065172219514615,2.1263798696838605,0.8830277562325084
Egypt,2013,0.10436001532424286,4.977950252253118,1.6184968571228522,-0.53102833108351,8.014840119179505,4.542202592515128,1.667706820558076,3.755402591757855,3.6981621873301154,2.0579152799978577,1.1686524803607432
Egypt,2014,0.0769610411361284,4.7888280179654155,1.6385710627040424,-0.5237420156992175,8.049871090906265,4.5022584179829455,1.6863989535702288,3.753790223812495,3.6087584961175776,1.9205044450863389,1.1998834990354577
Egypt,2015,0.058268908123975824,4.203146854129186,1.657983344461639,-0.5166760374441662,8.103791147239484,4.138531406242515,1.667706820558076,3.751986437235936,3.550936716083312,1.1171933651881087,1.4885920616607546
Egypt,2016,0.058268908123975824,4.224187086897738,1.630032462163273,-0.5250935955636955,8.092737531895827,4.379907297188816,1.62924053973028,3.749999758391813,3.4093820970253397,0.8548684891364126,1.6241690598937502
Egypt,2017,0.10436001532424286,3.833659271978621,1.6036558207592193,-0.5332416630503228,7.7811816542148735,4.5316362687614395,1.589235205116581,3.748293952702234,3.7572886236371223,1.4177524977983698,1.8130617641221216
Egypt,2018,0.06765864847381486,3.8192748738711364,1.6032681247263028,-0.5327304591540405,7.817908477192321,4.5455414926073985,1.6094379124341003,3.7485087041238687,3.826705168282313,1.7006648998428302,1.8497267115521407
Egypt,2019,-0.040821994520255166,3.351884622305337,1.603872404130644,-0.5322195164536632,7.99395380819095,4.5501733883401565,1.824549292051046,3.749061689462842,3.71659230983608,1.3565982292275676,1.7623812192022636
Egypt,2020,-0.020202707317519466,2.7529585918306947,1.5425436776040702,-0.5493932169152491,8.163688590984506,4.547111769862721,1.9021075263969205,3.749931125039387,3.4696736262415864,0.619877830496256,1.2083480052158735
Iran,2005,1.0116009116784799,6.473555229121249,1.9457211667245986,-0.46664926143316193,8.04944328277749,4.593663712229013,0.3364722366212129,4.217607078466462,3.9971082751620464,3.45343164824915,1.068814079760675
Iran,2006,1.0543120297715298,6.521576534861796,1.9415717474567153,-0.46744690046404563,8.193929816232913,4.592752333327366,0.3364722366212129,4.224058877702384,3.9734446500435703,3.451865267708008,0.7883313429483044
Iran,2007,1.1085626195212777,6.532565434137964,1.9989997575778682,-0.45318584431957604,8.452759552801167,4.59350761781923,0.26236426446749106,4.231293710857476,3.9097666001111544,3.262940177748448,0.5489561234215583
Iran,2008,1.0508216248317612,6.520651408687952,1.690120038595155,-0.5274632649190139,8.589962404901545,4.6003899640835595,-0.35667494393873245,4.23958433327658,3.8759688511334645,3.4199201417334795,0.4700904294791623
Iran,2009,1.0577902941478545,6.464351266549861,1.762148707203371,-0.5235731965884932,8.59702470242646,4.6003737639595625,-0.2231435513142097,4.248353472512962,3.7773384962054872,2.8651826481475884,0.6694046607840025
Iran,2010,1.0818051703517284,6.43042778809729,1.8167337295566661,-0.4911864085136422,8.746906226190578,4.599248848586368,-0.10536051565782628,4.257161335290456,3.7789633583631,3.0069608145210185,0.6924819488613287
Iran,2011,1.0715836162801904,6.296603840216745,1.5638288032140129,-0.5764313808639844,8.990402605842695,4.598901335655954,-0.10536051565782628,4.265549712087615,3.7189093781722504,3.1069363338951073,0.6360681700224209
Iran,2012,1.0715836162801904,6.176696140484071,1.7282214484240672,-0.5171790977381658,9.001356226255238,4.594755047565848,-0.10536051565782628,4.2733740868323435,3.7862181814044287,2.913060865638708,0.6720958561356832
Iran,2013,1.0885619528146082,6.176397912161684,1.6051864635767423,-0.5421443070234179,8.735965916314798,4.590774946471111,0.0,4.28086683021071,3.851990963790245,3.0567129050453667,0.576955353476666
Iran,2014,1.0986122886681098,6.044056749484333,1.5948571016980653,-0.5506064937778352,8.643308303861676,4.60407102789945,-0.10536051565782628,4.288161007780102,3.814441491204599,3.0557155521811312,0.44101808843934714
Iran,2015,1.075002423028976,5.377241440545686,1.494120674084206,-0.5814269309495373,8.507694936536325,4.079076844696576,-0.10536051565782628,4.295326214208554,3.6743389682945042,2.5069414847808638,0.48209507213694036
Iran,2016,1.0715836162801904,5.375154047664661,1.4592792538763797,-0.5969283228194024,8.650079283284938,4.598307671195706,0.0,4.302436876617317,3.6858057795594954,2.387891138899691,0.6563723963944844
Iran,2017,1.1151415906193203,4.9645282076446176,1.602890207131801,-0.5546033711118862,8.699670313449975,4.573977661441477,0.0,4.309471856793467,3.764814347143622,2.68248894255492,0.8697685401003211
Iran,2018,1.1019400787607843,4.96730590578262,1.6136176468368084,-0.5492200117533023,8.472825475206632,4.256500341961691,0.0,4.3148637214954615,4.036280143041168,3.3201914686776126,0.548228359781509
Iran,2019,1.1568811967920856,4.5519220669850515,1.553076183476091,-0.5686313058623776,8.293422829937198,4.313411562840148,0.0,4.320202930941841,3.883454199980319,2.9996769356774853,0.4208171282862944
Iran,2020,1.144222799920162,4.034361171854618,1.4635625343032748,-0.5965650827137011,8.071687044706623,4.525239359095883,-0.10536051565782628,4.325438299450957,3.7815604417674598,2.585833566725348,0.46117020676020315
Iraq,2005,0.058268908123975824,5.920729572403534,1.9720949280503803,-0.4402118444379992,7.474428166472362,4.559907119284208,0.8754687373538999,4.225247460365266,4.7513682443119665,4.1768242242324165,0.9019127963154309
Iraq,2006,0.06765864847381486,5.803110343967508,1.9720949280503803,-0.4402118444379992,7.730418332126874,4.522905088354915,0.9555114450274363,4.227695661714701,4.495918998787009,4.1519236140172575,0.5584222175559973
Iraq,2007,0.02955880224154443,5.4518465136170295,1.9720949280503803,-0.4402118444379992,8.048465580765402,4.559413298902083,0.6931471805599453,4.229988989120441,4.3053190783319915,3.9689396837908486,0.946246070222856
Iraq,2008,0.09531017980432493,5.666913617636124,1.9201207541723992,-0.45020100194955576,8.421335401602189,4.569216323651172,0.09531017980432493,4.232031627395048,4.39513463901489,4.01422419913127,1.1437527943622745
Iraq,2009,0.09531017980432493,5.678530312578937,1.8742628753407649,-0.45965733719159113,8.220056446711109,4.543438103760824,0.1823215567939546,4.233732997903454,4.365482771774657,3.666521180351271,1.1561155249644945
Iraq,2010,0.23111172096338664,5.697760098378106,1.8327640954719482,-0.46840490788203853,8.403296784387633,4.207669337183791,0.5306282510621704,4.234951007872769,4.297251114749815,3.7671644151722727,0.8869944501003594
Iraq,2011,0.23901690047049992,5.669452379624023,1.7961647626959714,-0.47658524061128993,8.661387434150708,4.591400428588071,0.09531017980432493,4.235919691475492,4.279042851007464,3.930400420534992,0.964308597462328
Iraq,2012,0.3074846997479607,5.623583997865285,1.8204658624069143,-0.4812668215244463,8.776104761343317,4.591106857704812,0.26236426446749106,4.237321929205014,4.29876301593786,3.904234743131817,1.2273833375915082
Iraq,2013,0.3220834991691132,5.66416836175523,1.4302450965746771,-0.5972916949164239,8.8024251882536,4.583641425382952,0.4054651081081644,4.240527157849398,4.21079364796377,3.814021131068311,-0.8780315418699078
Iraq,2014,0.2468600779315258,5.468411495423102,1.5298976725362075,-0.563874844855806,8.74023950116899,4.59190100364583,0.0,4.243721926792421,4.233852658713055,3.8417046730391013,-2.1995853006951713
Iraq,2015,0.1823215567939546,4.753259776179725,1.6328725049818444,-0.5306882528622423,8.398441612691235,3.8935822371939963,-0.2231435513142097,4.247359234139043,4.242646293080609,3.6178812251786905,-2.2183308484344075
Iraq,2016,0.25464221837358075,4.815309960588808,1.7408516798568439,-0.49774488422746027,8.374343307984388,4.477529143082873,-0.10536051565782628,4.2472427126184025,3.9998199439092805,3.4954784277267623,-2.032690658224678
Iraq,2017,0.3074846997479607,4.374992621870544,1.8536073892547669,-0.4648966918775909,8.467852650962367,4.236822852139425,-0.6931471805599453,4.246986262956787,4.09068641924042,3.6615419690913673,-1.7148739214362334
Iraq,2018,0.3220834991691132,4.419572445759296,1.9733385961210141,-0.43232256227804705,8.638824691468628,4.603161290091881,-0.6931471805599453,4.246729611191372,4.186647068509286,3.8235603169322445,-1.5081608977008931
Iraq,2019,0.412109650826833,4.029963104421925,2.1017294520902725,-0.39988072981426376,8.643271832226086,4.599947095726008,-0.10536051565782628,4.246612607269432,4.233960673968556,3.6946696163517676,-1.0884145679105743
Iraq,2020,0.3293037471426003,3.4254808880743775,2.2407747532012876,-0.36759145568008283,8.365250943157374,4.515944943299668,0.09531017980432493,4.246612279679175,4.05599029111534,3.297169382112939,-1.2386012227523417
Jordan,2005,0.26236426446749106,5.9024759474828965,1.7979706693206958,-0.48857501483117083,7.643900066214432,4.583893460722943,0.5306282510621704,4.361978586705517,4.989812607413674,-5.5229185529064475,3.4518581439352807
Jordan,2006,0.20701416938432612,5.845260904913134,1.815125018184267,-0.48369695637773796,7.759031470625986,4.583859849843784,0.8329091229351039,4.366349545941225,4.954046472110128,-5.433689379555982,3.852184164680305
Jordan,2007,0.1823215567939546,5.826856212852408,1.8133819332412207,-0.48288625507674926,7.82652533273271,4.589206686603169,0.8329091229351039,4.3736898182273745,4.983567211949086,-5.466264796167743,3.423684137497788
Jordan,2008,0.10436001532424286,5.7119316633941,1.812260235102739,-0.48223816691407806,8.08383848296227,4.584994272407125,0.9932517730102834,4.383639041805988,4.948142153241409,-5.150493355135872,3.2185009549103554
Jordan,2009,0.11332868530700327,5.625046196486737,1.800453532684642,-0.48142864691520315,8.142014899823625,4.584566150236653,1.0296194171811581,4.395827810022743,4.7198550779016415,-5.734714433789321,2.9815861787286075
Jordan,2010,0.10436001532424286,5.514739253346933,1.7889622646069938,-0.4807815024176139,8.221066420315847,4.578317849860683,1.0986122886681098,4.409886280437058,4.738149856265422,-5.73686665929649,2.5277101181728465
Jordan,2011,0.12221763272424911,5.333831190116516,1.6968072632954605,-0.5116593045145681,8.280674347994537,4.564383299445393,1.0986122886681098,4.425451291917333,4.776596601542907,-5.714242074796543,2.3189596288950898
Jordan,2012,0.23111172096338664,5.255381812361174,1.6767680605092674,-0.5196982022695891,8.33555253089088,4.578134455156997,1.0647107369924282,4.4421718823611585,4.7694600417939155,-5.662094906279526,2.291596808454036
Jordan,2013,0.14842000511827322,5.198349963097202,1.6575231065355625,-0.5279717826009612,8.368976012501587,4.581132372116379,1.1314021114911006,4.459713234505868,4.713589769900552,-5.838682208212433,2.4325039719179995
Jordan,2014,0.11332868530700327,5.036826287607466,1.6575231065355625,-0.5279717826009612,8.340737715680502,4.5811987480365755,1.1314021114911006,4.477759173374377,4.699923897674764,-5.94458557852899,2.477216694174421
Jordan,2015,0.01980262729617973,4.339290933380716,1.6575231065355625,-0.5279717826009612,8.304682109774202,4.063511240163693,1.1631508098056809,4.4985659994467255,4.557637309481304,-6.55014304414291,2.1298095686840015
Jordan,2016,-0.07257069283483537,4.273782900801856,1.6575231065355625,-0.5279717826009612,8.290723306510515,4.339493678820241,1.547562508716013,4.506042737091619,4.485493434707624,-6.683961864104442,2.0683921824716136
Jordan,2017,-0.030459207484708574,3.9000650780636152,1.6575231065355625,-0.5279717826009612,8.310320618730112,4.263629915491406,1.667706820558076,4.5095010124390935,4.496822998074281,-6.7156528301460545,2.288255506926377
Jordan,2018,-0.10536051565782628,3.8253883523339858,1.6575231065355625,-0.5279717826009612,8.329764189014949,4.586741990088775,1.9740810260220096,4.5130646109582475,4.473190904680351,-6.224397889596366,1.5303955213866072
Jordan,2019,-0.16251892949777494,3.3704495939051426,1.6575231065355625,-0.5279717826009612,8.335698748552389,4.586064127946059,2.1400661634962708,4.516513454244482,4.450710849322783,-6.3268078299907256,1.2698412988840657
Jordan,2020,-0.2876820724517809,2.7313356069304153,1.6575231065355625,-0.5279717826009612,8.299544549301578,4.258118387834353,2.3702437414678603,4.519848351454527,4.190562645044177,-6.524044874797119,1.320805963221596
Kuwait,2005,2.329227023940467,8.04629030179436,2.0204965429891657,-0.4304752711123321,10.494674382379204,4.582461008756461,1.144796542663227,4.605170185988092,4.524422931200713,3.9762642973628015,0.2855920468298514
Kuwait,2006,2.3263016196113617,7.996409176287271,2.0204965429891657,-0.4304752711123321,10.667713633553724,4.373543516246627,0.9774966544694509,4.605170185988092,4.496616724946142,3.9326185354670984,0.11916321842546185
Kuwait,2007,2.322387720290225,7.93127477129867,2.0204965429891657,-0.4304752711123321,10.730059535707143,4.481314030448668,0.8815833285188196,4.605170185988092,4.518876770020088,3.8744457736948057,0.097144314617725
Kuwait,2008,2.3350522831315472,7.9068231089449945,2.0008938766678113,-0.431860419467696,10.925672058680453,4.595769963147442,1.1561470550400899,4.605170185988092,4.529189991182949,3.9682576487730774,-0.0040383683632756
Kuwait,2009,2.2793164660546914,7.819679017895183,1.9800839534338348,-0.4334017268011871,10.542893712100145,4.565991149079647,0.8224727403859884,4.605170185988092,4.486511247924058,3.659858725608311,0.9168872539457141
Kuwait,2010,2.2502386126218363,7.774019110989012,1.9568250664076376,-0.43509991323785513,10.576744533579513,4.568003442616131,1.067064801326435,4.605170185988092,4.574999819877546,3.875184875790513,0.9706207275103188
Kuwait,2011,2.247072383063787,7.569589636244177,1.9310787868311317,-0.43695577519953516,10.803030955112797,4.545718338126919,1.1150553502251583,4.605170185988092,4.596295852964958,4.0668008527875825,1.4942288159768848
Kuwait,2012,2.21046980408624,7.462106147733442,1.9031809843297647,-0.4391253096007995,10.861979600829699,4.594593903463608,0.9611917767102243,4.605170185988092,4.6152337292842915,4.050287544305669,1.275428043680155
Kuwait,2013,2.1598687907924505,7.3813588811159,1.873101963548237,-0.44145504584131956,10.812774694982547,4.587706038555439,1.0451146107035856,4.605170185988092,4.580933755492199,4.01744442926369,0.7506282236150011
Kuwait,2014,2.1090003439213802,7.137549768022764,1.4121771089531137,-0.5972916949164239,10.700291378270615,4.601272150815063,0.3822520969685846,4.605170185988092,4.605542015269453,3.974820683748433,0.2944098374637227
Kuwait,2015,2.081938421878423,6.481339205765711,1.4121771089531137,-0.5972916949164239,10.30501868769552,4.558436438295209,1.1497546351470436,4.605170185988092,4.592084829373051,3.595922238602996,0.24592842800392378
Kuwait,2016,2.0399207835175526,6.485497133562788,1.4121771089531137,-0.5972916949164239,10.215509336543535,4.528844632116804,1.1533841193991803,4.605170185988092,4.565989264752063,3.455502804649762,0.2638464206648149
Kuwait,2017,2.028148247292285,6.037215723088934,1.4121771089531137,-0.5972916949164239,10.276692988400733,4.563815973487321,1.1588664754844193,4.605170185988092,4.583333966209231,3.5837991998614576,0.09350389939597392
Kuwait,2018,1.9947003132247452,6.013985747389846,1.4121771089531137,-0.5972916949164239,10.375612753895624,4.566072361227832,1.0389625523587571,4.605170185988092,4.632645563630359,3.785326876454348,-0.015418167916712496
Kuwait,2019,1.9558604799084813,5.619356799214767,1.4121771089531137,-0.5972916949164239,10.364320312126083,4.556231485505884,-2.3025850929940455,4.605170185988092,4.518366558939806,3.6547109869445302,0.35834068210914266
Kuwait,2020,1.890095369948917,5.132008216203627,1.4121771089531137,-0.5972916949164239,10.13602982060803,4.602012693537576,-2.3025850929940455,4.605170185988092,4.406871798180273,3.31718837083907,-0.4834886422489415
Lebanon,2005,0.3920420877760237,5.951931289838533,1.8798564390846422,-0.4761021877076051,8.434289304519284,4.543216699017292,1.8562979903656263,4.4632207830381985,4.530044147947414,-6.907755278982137,3.196573008454842
Lebanon,2006,0.37843643572024505,5.80545907918949,1.8717036789945924,-0.47900401144303456,8.44144571854587,4.560030900313106,1.8562979903656263,4.465130240078681,4.511621820605145,-6.907755278982137,3.1917092449955193
Lebanon,2007,0.27763173659827955,5.724001639427515,2.125884074974207,-0.4185503476568198,8.541936163636393,4.5853167322501855,1.9878743481543455,4.467085427962068,4.584637913819526,-6.907755278982137,3.3044065151975364
Lebanon,2008,0.44468582126144574,5.880284876233084,2.1313964930696434,-0.4161216882966931,8.684747129751624,4.597977338673659,1.62924053973028,4.46908667468616,4.6693243192849385,-6.907755278982137,3.3943271209293617
Lebanon,2009,0.5187937934151675,5.985485070611739,2.041477101232342,-0.43525443691891663,8.86656119597533,4.556505443858722,1.4586150226995167,4.471134298232301,4.504220360717559,-6.907755278982137,3.302338456886244
Lebanon,2010,0.5187937934151675,5.878917343721249,2.0883434080757075,-0.42449503401496996,8.939293892942757,4.5477078714251915,1.7404661748405046,4.473228606438704,4.554893773786074,-6.907755278982137,3.1050533582537736
Lebanon,2011,0.5007752879124892,5.69904759496334,2.12104167648417,-0.41763890903987305,8.966351377636391,4.550007187154701,1.824549292051046,4.47536989687828,4.62634326998037,-6.907755278982137,2.7585697985968394
Lebanon,2012,0.5653138090500605,5.5920980404435525,2.1573550789251668,-0.40962374325702333,9.036818074628345,4.558134432227178,1.7227665977411035,4.477558456741103,4.483516565909371,-6.907755278982137,2.653757995350823
Lebanon,2013,0.4637340162321402,5.514700105062822,2.110660047844976,-0.4182464424728975,9.007290985556688,4.555894798174282,1.7749523509116738,4.479794562721694,4.456372321157684,-6.907755278982137,2.4371288602324137
Lebanon,2014,0.4252677354043441,5.347586268851653,2.102192545721225,-0.4209849197662012,8.932957260059498,4.571070586577542,1.4350845252893227,4.48207848091126,4.3797384762419425,-6.907755278982137,2.483817284623725
Lebanon,2015,0.4574248470388755,4.729736254793649,2.0964671245604416,-0.4252597354363438,8.950806398438399,4.492278364305685,1.4350845252893227,4.484410466695026,4.274428097551877,-6.907755278982137,2.1705945968292184
Lebanon,2016,0.5068176023684519,4.746642031556548,2.088461391143268,-0.4297065724811986,8.998261887411076,4.588651154805655,1.3862943611198906,4.486790764654823,4.215434978620204,-6.907755278982137,2.3166930970496393
Lebanon,2017,0.598836501088704,4.465425140460059,2.0801820082075597,-0.4344820571786569,9.06047177673725,4.502518909988326,1.3862943611198906,4.489219608477032,4.22618286574501,-6.907755278982137,2.2635879976189797
Lebanon,2018,0.5653138090500605,4.421095215873965,2.0712478273095267,-0.4394356276793176,9.124187171598292,4.435226581602018,1.547562508716013,4.491697220866035,4.223284495064559,-6.907755278982137,2.2808509467298017
Lebanon,2019,0.598836501088704,4.092638158130471,2.061639141421252,-0.4445698279889254,9.094467017901259,4.378912790704401,1.62924053973028,4.4942238134632975,4.1428317600282085,-6.907755278982137,2.0177286270959587
Lebanon,2020,0.43178241642553783,3.412386162956045,2.05282364174124,-0.45020100194955576,8.623567693326915,4.601931387978847,1.840549633397487,4.496799586772162,3.9146157271776794,-6.907755278982137,2.325519322327213
Libya,2005,1.2325602611778486,6.788148635181646,1.5702743988706318,-0.5596657891854643,8.997054272609208,4.56999953397652,0.9932517730102834,4.478878504150277,4.5093296521109805,4.111171751116714,1.5267164163240594
Libya,2006,1.2119409739751128,6.770538891357995,1.5663645735905822,-0.5607163933794558,9.215213284373169,4.475881560419896,1.0647107369924282,4.479152846587497,4.582291463780747,4.109735086979894,1.9475984207952954
Libya,2007,1.1755733298042381,6.690736618504037,1.5587310188949766,-0.5626453724957872,9.318741296623651,4.485214227637193,1.1314021114911006,4.47910829842311,4.632126726649943,4.093181936876295,2.628765896014041
Libya,2008,1.220829921392359,6.724046497094922,1.5523388545817045,-0.5645780797652377,9.540085804425674,4.560623373323705,1.0647107369924282,4.479010931438342,4.63707727782396,4.1715746458599146,2.2604181198491595
Libya,2009,1.2383742310432684,6.7000282841168035,1.5373627117084576,-0.5695146201146701,9.164406797928642,4.463415433152221,0.9555114450274363,4.478864993031189,4.678615150195974,3.910287159681376,1.5520313752115162
Libya,2010,1.2809338454620642,6.6815500959634875,1.5231130880740145,-0.5739429330814687,9.358838552051404,4.507030181838184,0.9162907318741551,4.4786735788856715,4.585755056961996,3.9987038774870842,1.5965343481064957
Libya,2011,1.0612565021243408,6.103153490853947,1.498741146705469,-0.5812480880625365,8.9350925597102,4.395555678187783,1.1631508098056809,4.478439001147685,4.143220997107073,3.5926866742024126,2.718239531675158
Libya,2012,1.2556160374777743,6.2748862901052345,1.474586968265569,-0.5886070012860214,9.614196872269224,4.4905606692795175,0.9555114450274363,4.478163654974355,4.587253831512058,4.054062239841515,1.216671590664779
Libya,2013,1.2809338454620642,6.310354604181902,1.5014749229586926,-0.5794614161561289,9.388629928889092,4.495752208835511,0.8754687373538999,4.477849673028336,4.666588477876676,3.824341157290199,0.8321995027001023
Libya,2014,1.235471471385307,6.18140787909489,1.5292305008155322,-0.5700449834259619,9.096770781196238,4.351638911235792,0.8329091229351039,4.477498232502084,4.337615951189159,3.354508551716085,2.077947381951945
Libya,2015,1.0986122886681098,5.469883886313226,1.5565067891240958,-0.5610668402027374,8.917108149572451,4.130018879837184,1.0647107369924282,4.475242695378704,4.041381582276124,2.669132239982093,2.683469939364579
Libya,2016,1.0367368849500223,5.391048203132307,1.5461373859036376,-0.5647539657915464,8.926092793968106,4.384947193978985,1.0296194171811581,4.475243780955452,3.7162556835937193,2.3790035579464637,2.6738524036342946
Libya,2017,1.0681530811834012,5.074212051908152,1.5355289254566393,-0.5686313058623776,9.206917758240078,4.470671618102157,1.0647107369924282,4.475251379959695,3.8617600472644376,3.0420248809701356,1.92545681587024
Libya,2018,1.0543120297715298,5.093396520326116,1.543434579795515,-0.5658099320987501,9.323364143041239,4.481815936206945,1.0647107369924282,4.4752720055372786,4.155457434970817,3.4023810090282076,2.4625125874260667
Libya,2019,1.0438040521731147,4.694156946453319,1.5513251482751773,-0.562820918884371,9.206653071315426,4.470611808678626,1.0986122886681098,4.475312169914915,4.369371510122814,3.4889811974752383,1.9267844494789612
Libya,2020,0.8919980393051105,3.978979421720198,1.5515373048475227,-0.5626453724957872,8.802422975342925,4.5836310013719785,1.1631508098056809,4.475378383339906,3.9313508815641374,2.2240819486084056,-0.3756111691171817
Morocco,2005,0.17395330712343798,4.982109419498008,1.644269929767579,-0.5428324199010771,7.715564309918954,4.442080505466812,2.995732273553991,4.0152973842323485,4.118936806951778,-5.294185428771354,1.6195271734240921
Morocco,2006,0.30010459245033816,4.981341641427058,1.644269929767579,-0.5428324199010771,7.798985181068225,4.4487302431577005,2.9014215940827497,4.024686450994079,4.169331399398057,-4.928572118380023,1.8925628791190716
Morocco,2007,0.12221763272424911,5.000953745095087,1.644269929767579,-0.5428324199010771,7.921385380461716,4.454182433317854,2.8094026953624978,4.034778265815473,4.267592393380329,-4.89433808667872,1.89467017185536
Morocco,2008,0.20701416938432612,4.99076134593586,1.644269929767579,-0.5428324199010771,8.065642397166595,4.465633307496863,2.667228206581955,4.045249147695596,4.354584413291845,-4.938628093499828,1.6179181151793758
Morocco,2009,0.30010459245033816,4.907645173263106,1.644269929767579,-0.5428324199010771,8.045456420522806,4.465535672650972,2.653241964607215,4.055787689851988,4.13309971854669,-5.4588679459293346,1.4200567404395654
Morocco,2010,0.29266961396282004,4.917562651507709,1.644269929767579,-0.5428324199010771,8.028776387887254,4.467027054876748,2.631888840136646,4.066095139004979,4.241930593389718,-5.040768606579746,1.0350268303653796
Morocco,2011,0.3074846997479607,4.803961697727285,1.644269929767579,-0.5428324199010771,8.10228022336322,4.48446998086112,2.468099531471619,4.075884836566753,4.341541451793726,-4.795282909923512,1.5664714107247073
Morocco,2012,0.2468600779315258,4.716854715436577,1.644269929767579,-0.5428324199010771,8.059648346943582,4.489667609888137,2.388762789235098,4.084880848850928,4.359552240554255,-5.069665011053366,1.704218629566485
Morocco,2013,0.3364722366212129,4.665275720683596,1.644269929767579,-0.5428324199010771,8.125554998626152,4.480946247647569,2.451005098112319,4.0928158932402665,4.302141034356165,-5.058013304100291,1.787598635706119
Morocco,2014,0.3074846997479607,4.507492582638551,1.644269929767579,-0.5428324199010771,8.141890678692528,4.481471133571399,2.4069451083182885,4.09938265995375,4.275186785813448,-5.594011284707608,1.8054821932911995
Morocco,2015,0.34358970439007686,3.9014640058938714,1.644269929767579,-0.5428324199010771,8.05396584807324,4.288553000797027,2.4159137783010487,4.104982980937278,4.2089919598686425,-6.020972047388539,1.8012661208278524
Morocco,2016,0.22314355131420976,3.8877722943991007,1.644269929767579,-0.5428324199010771,8.052250484073712,4.357259747320583,2.4069451083182885,4.110312487839589,4.264405997447625,-6.150314480793834,1.4118874727706514
Morocco,2017,0.3148107398400336,3.5334263562388872,1.644269929767579,-0.5428324199010771,8.100624651121448,4.448269736133196,2.341805806147327,4.115389974182976,4.306405027457371,-6.0701685384909245,1.5545848169421157
Morocco,2018,0.37843643572024505,3.5394891992119444,1.644269929767579,-0.5428324199010771,8.161003272133136,4.519309707036065,2.388762789235098,4.12016795435132,4.347110182700718,-5.894385226621792,1.7476240147762365
Morocco,2019,0.3293037471426003,3.2374581820862267,1.644269929767579,-0.5428324199010771,8.162829191260244,4.546472836648764,2.3702437414678603,4.124599643419042,4.33070854892432,-6.043865597324883,1.099490717304862
Morocco,2020,0.1823215567939546,2.677468037500628,1.644269929767579,-0.5428324199010771,8.091942719534753,4.4461545685544825,2.4069451083182885,4.12863879479719,4.23184021953294,-6.298221957769226,0.9960228090764243
Oman,2005,1.5390154481375546,7.080927314761572,2.3382223994993434,-0.3915622029391729,9.577401240470033,4.604382804453962,1.1674728166554555,4.274688892589762,4.463160693247306,3.7575320369609386,2.1723682762581
Oman,2006,1.7439688053917064,7.296167555754525,2.3382223994993434,-0.3915622029391729,9.73689306493936,4.605030275088909,0.9890278078704944,4.2820961568673335,4.456040141482298,3.7075294590196677,2.0318842124463554
Oman,2007,1.8309801823813363,7.343389357279567,2.3382223994993434,-0.3915622029391729,9.841221315669841,4.604596372402652,1.1636301163075264,4.29138948818915,4.552463145128977,3.6323011607213465,2.629698356576819
Oman,2008,1.8066480817218056,7.244622385230604,2.3382223994993434,-0.3915622029391729,10.187793152672048,4.546559370673768,1.155521056770758,4.301464042700978,4.551367461272521,3.63532309576423,2.1487561464148297
Oman,2009,1.8261608959453874,7.129213384397321,2.3382223994993434,-0.3915622029391729,9.935757144494207,4.601660083189398,1.1704845789939633,4.311253565935929,4.517736196088746,3.418189576514649,1.7265238902927387
Oman,2010,1.9125010869241836,7.220179156603865,2.3382223994993434,-0.3915622029391729,10.06773762486724,3.4500474638845575,1.1367024037311346,4.319592197952387,4.568366717011887,3.483387484921364,1.4035572204339104
Oman,2011,1.9198594718553708,7.092888443140223,2.3382223994993434,-0.3915622029391729,10.13412326400229,4.605078060320666,0.7279780698068914,4.32623085550081,4.621454198251117,3.6990386968154176,1.488423455159187
Oman,2012,1.8809906029559975,6.944145783634886,2.3382223994993434,-0.3915622029391729,10.11221967128863,4.6008343139859145,1.0738702591134754,4.331892623598058,4.625705489951355,3.625425061575414,1.2282399469330862
Oman,2013,1.8196988379172965,6.906797508209771,2.3382223994993434,-0.3915622029391729,10.062967863926605,3.8013776473353857,1.1407425481434446,4.337178622409302,4.723340006955824,3.5832551962847177,1.3469701627015813
Oman,2014,1.7967470107390942,6.705123171795837,2.3382223994993434,-0.3915622029391729,10.050210006649245,4.605021899995552,1.1500223844122845,4.342366174619739,4.627701646317923,3.4556893105013486,1.1307871342313232
Oman,2015,1.8180767775454285,6.111111728606872,2.3382223994993434,-0.3915622029391729,9.842053955046863,4.2693097431127,1.1619811801094395,4.3477267662296875,4.5682736038751575,2.937523784855939,-1.739695528264916
Oman,2016,1.7715567619105355,6.071630317896051,2.3382223994993434,-0.3915622029391729,9.747429456599995,4.589072436941694,1.0752908456336252,4.353526026314935,4.417203898056088,2.7895372386297366,1.8235725233769364
Oman,2017,1.7934247485471162,5.68494843107337,2.3382223994993434,-0.3915622029391729,9.788080414875001,4.573507361882194,1.1448919302092335,4.360729272368892,4.488109804360201,2.9604162551005024,1.9820895273374917
Oman,2018,1.8309801823813363,5.713038928349659,2.3382223994993434,-0.3915622029391729,9.898563527609,4.590469493055466,1.1675900846144847,4.369012111622066,4.491768737688314,3.165888425897098,2.511427832900666
Oman,2019,1.8421356765531218,5.355500817574912,2.3382223994993434,-0.3915622029391729,9.861633067643593,4.510766701953569,1.1638786022908956,4.37673769478903,4.459892370979105,3.0732847951097724,1.5578834821379615
Oman,2020,1.8341801851120072,4.829030344658226,2.3382223994993434,-0.3915622029391729,9.728232751085102,4.589029712234296,-2.3025850929940455,4.38224708402654,4.520438653284062,2.7077353489939533,1.6529672852540191
Qatar,2005,2.7644305345383176,8.642797550523678,2.2424060425241366,-0.40182175319336577,10.895806972690806,4.604753273748263,1.1022046760297595,4.577816106124776,4.551194815623297,3.6422635251831554,2.42627299188373
Qatar,2006,2.7498317351171653,8.601329692969752,2.2424060425241366,-0.40182175319336577,11.044240091465467,4.605048610616576,-2.3025850929940455,4.580700611787748,4.590776282138593,3.530850799459762,2.449620566880894
Qatar,2007,2.664446563620078,8.491725420163073,2.2424060425241366,-0.40182175319336577,11.096717993014009,4.604741658694558,-2.3025850929940455,4.583602389310664,4.565536086787721,3.42755888257046,2.474573338853726
Qatar,2008,2.6239436918052106,8.312429691552486,2.2397062488247896,-0.400328324003012,11.299502068500662,4.6047488763021205,-2.3025850929940455,4.5862882325577,4.493487971037106,3.4844678287109705,1.9028930207407773
Qatar,2009,2.514465452029545,8.144496583226726,2.236687830598977,-0.3988371218179434,11.01511042126842,4.605107430112088,-2.3025850929940455,4.588527344354799,4.383827050111661,3.136257485260406,2.813925687671732
Qatar,2010,2.6019486702196644,8.061367699315193,2.2337104737392433,-0.3974969384589874,11.244557167648798,4.4663528324083615,-2.3025850929940455,4.590123786695823,4.467185429401684,3.281046694514688,2.039350833551708
Qatar,2011,2.6511270537025893,7.930903338988882,2.232063798424295,-0.39615854878786466,11.545019984445869,4.4663772927377,-2.3025850929940455,4.591376093652631,4.592304123045633,3.3994582208728863,0.5336909303960994
Qatar,2012,2.711377991194885,7.84776993896598,2.2288033319017715,-0.3949703710155228,11.594232484048815,4.45371036920425,1.1689287974591696,4.592518500335959,4.661042700842037,3.344273607809533,0.21033438703180488
Qatar,2013,2.6658383522929006,7.718257116891602,2.2288033319017715,-0.3949703710155228,11.549229069700221,4.457487951543803,1.0636951965069916,4.593459504673001,4.628722191055132,3.2331962756464643,-0.4111963359921972
Qatar,2014,2.6354795082673745,7.668272409403114,2.2288033319017715,-0.3949703710155228,11.470442611710512,4.468093958098996,1.1719440541226251,4.594125697935334,4.595466395083739,3.0699032415270913,0.4852248414119911
Qatar,2015,2.570319527636131,6.9308340384180624,2.2288033319017715,-0.3949703710155228,11.141647896040569,3.9693455104565545,1.154483139941047,4.594495824846207,4.54018008489918,2.5673356973905817,0.6213412483746535
Qatar,2016,2.50470927708418,6.884741337730021,2.2288033319017715,-0.3949703710155228,11.022778258082601,4.605068070430375,-2.3025850929940455,4.594973642826037,4.494770585921189,2.4125651342514933,0.49017759749381884
Qatar,2017,2.516889695641051,6.417108707533775,2.2288033319017715,-0.3949703710155228,11.055322654725062,4.605007318499478,-2.3025850929940455,4.5954330589240175,4.516279489404049,2.605682423238414,0.5791203945371703
Qatar,2018,2.4765384001174837,6.400559293869612,2.2288033319017715,-0.3949703710155228,11.170997403904426,4.268576290320099,1.1664300885055565,4.595882876897276,4.520029893136922,2.7906840685366223,-1.0111600415369693
Qatar,2019,2.4997952622817508,6.036081634609828,2.2288033319017715,-0.3949703710155228,11.110077364287518,4.484631289710263,-2.3025850929940455,4.596322860239862,4.500323909328457,2.6747983995688416,-1.2461836924151655
Qatar,2020,2.4379897300002487,5.536604629285835,2.2288033319017715,-0.3949703710155228,10.8528951784086,4.561277561632826,0.9824384049030719,4.596752772587748,4.500020600620277,2.3605454972415654,-1.2934486002614523
Saudi Arabia,2005,1.8082887711792655,7.334929240642817,2.04711664052592,-0.44192164511877946,9.678827062390875,4.526666440758838,1.1330452267976967,4.39417195958212,4.406159040878146,3.8889924567795786,1.099706911173199
Saudi Arabia,2006,1.8229350866965048,7.360134247455096,2.04711664052592,-0.44192164511877946,9.77358468524766,4.562232165089488,1.131039439984824,4.396925823568687,4.49919397724015,3.905423220362898,1.2412924318109138
Saudi Arabia,2007,1.8453002361560848,7.2508984244424,2.04711664052592,-0.44192164511877946,9.83070986316016,4.539765095534812,1.1581257554922941,4.399657807476471,4.552437088178409,3.859475092114877,1.1861785453702673
Saudi Arabia,2008,1.8794650496471605,7.266631382092919,2.04711664052592,-0.44192164511877946,10.013260320217416,4.5674544125009335,1.1601830381612515,4.402370085114291,4.565416692024189,3.9905901818828937,0.9226601349939483
Saudi Arabia,2009,1.8389610707123492,7.243315763119895,2.04711664052592,-0.44192164511877946,9.782358427985107,4.570289489241422,1.1381948316227102,4.4050648064032245,4.440983296364781,3.5447937518647654,0.1015159353906372
Saudi Arabia,2010,1.9213246735826988,7.276811361086175,2.04711664052592,-0.44192164511877946,10.00008736144119,4.575887199114245,1.162379260605304,4.407684230962153,4.413400354765322,3.6350073488776826,0.8263575568767955
Saudi Arabia,2011,1.9242486522741338,7.093137703971363,2.04711664052592,-0.44192164511877946,10.208275600274247,4.480241609472471,1.1586031254567282,4.409816733098009,4.43508664913834,3.895125419579612,0.6429181639671849
Saudi Arabia,2012,1.9430489167742813,7.024382438804526,2.04711664052592,-0.44192164511877946,10.265816795054077,4.5736612512228,1.1660405044979758,4.411963906579657,4.4035517793759595,3.858841302305089,0.6276057610887829
Saudi Arabia,2013,1.9198594718553708,6.971645003740229,2.04711664052592,-0.44192164511877946,10.235143409175432,4.538981686991372,1.1642651891153895,4.41409670412417,4.385165471226737,3.794533643975904,0.42506767303407067
Saudi Arabia,2014,1.9329696377795786,6.874387306527068,2.04711664052592,-0.44192164511877946,10.232988583524266,4.550516404201969,1.1638471497513627,4.416213752552956,4.3567102512749365,3.6969212567185616,0.19055618641169328
Saudi Arabia,2015,1.9329696377795786,6.2446426962994686,2.04711664052592,-0.44192164511877946,10.054325105243391,1.963831158216541,1.14293367920864,4.41831368997106,4.20626256891324,3.176293921046427,0.54520723912464
Saudi Arabia,2016,1.884034745337226,6.170894132186855,2.04711664052592,-0.44192164511877946,10.010893451696955,4.5715774728810326,1.1600370239401727,4.420395165479471,4.059091468504743,2.996041082651228,1.8754356313153686
Saudi Arabia,2017,1.9125010869241836,5.728108460597461,2.04711664052592,-0.44192164511877946,10.082858540412921,3.128815326901194,1.0854797855303089,4.422456838872195,4.08651363300645,3.1620121779865005,0.13637826325625876
Saudi Arabia,2018,1.884034745337226,5.662007493718603,2.04711664052592,-0.44192164511877946,10.28739072716928,4.560667743054723,1.1621710866641695,4.424497380318524,4.079280169725948,3.335245636933001,1.1201000384240138
Saudi Arabia,2019,1.8779371654691073,5.257765689349658,2.04711664052592,-0.44192164511877946,10.294407165395246,4.559537069405877,1.1604713365497923,4.426515470030931,4.039427525594701,3.1917339134183167,0.33983258708435166
Saudi Arabia,2020,1.8196988379172965,4.73736165704638,2.04711664052592,-0.44192164511877946,10.099828326361589,4.304056125927697,-2.3025850929940455,4.4285097979189825,3.8614275564382243,2.7713323568865147,0.20957793830231067
Syria,2005,0.5187937934151675,5.666019782091795,2.0998817938807504,-0.4200712604975265,7.335569876460284,4.5894760345292225,0.7419373447293773,3.9856956872669316,4.383687785282181,1.666162877712779,1.3172143826597646
Syria,2006,0.5423242908253617,5.6534121543742755,2.0998817938807504,-0.4200712604975265,7.449372035944307,4.592085356864256,0.5877866649021191,3.9900902933461806,4.306834586865022,1.641846259349752,1.4221837979102985
Syria,2007,0.45107561936021673,5.732616377340814,2.0998817938807504,-0.4200712604975265,7.569211249010028,4.589897181808449,0.4054651081081644,3.9943105198184403,4.3357124177097,1.5243007663664205,1.840103338852227
Syria,2008,0.3576744442718159,5.687348182695425,2.0998817938807504,-0.4200712604975265,7.795286294859493,4.5957497659159285,0.1823215567939546,3.9997746264261336,4.307140899935701,1.6481819406496019,1.7493834946779911
Syria,2009,0.37843643572024505,5.509270245035186,2.0998817938807504,-0.4200712604975265,7.808811324677352,4.597855339441407,-0.10536051565782628,4.007866958811008,4.093407877659514,1.0860901410014872,2.2619033099446755
Syria,2010,0.3148107398400336,5.4525702758867,2.0998817938807504,-0.4200712604975265,7.912282053739238,4.5948619523656244,0.3364722366212129,4.019911927172067,4.159041894103669,1.3434537952153722,1.6068140273308775
Syria,2011,0.37843643572024505,5.237114617866969,2.0998817938807504,-0.4200712604975265,7.9902867935235955,4.560660549114894,0.47000362924573563,4.068715088894907,3.9258488730273613,2.9376687831178616,1.0099778468714877
Syria,2012,0.23901690047049992,4.883751182631599,2.0998817938807504,-0.4200712604975265,7.548377433298401,4.468423775281331,0.6931471805599453,4.17576580056291,3.5658269748698235,2.609943070776816,2.140628901397855
Syria,2013,0.02955880224154443,4.662726705276631,2.0998817938807504,-0.4200712604975265,6.893547493938232,4.595980924291014,1.1314021114911006,4.291309068997528,3.8000910513848467,2.1010171866390146,0.5332584180533498
Syria,2014,-0.09431067947124129,4.376723792739388,2.0998817938807504,-0.4200712604975265,6.966581634409662,4.576351530452846,0.9932517730102834,4.330733340286331,3.9938688100113433,1.3242853438198317,2.251087332697705
Syria,2015,0.0769610411361284,3.7039906268476948,2.0998817938807504,-0.4200712604975265,6.742564113938302,3.7925728739765847,-0.5108256237659907,4.3274768161794,3.9335145551589523,0.6794021905063323,1.6237575091226524
Syria,2016,-0.12783337150988489,3.724859831159257,2.0998817938807504,-0.4200712604975265,6.48669274900035,4.447630823388514,0.26236426446749106,4.319539469851899,4.206361919857123,0.6154582788276909,-1.1331320404807705
Syria,2017,-0.06187540371808753,3.3725442863206467,2.0998817938807504,-0.4200712604975265,6.747001855066679,4.039347729038117,0.09531017980432493,4.311329986230324,4.111707159050008,0.6348369734131146,1.74027128923986
Syria,2018,-0.07257069283483537,3.3699489952331536,2.0998817938807504,-0.4200712604975265,7.001306516604892,4.565196783925482,-0.10536051565782628,4.30489259178921,3.9251188614403376,0.6297000051540513,2.243629896233843
Syria,2019,0.09531017980432493,2.8641310763063186,2.0998817938807504,-0.4200712604975265,7.011700127380201,4.564500392534466,0.0,4.301695786263229,3.7376570259092325,0.902660442884834,2.2053557125888283
Syria,2020,0.0,2.274023040445103,2.0998817938807504,-0.4200712604975265,6.34975993462439,4.430380944326902,0.09531017980432493,4.296094263215417,3.8026173258433813,1.3902975642693958,-1.123250295949755
Tunisia,2005,0.4054651081081644,5.398744212587046,2.0699267220384976,-0.41627330682476765,8.05414962842327,4.4579723057192995,2.653241964607215,4.177982187719255,4.502597424046979,1.333287029155129,1.5331512431989844
Tunisia,2006,0.3852624007906449,5.388615741170002,2.036177577874639,-0.42541274591786027,8.108493658902676,4.4609998434529565,2.6602595372658615,4.182370411428341,4.542666184844361,1.413120688996261,2.939287353950075
Tunisia,2007,0.43178241642553783,5.397660986586849,2.0046965862572357,-0.43417327224490804,8.223336556690532,4.461086709927031,2.6602595372658615,4.186619884710568,4.644961899326722,1.7078876640091434,2.068665872032179
Tunisia,2008,0.41871033485818504,5.375112146986566,1.9741171473173234,-0.44238846221276207,8.355861810666822,4.462302365030015,2.681021528714291,4.190678541983081,4.739208477031486,1.7810605116411418,2.457911024885685
Tunisia,2009,0.3920420877760237,5.294122186538236,1.9470070413042322,-0.4503578769989009,8.313874405508011,4.453758175697521,2.7788192719904172,4.194736049495554,4.532780969026075,1.2381793866159025,1.9684315039034643
Tunisia,2010,0.412109650826833,5.338169638860588,1.919290528043543,-0.4579169681105885,8.36447576606924,4.473049265073983,2.533696813957432,4.199124999388606,4.60667914530412,1.4178216795017593,1.7824676267005266
Tunisia,2011,0.3852624007906449,5.130724745486066,1.9268024576692604,-0.465055889521802,8.394041507789005,4.476568269508452,2.580216829592325,4.2034857514154975,4.606233413603605,1.6123236728297374,0.8081811155335591
Tunisia,2012,0.47000362924573563,5.027926091989221,1.9088859368357152,-0.4672873217515072,8.365734710094882,4.480662095985035,2.5649493574615367,4.2078204431379955,4.62055841680126,1.6227384327430612,1.9049699618819882
Tunisia,2013,0.412109650826833,5.03210029672919,1.891633262200875,-0.46952374440888467,8.382471023417434,4.478657923278458,2.580216829592325,4.212126919709851,4.594664763630795,1.4551697413345979,1.519021114598917
Tunisia,2014,0.4382549309311553,4.914771297217286,1.891633262200875,-0.46952374440888467,8.402675084868743,4.479622803285117,2.5572273113676265,4.215860833089586,4.565463234741275,1.2107731037814813,1.460689858763137
Tunisia,2015,0.494696241836107,4.324563235233732,1.891633262200875,-0.46952374440888467,8.29777960932586,4.311968489465605,2.5257286443082556,4.217753088949466,4.468760720363142,0.4867150846492322,1.4960451288466081
Tunisia,2016,0.3987761199573678,4.28797560410777,1.891633262200875,-0.46952374440888467,8.255257756555089,4.536245915292683,2.517696472610991,4.220423986039389,4.466972659463767,0.23723962818805389,1.139983122160195
Tunisia,2017,0.4574248470388755,3.899097893500337,1.891633262200875,-0.46952374440888467,8.193961996499317,4.593252068833402,2.468099531471619,4.223730845179155,4.562358692712188,0.39818188334255644,1.408804235014407
Tunisia,2018,0.412109650826833,3.8925294711821703,1.891633262200875,-0.46952374440888467,8.1964653843225,4.592998490936814,2.4765384001174837,4.227541874445389,4.643157680006792,0.6887452506240325,1.579205387171152
Tunisia,2019,0.4824261492442928,3.501762047254398,1.891633262200875,-0.46952374440888467,8.168733589827553,4.553493733061689,2.501435951739211,4.231503674630354,4.628228436670874,0.5082694464346372,1.4187081783629811
Tunisia,2020,0.34358970439007686,2.9584965607306914,1.891633262200875,-0.46952374440888467,8.174323553248167,4.558246931004931,2.5572273113676265,4.235617198342711,4.434777157061505,-0.08590922827526463,1.1759475203260996
United Arab Emirates,2005,2.1838015570040787,7.866458936862363,2.22149848020751,-0.3967531675061429,10.564093819920533,4.604964385839692,-2.3025850929940455,4.409304722484134,4.783758714044576,3.1756650205499946,2.497487476669097
United Arab Emirates,2006,2.1435893615035875,7.764561599263785,2.2342957037731797,-0.3940801632416008,10.699701228225297,4.602708184731757,-2.3025850929940455,4.41351194002435,4.783070898381817,3.2535874342552558,2.452465766442363
United Arab Emirates,2007,2.1198634561787513,7.683763054205871,2.249191325227887,-0.3912663887083514,10.733233689715018,4.602765551549236,-2.3025850929940455,4.415928039061728,4.9185065026540995,3.1662909837426616,2.406137781263616
United Arab Emirates,2008,2.167910189667444,7.6284842052650275,2.2642110801124304,-0.38816561103010316,10.820861099318172,4.603020713161612,-2.3025850929940455,4.418429636069717,5.000676159644202,3.2836534202412495,1.2515640378010304
United Arab Emirates,2009,2.0856720914304723,7.478774070410314,2.2797063106091144,-0.3847805169153317,10.540145499319603,4.559652671686295,-2.3025850929940455,4.420889102169853,5.033452616800707,2.9133970323431386,0.43364773170137005
United Arab Emirates,2010,2.1077860146889784,7.355885898769169,2.2095547426160045,-0.4067659538412124,10.709858389008817,3.88979302034913,-2.3025850929940455,4.423305683701824,4.908866167070753,3.121516012183102,1.7727376896518194
United Arab Emirates,2011,2.1090003439213802,7.197468757302024,2.1379197392668514,-0.42924563677356775,10.85749603236186,4.581787605750496,-2.3025850929940455,4.425678630315171,4.9710402331752,3.353409476569491,1.4159545133589717
United Arab Emirates,2012,2.096790180014449,7.121407250297234,2.068065732124306,-0.45192798251850513,10.880715561984998,4.589775228542152,-2.3025850929940455,4.428007194588997,5.0539354602206235,3.2982728605074287,1.6230224714890469
United Arab Emirates,2013,2.0794415416798357,7.113791271997439,1.998020345942713,-0.47497597087229343,10.882701269075223,4.588557911261625,-2.3025850929940455,4.430290631649519,5.058778163035266,3.2676303330815704,1.6031977384479794
United Arab Emirates,2014,2.0068708488450007,7.063701962829105,2.0230392715432113,-0.46920394907517116,10.872849478372409,4.3836945545538395,-2.3025850929940455,4.4325281987853,5.072141817481679,3.133181312956222,1.6857016132177858
United Arab Emirates,2015,1.9892432737616872,6.393731624789965,1.9764935724273933,-0.47948846845695065,10.712423225317446,3.115062922641424,-2.3025850929940455,4.4347191550600416,5.101609923746025,2.5728819980471465,1.5455238513747782
United Arab Emirates,2016,1.9615022438151495,6.420791974866843,1.9312996619979264,-0.4898798592505281,10.662448220922427,4.358304682766628,-2.3025850929940455,4.436862760922768,5.1083366683186275,2.4053001851872953,1.653231670085243
United Arab Emirates,2017,1.9286186519452522,6.010655914411185,1.8865840353285306,-0.5007102900248975,10.68587240404526,4.4190665792313615,-1.6094379124341003,4.438958277815245,5.108829447428922,2.6026580682445877,1.6718167820036314
United Arab Emirates,2018,1.81319474994812,5.919401802216298,1.8419731211823407,-0.5118261240995742,10.760778724346396,4.352463096294494,-1.2039728043259361,4.441004967776422,5.041791557705646,2.8390781419130247,1.5928858714860248
United Arab Emirates,2019,1.884034745337226,5.566023425858513,1.8419731211823407,-0.5118261240995742,10.735061161421374,4.542604476709583,-0.35667494393873245,4.4430020930437335,5.098781406137913,2.7525512786307686,2.123244776280265
United Arab Emirates,2020,1.8309801823813363,5.087708510675921,1.8419731211823407,-0.5118261240995742,10.54512429137497,4.5690909890151294,-0.10536051565782628,4.444948915651032,5.200108374181998,2.350908262678487,2.418037101939715
Yemen,2005,-0.4620354595965587,4.567112784498848,2.33214389523559,-0.36140037694606386,6.598726863811675,4.5916338676748385,-0.35667494393873245,3.362192438632784,4.340856736903271,3.7158647194752326,-1.3530168609905968
Yemen,2006,-0.4780358009429998,4.5624854110511395,2.3493381816984007,-0.35610367857044023,6.696680021509514,4.592150052914153,-0.2231435513142097,3.3754675005856214,4.407647629067567,3.6997755673833184,2.4719078160878336
Yemen,2007,-0.5108256237659907,4.535592009716313,2.324762593309733,-0.3563892704615717,6.791564963402834,4.591449350820624,-0.2231435513142097,3.3880835667182834,4.371008919286992,3.495382392697588,2.15061142971288
Yemen,2008,-0.527632742082372,4.5156820658180195,2.2996776446529243,-0.3565320969989851,6.976941575727528,4.591876725737093,-0.35667494393873245,3.4000188113220062,4.397465820331724,3.5212844847519413,2.454433395799823
Yemen,2009,-0.4620354595965587,4.504816915566386,2.2727700079148603,-0.35681781128664297,6.876515880489908,4.5926780525593065,-0.35667494393873245,3.4112516749269224,4.220557022310688,3.0262891079380316,0.49380609646870655
Yemen,2010,-0.4780358009429998,4.408556517165563,2.2442708666226703,-0.357103607230286,7.05203141063349,4.591276629654959,-0.2231435513142097,3.4217606617629093,4.164890576864272,3.0992385346988693,0.5776864309740546
Yemen,2011,-0.5621189181535413,4.095087700052609,2.2118140144696037,-0.35738948487660116,7.078742010177455,4.587889114769997,-0.10536051565782628,3.4315241396525344,4.144078058375948,3.1527004528204388,-1.2395857990098706
Yemen,2012,-0.5108256237659907,3.848851700810156,2.307225472550548,-0.33589240475620386,7.126931517082893,4.585341377672951,0.09531017980432493,3.440520140437541,4.116784838296408,2.8348738325487384,-0.040211345417425264
Yemen,2013,-0.4155154439616658,4.126453970401015,2.4088769551800766,-0.31416294970137826,7.228932591999647,4.590024377059308,-0.2231435513142097,3.448167439471741,3.9610393942298825,2.4081518265595725,-0.32475766552402036
Yemen,2014,-0.4780358009429998,3.88503830510957,2.2952247385877533,-0.3746934494414107,7.265544548577537,4.554087962240254,-0.2231435513142097,3.461433417183751,3.8762515792941667,2.197431001476535,-0.5160286379344834
Yemen,2015,-0.8209805520698302,2.6348802844816017,2.2952247385877533,-0.3746934494414107,7.216837093883102,4.0956707688261424,0.6931471805599453,3.477797798221495,3.41337819622066,0.5298114322020854,-0.036380227286200655
Yemen,2016,-0.9675840262617056,2.3580436081151173,2.2952247385877533,-0.3746934494414107,6.882806035893282,4.593658657482448,0.9555114450274363,3.4950277033959725,3.436614211873035,-0.3408230003015204,-1.3462137360340853
Yemen,2017,-0.941608539858445,1.866665164424547,2.2952247385877533,-0.3746934494414107,6.698472682259946,4.383319177875326,1.0986122886681098,3.5132958835864323,3.760499979311012,0.6514406616666802,-0.8851296159430943
Yemen,2018,-0.916290731874155,1.8776574521872773,2.2952247385877533,-0.3746934494414107,6.451871024494351,4.469812885494471,1.0647107369924282,3.5325356714754585,4.026740417463151,1.5737198561909036,-1.081884173240059
Yemen,2019,-0.8915981192837836,1.5380712875801599,2.2952247385877533,-0.3746934494414107,6.6140859914716374,4.393334320631573,1.0986122886681098,3.5526803970976193,3.8684984610087554,1.1850670326635155,-1.0873758675442955
Yemen,2020,-0.941608539858445,0.9034554770710557,2.2952247385877533,-0.3746934494414107,6.650497935496288,4.402845763282232,1.252762968495368,3.5752224077271797,3.825168083914474,1.0651715321204036,-1.0952984557516885
