country,year,is_imputed,middle50_share,ln_ef_prod,ln_ef_carbon,ln_ef_noncarbon,ln_gdp_per_capita,ln_palma,ln_urban_pct,ln_trade_openness,ln_co2_owid,ln_energy_intensity_eia,ln_gini_wid,ln_top10_share,ln_bottom40_share,ihs_fdi_unctad,ihs_renew_share_eia,ihs_oil_rents
Algeria,2005,0,0.4344,0.3920420877760237,-0.16120446717296422,-0.4638116831602834,8.08120703772858,1.5430234695350935,4.15355413138658,4.202308589107298,1.1966997899603273,1.3411311560093884,-0.5644022246693831,-0.7635696448564911,-2.3065931143915845,0.9300152036702934,0.3083463746407641,4.022600313511811
Algeria,2006,0,0.4344,0.4054651081081644,-0.13817136896683394,-0.4635436205110979,8.205399024144914,1.5430234695350935,4.165353276154969,4.188370462658701,1.1272190197106913,1.3569172273526666,-0.5644022246693831,-0.7635696448564911,-2.3065931143915845,1.2112898396252523,0.2485706292933252,4.078989129700507
Algeria,2007,0,0.4362,0.3987761199573678,-0.09021546525861139,-0.5511864157420325,8.335060024725827,1.4781689333786852,4.176985067042162,4.212801050968798,1.1460274762442915,1.3260789700292013,-0.5826797275339743,-0.7784872277269607,-2.2566561611056457,1.0287141228604835,0.3118083872142206,4.023051114372666
Algeria,2008,0,0.4378999999999999,0.3987761199573678,-0.06867480982170113,-0.5863221663874969,8.55273769696549,1.4168173769607808,4.188160988616322,4.26308109584547,1.1375307125468481,1.3936533569641305,-0.6011150951134516,-0.7931885347401716,-2.2100059117009523,1.17236842496706,0.29576270445888175,4.06447714231419
Algeria,2009,0,0.4396,0.4574248470388755,-0.05665870180979062,-0.45399881256538377,8.351240114228373,1.3573260558171851,4.197348379886735,4.163322507080528,1.1871501943641363,1.4085142315321308,-0.6197108624867631,-0.808109199029627,-2.165435254846812,1.3649179142120593,0.40161394502502884,3.68472977331231
Algeria,2010,0,0.4413,0.4574248470388755,-0.03518422635158897,-0.48682844428221406,8.499596443805036,1.3016385188237556,4.206534292421058,4.150901565508677,1.1806560697811184,1.3767723960814269,-0.6382802791191052,-0.8228003887868163,-2.1244389076105716,1.0723391851166206,0.5346720319880827,3.78443324933299
Algeria,2011,0,0.443,0.5007752879124892,0.016634826665844343,-0.4569278207208117,8.685468838592291,1.2473466487141736,4.2155941860275625,4.1306779373226385,1.2177300775893414,1.438727622154883,-0.6568152513125549,-0.837710631751298,-2.0850572804654717,1.0031062078386677,0.6509751435121325,3.9134617793944635
Algeria,2012,0,0.4186999999999999,0.5423242908253617,0.07507648335908804,-0.44311494274858854,8.70510722228401,1.4020665364019327,4.224526353247047,4.10689282466965,1.2814300001347538,1.4926672076336767,-0.5996568374726063,-0.7624972586947385,-2.164563795096671,0.619589583723484,0.616664733806187,3.811698392567576
Algeria,2013,0,0.394,0.5653138090500605,0.08125459353643426,-0.3925197700389611,8.696109187466437,1.5626457509273415,4.233329153377606,4.080093634357659,1.3041153439947382,1.4383333468021904,-0.5445547765101183,-0.6911491778972723,-2.2537949288246137,0.6851279741045991,0.40129080516963234,3.7321497473345073
Algeria,2014,0,0.394,0.5481214085096876,0.1029401319338958,-0.4754987764702151,8.715173822959517,1.5626457509273415,4.242001007451001,4.041708998393614,1.357930817022646,1.5193715395757845,-0.5445547765101183,-0.6911491778972723,-2.2537949288246137,0.5943789113022424,0.292879003687467,3.654788037681377
Algeria,2015,0,0.394,0.5481214085096876,0.12001896508919968,-0.5066978794039712,8.452133793801268,1.5626457509273415,4.250540393388956,3.9741452833700768,1.3878143054190948,1.5103874666634365,-0.5445547765101183,-0.6911491778972723,-2.2537949288246137,-0.30523801992522825,0.21291585602916968,3.158458827816732
Algeria,2016,0,0.394,0.47000362924573563,0.05766151949182825,-0.6149949298225272,8.395022233204992,1.5626457509273415,4.258945841331355,3.9072301940856415,1.35462011164683,1.465036072850428,-0.5445547765101183,-0.6911491778972723,-2.2537949288246137,0.8162814210638761,0.13318672934668502,3.000828449361915
Algeria,2017,0,0.394,0.4824261492442928,0.09364848729410939,-0.6504204209115685,8.423907819012364,1.5626457509273415,4.267215929128369,3.9084328921016644,1.3772248067691941,1.461818615707762,-0.5445547765101183,-0.6911491778972723,-2.2537949288246137,0.6112243137627635,0.35735080074046777,3.192704685451611
Algeria,2018,0,0.394,0.5766133643039938,0.11847349767308536,-0.4243070651289943,8.428844984934631,1.5626457509273415,4.275349277988491,3.959596576093863,1.4120797910020164,1.5051457733592606,-0.5445547765101183,-0.6911491778972723,-2.2537949288246137,0.7011279877525849,0.4088199165799655,3.4631371436903526
Algeria,2019,0,0.394,0.5653138090500605,0.13471511182888038,-0.4848505262714854,8.40479763642708,1.5626457509273415,4.2833445482744965,3.839599454631202,1.4383123341144595,1.5394022068926827,-0.5445547765101183,-0.6911491778972723,-2.2537949288246137,0.6608396407895863,0.45673240622984645,3.343551236080468
Algeria,2020,0,0.394,0.494696241836107,0.02958205862428443,-0.49433559201661004,8.227787488311003,1.5626457509273415,4.291200435439361,3.6985762023855515,1.3573274931506822,1.5357870928504689,-0.5445547765101183,-0.6911491778972723,-2.2537949288246137,0.6444550048449342,0.35693365108774,2.897677162341566
Bahrain,2005,0,0.3426,2.1198634561787513,2.097323594358257,-1.683855207066159,9.796245589385588,2.2909280084518326,4.512705773659377,4.999328445989529,3.2678820418870114,2.4702414037778553,-0.37309472807771366,-0.515838165589535,-2.8067661740413676,2.58140307737235,0.0,3.694143380982091
Bahrain,2006,0,0.3593999999999999,2.134166441369082,2.109604833000498,-1.5846599171101854,9.866163735121754,2.1623313504311694,4.529569180974011,4.991141050514054,3.1849345620592153,2.472402776853644,-0.40346710544549125,-0.5542551816933267,-2.7165865321244964,3.4427224093437165,0.0018743245969589535,3.707668273743614
Bahrain,2007,0,0.3779999999999999,2.1102132003465894,2.088779222599714,-1.7432625171997056,9.947906474580243,2.030114529832365,4.548181816543899,4.925694866281595,3.226067979209655,2.41909357999316,-0.43773006869543973,-0.5982007032509916,-2.6283152330833564,2.1257692867487528,0.007910618652425906,3.6377840406987616
Bahrain,2008,0,0.3984999999999999,2.124653884501384,2.1033198788899856,-1.7334471259709112,10.056187149109965,1.8891771313719448,4.56794731543279,4.982801579569548,3.27125124954152,2.404652351114511,-0.4770685269678572,-0.6491302951431709,-2.5383074265151158,2.9992174952187916,0.0,3.7701414771008173
Bahrain,2009,0,0.4211,2.0347056478384444,2.01325222761897,-1.817873080820892,9.87638939526007,1.7377884711957654,4.588306642256684,4.770377165420986,3.1685353395717613,2.369582215458844,-0.522392260137456,-0.7086669922179821,-2.4464554634137476,0.9368262511033135,0.09844512568687828,3.3640087674908563
Bahrain,2010,0,0.4089,2.0719132752590443,2.05580039384423,-2.0642685867803743,9.990551512342877,1.811837670803088,4.605170185988092,4.749802738526866,3.1788968082755265,2.342236897306755,-0.4985677263704886,-0.6770770003824509,-2.488914671185539,0.5515995615773178,0.1002720173630886,3.545589674692118
Bahrain,2011,0,0.3972,2.081938421878423,2.066827303680366,-2.1179321244198497,10.127941715596767,1.8829497072926515,4.605170185988092,5.12116029701738,3.163534305358022,2.312511085529575,-0.4764241970486583,-0.6477914788391481,-2.5307411861317997,0.32428629513746327,0.07035535760114396,3.8462564548625435
Bahrain,2012,0,0.3859999999999999,2.1102132003465894,2.0948677585814686,-2.0743865112415643,10.182583115817266,1.952627845525221,4.605170185988092,5.186402198356274,3.107489367414992,2.34681121879886,-0.4557063245449111,-0.6204544951665045,-2.573082340691726,2.278541700954632,0.0,3.6941882018571848
Bahrain,2013,0,0.3753999999999999,2.1234584270966104,2.1070507314507205,-1.9947390110781764,10.203212818045428,2.0208134719378243,4.605170185988092,5.218134488627381,3.2124319878734573,2.401488935413466,-0.43618208077022474,-0.5951134402885799,-2.615926912226404,3.094911279311838,0.008742574349712002,3.7318425804396553
Bahrain,2014,0,0.3651,2.1102132003465894,2.0931586803118667,-1.9696419463837285,10.183079358032531,2.086548892138488,4.605170185988092,5.127385845171887,3.160837390982997,2.350513938706993,-0.4177907577988012,-0.5712835928031046,-2.6578324849415926,2.180751483867405,0.005599266952136131,3.631470936498641
Bahrain,2015,0,0.3552999999999999,2.061786606441115,2.0443384519780223,-1.9954461832561992,10.07466622038898,2.1510351948668447,4.605170185988092,4.996644951873587,3.16731457879533,2.3345316656640427,-0.40047756659712525,-0.5490468365861885,-2.700082031453033,0.19869011034924158,0.00014751722469173901,2.9806313014897143
Bahrain,2016,0,0.3552999999999999,1.9837562915454279,1.966566111219874,-2.088243455551493,10.077440920190279,2.1510351948668447,4.605170185988092,4.889017399027653,3.096876899825683,2.294869483719377,-0.40047756659712525,-0.5490468365861885,-2.700082031453033,0.6689742267542796,0.0,2.7294504921725142
Bahrain,2017,0,0.3552999999999999,1.9892432737616872,1.9703985469475387,-1.9916864416985993,10.117984604438433,2.1510351948668447,4.605170185988092,4.9158060905471945,3.1005819437524913,2.2707053416623157,-0.40047756659712525,-0.5490468365861885,-2.700082031453033,2.052634951631427,0.024646949128365736,2.886568559408252
Bahrain,2018,0,0.3552999999999999,1.9837562915454279,1.965672917997715,-2.0380341213110937,10.178251797525215,2.1510351948668447,4.605170185988092,4.970336583295684,3.0834422814442113,2.266623489476442,-0.40047756659712525,-0.5490468365861885,-2.700082031453033,2.1374690292891096,0.1024086018476416,3.1278115545032845
Bahrain,2019,0,0.3552999999999999,2.0681277817795625,2.0505844088447507,-1.983710091908587,10.213166309019025,2.1510351948668447,4.605170185988092,4.908362919280133,3.2315640675840407,2.3355299152549818,-0.40047756659712525,-0.5490468365861885,-2.700082031453033,2.021866465928746,0.04365865859208388,2.9830024880354236
Bahrain,2020,0,0.3552999999999999,2.0241930674493576,2.0068986531346313,-2.041813378967733,10.099993223126496,2.1510351948668447,4.605170185988092,4.90868366537505,3.228331379874638,2.386049470019692,-0.40047756659712525,-0.5490468365861885,-2.700082031453033,1.7699138590210473,0.0,2.6001265991418934
Egypt,2005,0,0.3951,0.04879016416943204,-0.3689862545206328,-1.025645085878997,7.008088465194653,1.6215882461565885,3.7601979192659085,4.1423827967720985,0.7219025533423439,1.3710001298861834,-0.5286502086785426,-0.6829988495081302,-2.304587095664719,2.4394912403065434,1.0030215472579764,3.167328955325682
Egypt,2006,0,0.3954,0.0769610411361284,-0.3448848714421726,-0.9896732986773445,7.169333851821893,1.6221947128970775,3.7605719921399205,4.119338536006669,0.7687435873022541,1.3630389938342355,-0.5281413459756786,-0.683394889117267,-2.3055896020143445,2.928175578082686,1.0037486791206756,3.1570828222962914
Egypt,2007,0,0.3957999999999999,0.10436001532424286,-0.28010991729967266,-1.037613164694164,7.344552184516525,1.622603871616405,3.760571235069843,4.175584602876564,0.8087108663915137,1.3486808680465832,-0.5276327420823718,-0.6839892427751796,-2.3065931143915845,2.8665851346992,1.170675390087134,3.0731558260630365
Egypt,2008,0,0.3961999999999999,0.12221763272424911,-0.2541297358152112,-1.0373041552732083,7.5476155701575065,1.6242174904282365,3.760290374378515,4.272220492805057,0.8246250787071522,1.3298853929566608,-0.5272938164732979,-0.6843856748913724,-2.308603165319609,2.451536089318317,1.0863769364023113,3.2168424375061573
Egypt,2009,0,0.4009,0.09531017980432493,-0.28450431270187776,-1.05666580525333,7.678622307960792,1.5638634018197777,3.7597652975897917,4.035186113816572,0.8525365430675483,1.3363651527392817,-0.5454170685356098,-0.7023897619268779,-2.266253163746655,1.9847752352320862,0.9618878283115035,2.5316820848148214
Egypt,2010,0,0.4054999999999999,0.09531017980432493,-0.26088324758629755,-1.1097870656255204,7.8059154190820585,1.50510567450184,3.7590050933242334,3.869874090825985,0.8209109976509775,1.3236541719724249,-0.5636991133730588,-0.7205183773560774,-2.2256240518579173,1.8121028582817662,0.9997299086708927,2.701540814279494
Egypt,2011,0,0.4064,0.12221763272424911,-0.2369133117111349,-1.0760478530513624,7.859661714116598,1.55036406060309,3.7580187079835436,3.812327174270144,0.8893308790359241,1.365510559174279,-0.5511269205395163,-0.7139623202738653,-2.2643263808769554,-0.2084863500741288,1.0202917006937158,2.9722034337617558
Egypt,2012,0,0.4075,0.131028262406404,-0.22190048293695538,-1.0817406379184746,8.005055943581183,1.5979377352515176,3.75681496645023,3.7065172219514615,0.8247279219007004,1.3759972796214948,-0.5387108272555263,-0.707651866762827,-2.3055896020143445,1.5213531182383162,1.0729790669954948,2.82294602336559
Egypt,2013,0,0.4021,0.10436001532424286,-0.25948099400543273,-1.0830890108131883,8.014840119179505,1.6184968571228522,3.755402591757855,3.6981621873301154,0.8320850878592658,1.348417911663985,-0.53102833108351,-0.6951491832306184,-2.3136460403534707,1.2329753895597169,1.1094585809553337,2.7549891357445477
Egypt,2014,0,0.3969,0.0769610411361284,-0.2912461930586718,-1.1006092838329846,8.049871090906265,1.6385710627040424,3.753790223812495,3.6087584961175776,0.845922557949354,1.2966642669632227,-0.5237420156992175,-0.6831968497067772,-2.3217679124108197,1.2112898396252523,1.122525103126642,2.618831898003105
Egypt,2015,0,0.3919999999999999,0.058268908123975824,-0.3095658744660723,-1.1201386269057132,8.103791147239484,1.657983344461639,3.751986437235936,3.550936716083312,0.8222891035427893,1.258819171887774,-0.5166760374441662,-0.6719729453285388,-2.3299562897901778,1.5213531182383162,1.1613528905330524,1.8357792019361845
Egypt,2016,0,0.3957,0.058268908123975824,-0.3118823147617104,-1.1149480233445408,8.092737531895827,1.630032462163273,3.749999758391813,3.4093820970253397,0.8804434263777031,1.2313295446774422,-0.5250935955636955,-0.6826029666842742,-2.312635428847547,1.8184464592320668,1.1778769271419995,1.5900601084073
Egypt,2017,0,0.3993,0.10436001532424286,-0.2476639436081492,-1.1105499568205586,7.781181654214874,1.6036558207592193,3.748293952702234,3.7572886236371223,0.8933626815277094,1.2463823384414339,-0.5332416630503228,-0.6929472005572791,-2.296603021316498,1.992835764939741,1.0908114740371293,2.1250236526108077
Egypt,2018,0,0.3983,0.06765864847381486,-0.29717286532386017,-1.1175369668479047,7.817908477192321,1.6032681247263028,3.7485087041238687,3.826705168282313,0.8281021531634851,1.167543696842797,-0.5327304591540405,-0.6913487986185659,-2.294616923344869,1.8496036794731785,1.1972549123864078,2.401862448639685
Egypt,2019,0,0.3974,-0.040821994520255166,-0.4048748246319218,-1.2277885107798219,7.99395380819095,1.603872404130644,3.749061689462842,3.71659230983608,0.7775929191121939,1.0596336844178447,-0.5322195164536632,-0.6897529474919297,-2.2936253516225737,1.7190518512089272,1.449066335816914,2.0656792623734614
Egypt,2020,0,0.4016999999999999,-0.020202707317519466,-0.41256499548125436,-1.1455472151521207,8.163688590984506,1.5425436776040702,3.749931125039387,3.4696736262415864,0.8124101871854936,1.0642575419789788,-0.5493932169152491,-0.7074489652708049,-2.2499926428748753,1.1947632172871094,1.5614018705927588,1.3781242744279734
Iran,2005,0,0.3953,1.0116009116784799,0.716496309657189,-0.35275080784534835,8.04944328277749,1.9457211667245986,4.217607078466462,3.9971082751620464,1.8716101584672318,2.051382820679372,-0.46664926143316193,-0.636577829072051,-2.58229899579665,1.0538247603460846,0.8841788225654857,4.146797336476741
Iran,2006,0,0.3951,1.0543120297715298,0.7686541071704818,-0.33807948071882227,8.193929816232913,1.9415717474567153,4.224058877702384,3.9734446500435703,1.9208109252383716,2.0600945894235485,-0.46744690046404563,-0.6367668471238376,-2.578338594580553,0.7712374333598079,0.9101464896945411,4.145231690942814
Iran,2007,0,0.3873,1.1085626195212777,0.8379994409907888,-0.33092028950972635,8.452759552801167,1.9989997575778682,4.231293710857476,3.9097666001111544,1.9178546776740342,2.00524214367757,-0.45318584431957604,-0.6169271546485361,-2.615926912226404,0.5342240739536623,0.8482532494563461,3.956415166044471
Iran,2008,0,0.4132,1.0508216248317612,0.8493830028855966,-0.6504780772764709,8.589962404901545,1.690120038595155,4.23958433327658,3.8759688511334645,1.9457754256948145,2.054256906880817,-0.5274632649190139,-0.7023897619268779,-2.3925098005220327,0.4451517591476823,0.3426570696444726,4.1133020854607425
Iran,2009,0,0.4307999999999999,1.0577902941478545,0.8416274492455996,-0.5800681972994353,8.59702470242646,1.762148707203371,4.248353472512962,3.7773384962054872,1.9611173033497016,2.1023433005447956,-0.5235731965884932,-0.7219582624140649,-2.484106969617436,0.6362049697957393,0.3430914559123707,3.5590834334787056
Iran,2010,0,0.4014,1.0818051703517284,0.8506565789251191,-0.4962384017722344,8.746906226190578,1.8167337295566661,4.257161335290456,3.7789633583631,1.9813485810299785,2.069282791125188,-0.4911864085136422,-0.6637825719300413,-2.4805163014867073,0.652666566082356,0.49082387533833105,3.7006691737766175
Iran,2011,0,0.4506,1.0715836162801904,0.8647415510152064,-0.6058551464859784,8.990402605842695,1.5638288032140129,4.265549712087615,3.7189093781722504,1.9951276096757147,2.034894905634366,-0.5764313808639844,-0.7889975062167794,-2.3528263094307924,0.619589583723484,0.5347238766755263,3.800538813069233
Iran,2012,0,0.4112,1.0715836162801904,0.8651704151233244,-0.6077236354464606,9.001356226255238,1.7282214484240672,4.2733740868323435,3.7862181814044287,2.0215983699172733,2.074497328503726,-0.5171790977381658,-0.6931471805599453,-2.4213686289840126,0.6689742267542796,0.47870070961822503,3.6068903745977
Iran,2013,0,0.4081,1.0885619528146082,0.8820826787118605,-0.5904571503150507,8.735965916314798,1.6051864635767423,4.28086683021071,3.851990963790245,2.026256419440236,2.1395662569536773,-0.5421443070234179,-0.7074489652708049,-2.312635428847547,0.5078824133107676,0.48964318841436993,3.7503658750081517
Iran,2014,0,0.4185,1.0986122886681098,0.8809193402793205,-0.532930074934568,8.643308303861676,1.5948571016980653,4.288161007780102,3.814441491204599,2.067423956402897,2.154404954336928,-0.5506064937778352,-0.7269108107127544,-2.3217679124108197,0.4360496688517407,0.4175919203200732,3.7493695781751395
Iran,2015,0,0.431,1.075002423028976,0.8407788566763413,-0.4913037506208397,8.507694936536325,1.494120674084206,4.295326214208554,3.6743389682945042,2.0502799455415013,2.2045312819845537,-0.5814269309495373,-0.7663632428912044,-2.26048391697541,0.47224971302638247,0.42506227485634973,3.2016645525515157
Iran,2016,0,0.4432,1.0715836162801904,0.8081708179918258,-0.39126625884237676,8.650079283284938,1.4592792538763797,4.302436876617317,3.6858057795594954,2.0401759135178907,2.16623686022129,-0.5969283228194024,-0.7945156749482342,-2.2537949288246137,0.6689742267542796,0.4517850382384157,3.0830481146456674
Iran,2017,0,0.4331,1.1151415906193203,0.8601146955571214,-0.3760496461623998,8.699670313449975,1.602890207131801,4.309471856793467,3.764814347143622,2.102968963503905,2.1628018921811565,-0.5546033711118862,-0.7509881802497953,-2.353878387381596,0.881373587019543,0.3544451080815629,3.3767352324945543
Iran,2018,0,0.425,1.1019400787607843,0.8307445920292242,-0.33551044749464304,8.472825475206632,1.6136176468368084,4.3148637214954615,4.036280143041168,2.043351471944576,2.222511739537817,-0.5492200117533023,-0.7350113846586441,-2.3486290314954523,0.709070440986388,0.42185235715106517,4.01362899805614
Iran,2019,0,0.4337,1.1568811967920856,0.9109866875567957,-0.36640064738628886,8.293422829937198,1.553076183476091,4.320202930941841,3.883454199980319,2.1227940916421346,2.291186187812331,-0.5686313058623776,-0.7605698568773795,-2.3136460403534707,0.48121182505960347,0.703566728301227,3.6933938860969597
Iran,2020,0,0.4386,1.144222799920162,0.9016394305614909,-0.39102797709998904,8.071687044706623,1.4635625343032748,4.325438299450957,3.7815604417674598,2.1399943962151786,2.2907010926747247,-0.5965650827137011,-0.7854817917627412,-2.249044326066016,0.40854020782980777,0.4488894275492955,3.2803213891154845
Iraq,2005,0,0.3697,0.058268908123975824,-0.1574316876839173,-1.581507489795461,7.474428166472363,1.9720949280503803,4.225247460365266,4.7513682443119665,1.3920164586492345,1.6934304785925995,-0.4402118444379992,-0.5918549290780729,-2.563949857128453,0.9024284955304616,1.582719292281092,4.870014938014342
Iraq,2006,0,0.3697,0.06765864847381486,-0.19993562070253912,-1.3814400188691516,7.730418332126873,1.9720949280503803,4.227695661714701,4.495918998787009,1.2394992211928908,1.6182525031001318,-0.4402118444379992,-0.5918549290780729,-2.563949857128453,0.560231076410928,1.781845330522124,4.8451169471755815
Iraq,2007,0,0.3697,0.02955880224154443,-0.25547573637977233,-1.3647204785967115,8.048465580765402,1.9720949280503803,4.229988989120441,4.3053190783319915,0.7706878222137555,1.5093674573918763,-0.4402118444379992,-0.5918549290780729,-2.563949857128453,0.9436034286108381,1.7706555517670157,4.662157202810307
Iraq,2008,0,0.368,0.09531017980432493,-0.1251710474414267,-1.5248484798268471,8.421335401602189,1.9201207541723992,4.232031627395048,4.39513463901489,1.1805597350207924,1.5553351132343665,-0.45020100194955576,-0.5956575592826882,-2.5157783134550873,1.1947632172871094,1.4654453848327829,4.707434828979281
Iraq,2009,0,0.3663999999999999,0.09531017980432493,-0.13976650353692718,-1.4677701836272474,8.220056446711109,1.8742628753407649,4.233732997903454,4.365482771774657,1.2528364800790395,1.70731229695624,-0.45965733719159113,-0.5991105386335623,-2.4733734139743273,1.04133079200879,1.5795843816745467,4.359806159181876
Iraq,2010,0,0.3648,0.23111172096338664,-9.38669421645679e-05,-1.3467127033580257,8.403296784387633,1.8327640954719482,4.234951007872769,4.297251114749815,1.3006035663230893,1.6750270578354827,-0.46840490788203853,-0.6022101855678432,-2.4349742810397914,0.8884270067337182,1.799409734012986,4.460422062307736
Iraq,2011,0,0.3633999999999999,0.23901690047049992,0.0074483899198852285,-1.3374135274437389,8.661387434150706,1.7961647626959714,4.235919691475492,4.279042851007464,1.3456807563433175,1.6370244685183064,-0.47658524061128993,-0.6051363032372319,-2.4013010659332035,0.8884270067337182,1.6936028840820565,4.623624346187147
Iraq,2012,0,0.3923,0.3074846997479607,0.06244229851945943,-1.2188598613221266,8.776104761343317,1.8204658624069143,4.237321929205014,4.29876301593786,1.3819779588445227,1.6543423192433602,-0.4812668215244463,-0.6481738149172142,-2.4686396773241284,1.2275909583814146,1.8513235502273868,4.597463325584603
Iraq,2013,0,0.4379999999999999,0.3220834991691132,0.0809382613362523,-1.218423213806428,8.8024251882536,1.4302450965746771,4.240527157849398,4.21079364796377,1.3903705421945056,1.6351031650307764,-0.5972916949164239,-0.7907600094269457,-2.221005106001623,-0.881373587019543,1.765494397033331,4.507267888406626
Iraq,2014,0,0.4225,0.2468600779315258,-0.02237396162221685,-1.1969127159702098,8.74023950116899,1.5298976725362075,4.243721926792421,4.233852658713055,1.3250335291521895,1.5793562866566935,-0.563874844855806,-0.7450722534248647,-2.2749699259610723,-2.200633536094086,1.6372922266301448,4.5349454820836606
Iraq,2015,0,0.4065,0.1823215567939546,-0.1171559576473591,-1.1693989814152328,8.398441612691235,1.6328725049818444,4.247359234139043,4.242646293080609,1.333598610065362,1.403526624476639,-0.5306882528622423,-0.7001717954969098,-2.333044300478754,-2.2179883775515714,1.772158674950626,4.311181616392094
Iraq,2016,0,0.3901,0.25464221837358075,-0.04643523985536034,-1.092510085968074,8.374343307984388,1.7408516798568439,4.2472427126184025,3.9998199439092805,1.3814321597534474,1.4848307787210535,-0.49774488422746027,-0.6560440926084431,-2.396895772465287,-2.0322246215338136,1.5599368511360499,4.1888252496148315
Iraq,2017,0,0.3732,0.3074846997479607,0.053727733088687224,-1.1880904911025882,8.467852650962367,1.8536073892547669,4.246986262956787,4.09068641924042,1.4486436125544144,1.8984781779269368,-0.4648966918775909,-0.6126737964100685,-2.4662811856648355,-1.7155730402852394,0.9106559451314457,4.354828454917623
Iraq,2018,0,0.3559,0.3220834991691132,0.09682958747519056,-1.2789572279780927,8.638824691468628,1.9733385961210141,4.246729611191372,4.186647068509286,1.531089269023072,1.8373694265124199,-0.43232256227804705,-0.5700449834259619,-2.543383579546976,-1.5087732739278519,0.8078141782482027,4.516804985437682
Iraq,2019,0,0.3381,0.412109650826833,0.18888577904956816,-1.197007044253274,8.643271832226086,2.1017294520902725,4.246612607269432,4.233960673968556,1.5380881943362585,1.8817932147922032,-0.39988072981426376,-0.5279717826009612,-2.629701234691234,-1.1947632172871094,1.1602072390528624,4.387946363853739
Iraq,2020,0,0.3198,0.3293037471426003,0.07337626405026038,-1.1587935064188006,8.365250943157374,2.2407747532012876,4.246612279679175,4.05599029111534,1.4076222951323374,1.9035266042208292,-0.36759145568008283,-0.48645826731769626,-2.727233020518984,-1.2383354782289722,1.2789421358840078,3.9906214470226047
Jordan,2005,0,0.3975999999999999,0.26236426446749106,0.11049669116394142,-1.697355082966406,7.643900066214431,1.7979706693206958,4.361978586705517,4.989812607413674,1.2378089408620938,1.5658199400908694,-0.48857501483117083,-0.6600993265137449,-2.4580699958344407,3.4214138519761965,0.8472863327026562,0.002994169233343635
Jordan,2006,0,0.3957999999999999,0.20701416938432612,0.058070855695627165,-1.770722810801023,7.759031470625987,1.815125018184267,4.366349545941225,4.954046472110128,1.1758033959295902,1.5177724135174713,-0.48369695637773796,-0.6546959941856925,-2.4698210123699593,3.821264254254543,0.5708998033846008,0.0033669483307889538
Jordan,2007,0,0.3909999999999999,0.1823215567939546,0.05030779012334187,-1.90780834940481,7.82652533273271,1.8133819332412207,4.3736898182273745,4.983567211949086,1.1563987848526707,1.3979606835962872,-0.48288625507674926,-0.6470272449463921,-2.460409178187613,3.3929504479192594,0.1588853838656656,0.0032269857814562217
Jordan,2008,0,0.3866,0.10436001532424286,-0.024878917385715748,-2.005655998229925,8.08383848296227,1.812260235102739,4.383639041805988,4.948142153241409,1.0994547337116143,1.2817175718088434,-0.48223816691407806,-0.6399856324457129,-2.452245867548452,3.218076784695796,0.383246848133307,0.004796525874376888
Jordan,2009,0,0.3808,0.11332868530700327,-0.0409184099450766,-1.8320031663324754,8.142014899823625,1.800453532684642,4.395827810022743,4.7198550779016415,1.104184468531736,1.2711406483904304,-0.48142864691520315,-0.632240245656424,-2.4326937783410663,2.9811633492093277,0.384443727884921,0.002231803278180116
Jordan,2010,0,0.375,0.10436001532424286,-0.061143022816345094,-1.7760161888175372,8.221066420315845,1.7889622646069938,4.409886280437058,4.738149856265422,1.0493250509781022,1.2854035513289208,-0.4807815024176139,-0.6245543890943336,-2.4135166537013273,2.527317223016141,0.7432291805075935,0.0022248552016109016
Jordan,2011,0,0.3989,0.12221763272424911,-0.03316454221681129,-1.816335224887478,8.280674347994536,1.6968072632954605,4.425451291917333,4.776596601542907,1.0515406669583012,1.3026949444102305,-0.5116593045145681,-0.6772738314036552,-2.3740810946991155,2.3183049174437627,1.3770907338763216,0.0022986476799279434
Jordan,2012,0,0.4039,0.23111172096338664,0.07909987802047097,-1.7277284162330466,8.33555253089088,1.6767680605092674,4.4421718823611585,4.7694600417939155,1.15447503386221,1.3380008348628205,-0.5196982022695891,-0.6887568322586525,-2.3655248927679198,2.290634190589102,0.7135517227659348,0.0024752264605888384
Jordan,2013,0,0.4091,0.14842000511827322,0.0038082704740660983,-1.8567174776982311,8.368976012501587,1.6575231065355625,4.459713234505868,4.713589769900552,1.1021746027528998,1.3041580007255096,-0.5279717826009612,-0.7005746963887419,-2.3580978029243043,2.4325437636156813,0.40249164626661454,0.0019126772353574247
Jordan,2014,0,0.4091,0.11332868530700327,-0.04407698588389625,-1.8132709205115147,8.340737715680502,1.6575231065355625,4.477759173374377,4.699923897674764,1.0906069983299684,1.2972886581118863,-0.5279717826009612,-0.7005746963887419,-2.3580978029243043,2.4768749265675867,0.44064477812531966,0.001619987194078877
Jordan,2015,0,0.4091,0.01980262729617973,-0.15475384714810606,-1.8117133042701652,8.304682109774202,1.6575231065355625,4.4985659994467255,4.557637309481304,0.9943616753592482,1.3472092139896765,-0.5279717826009612,-0.7005746963887419,-2.3580978029243043,2.13046516549872,0.6840409656432711,0.0004299110300338884
Jordan,2016,0,0.4091,-0.07257069283483537,-0.24808666935004475,-1.899070638973321,8.290723306510515,1.6575231065355625,4.506042737091619,4.485493434707624,0.9136303963174689,1.3807372450183941,-0.5279717826009612,-0.7005746963887419,-2.3580978029243043,2.0676824939234626,0.8952234995280184,0.000250812590834291
Jordan,2017,0,0.4091,-0.030459207484708574,-0.1839639906214991,-1.980253522113945,8.310320618730112,1.6575231065355625,4.5095010124390935,4.496822998074281,0.9354284322730818,1.3825310972945626,-0.5279717826009612,-0.7005746963887419,-2.3580978029243043,2.2886286964057576,1.0155003927217032,0.00021179465597608293
Jordan,2018,0,0.4091,-0.10536051565782628,-0.2725675903408043,-1.976321665575884,8.329764189014949,1.6575231065355625,4.5130646109582475,4.473190904680351,0.8877241652040411,1.327208711937442,-0.5279717826009612,-0.7005746963887419,-2.3580978029243043,1.529660495090404,1.4413729159005322,0.00098051578856079
Jordan,2019,0,0.4091,-0.16251892949777494,-0.3526866985699341,-1.915945045009987,8.335698748552389,1.6575231065355625,4.516513454244482,4.450710849322783,0.8339039322959725,1.2894986002169515,-0.5279717826009612,-0.7005746963887419,-2.3580978029243043,1.2699945491027202,1.7500741870342535,0.0007877313314743769
Jordan,2020,0,0.4091,-0.2876820724517809,-0.5116274336741246,-1.8939191588217041,8.299544549301578,1.6575231065355625,4.519848351454527,4.190562645044177,0.6407689820872513,1.185394403536178,-0.5279717826009612,-0.7005746963887419,-2.3580978029243043,1.3209256657196413,2.1296542058452195,0.00046772031740592546
Kuwait,2005,0,0.3806999999999999,2.329227023940467,2.3088721829090906,-1.5753696401849038,10.494674382379204,2.0204965429891657,4.605170185988092,4.524422931200713,3.507300321654819,2.044356140277365,-0.4304752711123321,-0.6036721741323424,-2.624168717121508,0.2860817145744824,7.659023835910171e-05,4.6694806567602365
Kuwait,2006,0,0.3806999999999999,2.3263016196113617,2.3057593134163414,-1.5692207533295235,10.667713633553724,2.0204965429891657,4.605170185988092,4.496616724946142,3.4729804103710338,1.9647598927048286,-0.4304752711123321,-0.6036721741323424,-2.624168717121508,0.1197138503987775,0.00013654657373908093,4.625842078057676
Kuwait,2007,0,0.3806999999999999,2.322387720290225,2.3015846684971946,-1.5606513559330155,10.730059535707143,2.0204965429891657,4.605170185988092,4.518876770020088,3.4281868990613056,1.9675754030763586,-0.4304752711123321,-0.6036721741323424,-2.624168717121508,0.09983407889920765,0.00014563568682634512,4.567679980308518
Kuwait,2008,0,0.3803999999999999,2.3350522831315472,2.3170260339936615,-1.6898735999851324,10.925672058680453,2.0008938766678113,4.605170185988092,4.529189991182949,3.460969122231697,2.013761044320191,-0.431860419467696,-0.6055026707078989,-2.6063965473757102,0.0,7.091992358327025e-05,4.661475276689758
Kuwait,2009,0,0.3800999999999999,2.2793164660546914,2.26059886114676,-1.7083184976484713,10.542893712100145,1.9800839534338348,4.605170185988092,4.486511247924058,3.4587409639078217,2.156890417511628,-0.4334017268011871,-0.6075200945925081,-2.5876040480263427,0.9162907318741551,6.0360785244834696e-05,4.353145724427079
Kuwait,2010,0,0.3797,2.2502386126218363,2.2297116876021263,-1.6460251325238118,10.576744533579513,1.9568250664076376,4.605170185988092,4.574999819877546,3.4171483196718695,2.1667838887715485,-0.43509991323785513,-0.609725572420873,-2.566550638828511,0.970377330971082,6.173977253040121e-05,4.568418938548308
Kuwait,2011,0,0.3792999999999999,2.247072383063787,2.2220879961195634,-1.4548979728342217,10.803030955112797,1.9310787868311317,4.605170185988092,4.596295852964958,3.3257088159018653,2.127314085610788,-0.43695577519953516,-0.6123047927158445,-2.543383579546976,1.4960482832816315,0.0004758686755033431,4.760004272820703
Kuwait,2012,0,0.3787999999999999,2.21046980408624,2.1870483391265556,-1.5553204427392964,10.861979600829699,1.9031809843297647,4.605170185988092,4.6152337292842915,3.4120247535449524,2.118920614817268,-0.4391253096007995,-0.6150756451397896,-2.5182566294695543,1.2751890808989612,0.00040511573795926997,4.743493142519872
Kuwait,2013,0,0.3782999999999999,2.1598687907924505,2.13491225414921,-1.543203027856026,10.812774694982547,1.873101963548237,4.605170185988092,4.580933755492199,3.1644266929015403,2.1019561932490523,-0.44145504584131956,-0.6182252540426859,-2.491327217590923,0.7482095630948232,0.0018344765451729363,4.710654593968949
Kuwait,2014,0,0.4354,2.1090003439213802,2.081441983694913,-1.4961965250120897,10.700291378270615,1.4121771089531137,4.605170185988092,4.605542015269453,3.018366476388925,2.12048204563289,-0.5972916949164239,-0.789658080940789,-2.201835189893903,0.560231076410928,0.0022895530220655544,4.668037270275157
Kuwait,2015,0,0.4354,2.081938421878423,2.058480182835443,-1.6823012697214195,10.30501868769552,1.4121771089531137,4.605170185988092,4.592084829373051,3.1919774453616583,2.1720675234915254,-0.5972916949164239,-0.789658080940789,-2.201835189893903,0.2668226669099409,0.0024695280415619153,4.289230115520017
Kuwait,2016,0,0.4354,2.0399207835175526,2.0173991222114935,-1.7645966210205455,10.215509336543535,1.4121771089531137,4.605170185988092,4.565989264752063,3.2572841311853185,2.1612059458238466,-0.5972916949164239,-0.789658080940789,-2.201835189893903,0.3714023914635598,0.005146482994323342,4.14886752465427
Kuwait,2017,0,0.4354,2.028148247292285,2.006158367217275,-1.799999472753823,10.276692988400733,1.4121771089531137,4.605170185988092,4.583333966209231,3.181036918180479,2.177062194754071,-0.5972916949164239,-0.789658080940789,-2.201835189893903,0.2860817145744824,0.009934604973380627,4.2771113581533715
Kuwait,2018,0,0.4354,1.9947003132247452,1.971551294342646,-1.7826547483553787,10.375612753895624,1.4121771089531137,4.605170185988092,4.632645563630359,3.1653646623019576,2.2246653880261715,-0.5972916949164239,-0.789658080940789,-2.201835189893903,0.14944312018495756,0.01885893369736339,4.478580175126997
Kuwait,2019,0,0.4354,1.9558604799084813,1.9288624784713733,-1.6696005870564763,10.364320312126083,1.4121771089531137,4.605170185988092,4.518366558939806,3.1595118181425725,2.1982334861449875,-0.5972916949164239,-0.789658080940789,-2.201835189893903,0.24746646154726346,0.02528803612549325,4.347999565819376
Kuwait,2020,0,0.4354,1.890095369948917,1.865698852989822,-1.8353929935191091,10.13602982060803,1.4121771089531137,4.605170185988092,4.406871798180273,3.01931138838699,2.1252459573867237,-0.5972916949164239,-0.789658080940789,-2.201835189893903,0.21826290743988241,0.0354567947485764,4.010627757499589
Lebanon,2005,0,0.4109,0.3920420877760237,0.16189279958515487,-1.1898536022731556,8.434289304519284,1.8798564390846422,4.4632207830381985,4.530044147947414,1.271025951763983,0.9904018711540654,-0.4761021877076051,-0.6711900132079032,-2.551046452292545,3.4318018711641196,1.6327861417223957,0.0
Lebanon,2006,0,0.4142999999999999,0.37843643572024505,0.12628156759730522,-1.1227049715943827,8.44144571854587,1.8717036789945924,4.465130240078681,4.511621820605145,1.1357261043837432,0.9088477858649638,-0.47900401144303456,-0.6780615431419044,-2.5497652221364966,3.3490306666213354,1.770563989372458,0.0
Lebanon,2007,0,0.3809,0.27763173659827955,0.03416839632843309,-1.254420286854235,8.541936163636393,2.125884074974207,4.467085427962068,4.584637913819526,1.0429887903600306,0.6990306699908355,-0.4185503476568198,-0.5922164619815047,-2.7181005369557116,3.3045658846920904,1.8455361755687758,0.0
Lebanon,2008,0,0.3768999999999999,0.44468582126144574,0.23698973026383358,-1.2290448358703774,8.684747129751624,2.1313964930696434,4.46908667468616,4.6693243192849385,1.263094047222615,0.8787296600258607,-0.4161216882966931,-0.5851900390548529,-2.7165865321244964,3.3147800841682984,1.1483179994209611,0.0
Lebanon,2009,0,0.3839,0.5187937934151675,0.34174204567723987,-1.2997395121288202,8.86656119597533,2.041477101232342,4.471134298232301,4.504220360717559,1.4346035524975942,0.9901786330911063,-0.43525443691891663,-0.6064191770501212,-2.647896278282463,3.210051183916049,1.5259609245396235,0.0
Lebanon,2010,0,0.3785999999999999,0.5187937934151675,0.308645842836319,-1.1443842383001004,8.939293892942757,2.0883434080757075,4.473228606438704,4.554893773786074,1.3779000270755661,0.8733092025934627,-0.42449503401496996,-0.5925781256382496,-2.6809215337139576,2.9627789848809694,1.7103003280389244,0.0
Lebanon,2011,0,0.3761,0.5007752879124892,0.31911377895084575,-1.2942909712830208,8.966351377636391,2.12104167648417,4.47536989687828,4.62634326998037,1.3803927307068578,0.8756729037704165,-0.41763890903987305,-0.5850105219553672,-2.706052198439537,2.7589560858117417,1.4816469039684,0.0
Lebanon,2012,0,0.3718999999999999,0.5653138090500605,0.4025068084579782,-1.330175338607775,9.036818074628345,2.1573550789251668,4.477558456741103,4.483516565909371,1.4505134562464055,0.9614135411735267,-0.40962374325702333,-0.5744756508424466,-2.7318307297676134,2.653972059911036,1.1986096990326396,0.0
Lebanon,2013,0,0.3726,0.4637340162321402,0.2813619986284838,-1.3277731871347405,9.007290985556688,2.110660047844976,4.479794562721694,4.456372321157684,1.3503991682892658,0.9152705251462734,-0.4182464424728975,-0.580533036190811,-2.6911930840357874,2.437758822423544,1.4667591241525628,0.0
Lebanon,2014,0,0.3764,0.4252677354043441,0.23483528212211172,-1.326895649213995,8.932957260059498,2.102192545721225,4.48207848091126,4.3797384762419425,1.329740464522569,0.9425959665861435,-0.4209849197662012,-0.5875266986962615,-2.6897192444174864,2.485182474338561,0.3631136037700099,0.0
Lebanon,2015,0,0.3813999999999999,0.4574248470388755,0.27511273624494026,-1.3343818535277268,8.950806398438399,2.0964671245604416,4.484410466695026,4.274428097551877,1.3801478600245674,1.0319306839406508,-0.4252597354363438,-0.5962019745034661,-2.6926690990639077,2.171789776441906,0.7012860668732374,0.0
Lebanon,2016,0,0.3866999999999999,0.5068176023684519,0.3105534006592436,-1.2180035880376032,8.998261887411076,2.088461391143268,4.486790764654823,4.215434978620204,1.4305940773496568,1.0463540510279605,-0.4297065724811986,-0.6056859047899507,-2.694147295933219,2.3260748747236786,0.45657963538926366,0.0
Lebanon,2017,0,0.3921,0.598836501088704,0.4268078858134965,-1.2460394817759457,9.06047177673725,2.0801820082075597,4.489219608477032,4.22618286574501,1.5076833320146732,1.1024008555527933,-0.4344820571786569,-0.6154456728960933,-2.695627681103653,2.2663043025225638,0.8162794675628652,0.0
Lebanon,2018,0,0.3977999999999999,0.5653138090500605,0.3890962290195308,-1.257537253100479,9.124187171598292,2.0712478273095267,4.491697220866035,4.223284495064559,1.461734106783749,1.060874391362493,-0.4394356276793176,-0.6258624337543488,-2.6971102610638757,2.2744788364264967,0.4916287854938418,0.0
Lebanon,2019,0,0.4037999999999999,0.598836501088704,0.42362730259479026,-1.2292639299527384,9.094467017901259,2.061639141421252,4.4942238134632975,4.1428317600282085,1.467576262214472,1.1413821274164364,-0.4445698279889254,-0.6369559009102027,-2.698595042331455,2.160476470604024,1.0186887160848628,0.0
Lebanon,2020,0,0.4101999999999999,0.43178241642553783,0.20802962864765995,-1.1752222550745468,8.623567693326915,2.05282364174124,4.496799586772162,3.9146157271776794,1.424332572508848,1.328766112728133,-0.45020100194955576,-0.6487475932632608,-2.7015712350045007,2.284605849126992,1.0717002209808346,0.0
Libya,2005,0,0.4314,1.2325602611778486,1.0424655156062779,-0.52121456778454,8.997054272609208,1.5702743988706318,4.478878504150277,4.5093296521109805,2.2571491371729744,1.7461595905232232,-0.5596657891854643,-0.7535343305750405,-2.3238087294456724,1.4960482832816315,0.020345725364643696,4.804369684645336
Libya,2006,0,0.4315,1.2119409739751128,1.0190292696543017,-0.5284874222081515,9.215213284373169,1.5663645735905822,4.479152846587497,4.582291463780747,2.152154684368209,1.5959407229206064,-0.5607163933794558,-0.7543844900311347,-2.320749063621717,1.9463100722741329,0.01557965156933379,4.8029331901274785
Libya,2007,0,0.4322,1.1755733298042381,0.9669439563146249,-0.49412435581657743,9.318741296623651,1.5587310188949766,4.47910829842311,4.632126726649943,1.9840499623126566,1.5288778098356455,-0.5626453724957872,-0.7569393136477247,-2.3156703325427013,2.434285094083165,0.0,4.786382032406156
Libya,2008,0,0.4328999999999999,1.220829921392359,1.0217050611376564,-0.49090415392063314,9.540085804425674,1.5523388545817045,4.479010931438342,4.63707727782396,2.075741580256669,1.5679696448296745,-0.5645780797652377,-0.7592869830644903,-2.311625837646195,2.0114036690605572,0.0,4.864765900269089
Libya,2009,0,0.4358999999999999,1.2383742310432684,1.0398910893572146,-0.47627750778672756,9.164406797928642,1.5373627117084576,4.478864993031189,4.678615150195974,2.0929604974100293,1.7479042397946103,-0.5695146201146701,-0.767224383956261,-2.304587095664719,2.3952689327030847,0.0,4.603514641984688
Libya,2010,0,0.438,1.2809338454620642,1.0940170436643766,-0.48816090489332625,9.358838552051404,1.5231130880740145,4.4786735788856715,4.585755056961996,2.2085721713863338,1.7519205114001875,-0.5739429330814687,-0.7734899332424838,-2.296603021316498,1.6583156003937096,0.0,4.69191679430495
Libya,2011,1,0.4397999999999999,1.0612565021243408,0.8231712394229794,-0.49055180870637105,8.9350925597102,1.498741146705469,4.478439001147685,4.143220997107073,2.133085265392942,2.030729807942006,-0.5812480880625365,-0.7811044593190873,-2.279845606024556,0.6708303689594001,0.0,4.285995683265817
Libya,2012,0,0.4416,1.2556160374777743,1.0531098703123103,-0.4409138695934956,9.614196872269224,1.474586968265569,4.478163654974355,4.587253831512058,2.2995578154096306,1.6256643318059658,-0.5886070012860214,-0.7887774115751954,-2.2633643798407643,1.2167483615917603,0.02504624905544183,4.747267333378944
Libya,2013,0,0.4368999999999999,1.2809338454620642,1.0985924089005206,-0.5107262308556898,9.388629928889092,1.5014749229586926,4.477849673028336,4.666588477876676,2.097261199288582,1.8969196193322149,-0.5794614161561289,-0.7754424232867755,-2.276917346245468,0.8310000911462471,0.03061646824776284,4.517585656657334
Libya,2014,1,0.4317999999999999,1.235471471385307,1.0472427534809585,-0.5272645420864253,9.096770781196238,1.5292305008155322,4.477498232502084,4.337615951189159,2.364069862424494,2.1351966405846774,-0.5700449834259619,-0.7614260213132397,-2.290656522128772,0.3785343848002998,0.0423812528474162,4.047925652641964
Libya,2015,1,0.4275,1.0986122886681098,0.8830408640566951,-0.5417008672745515,8.917108149572451,1.5565067891240958,4.475242695378704,4.041381582276124,2.23199126208375,1.9152273385197802,-0.5610668402027374,-0.7490828128902486,-2.3055896020143445,0.736004882266905,0.004439603576164195,3.3634091639999535
Libya,2016,1,0.4301,1.0367368849500223,0.8063880723976828,-0.5443881833563423,8.926092793968106,1.5461373859036376,4.475243780955452,3.7162556835937193,2.1577502853678814,1.9088218321202695,-0.5647539657915464,-0.7554482067573246,-2.3015855926609623,0.7373482969158746,0.2160241574696871,3.074197287485317
Libya,2017,1,0.4327999999999999,1.0681530811834012,0.8450592129240243,-0.5414835881577696,9.206917758240078,1.5355289254566393,4.475251379959695,3.8617600472644376,2.298190952885564,2.080324181819236,-0.5686313058623776,-0.7620686260263672,-2.2975975514830065,0.6709292474381244,0.11151527236130755,3.7356936224985207
Libya,2018,1,0.4308,1.0543120297715298,0.8341307593462337,-0.5670635449767248,9.323364143041239,1.543434579795515,4.4752720055372786,4.155457434970817,2.213365060537817,1.9649145319244332,-0.5658099320987501,-0.7571525105358577,-2.3005870903313728,0.5411302354058256,0.17636730476055443,4.095771919431494
Libya,2019,1,0.4287999999999999,1.0438040521731147,0.8180889818403743,-0.5554134055151697,9.206653071315426,1.5513251482751773,4.475312169914915,4.369371510122814,2.3621735546524927,1.9278832217944966,-0.562820918884371,-0.7522604450524519,-2.3035855933276292,0.5059933789336116,0.337129011324672,4.1823308285835195
Libya,2020,1,0.4286999999999999,0.8919980393051105,0.6289515194230535,-0.572068200668639,8.802422975342925,1.5515373048475227,4.475378383339906,3.9313508815641374,1.6342118485468928,2.389603420389225,-0.5626453724957872,-0.7520482884801063,-2.3035855933276292,0.45227510074545946,0.6535557692588947,2.920033840730638
Morocco,2005,0,0.4249,0.17395330712343798,-0.6917100473106443,-0.37210637438611444,7.715564309918954,1.644269929767579,4.0152973842323485,4.118936806951778,0.386030677019441,1.1470776229831643,-0.5428324199010771,-0.7298111649315367,-2.3740810946991155,1.6980068754220312,1.1951276607373633,0.0040206915969350065
Morocco,2006,0,0.4249,0.30010459245033816,-0.6949296542459982,-0.1614718978131025,7.798985181068225,1.644269929767579,4.024686450994079,4.169331399398057,0.4074703629068823,1.1098520107993675,-0.5428324199010771,-0.7298111649315367,-2.3740810946991155,1.979366577460606,1.55096142524794,0.006236788810261416
Morocco,2007,0,0.4249,0.12221763272424911,-0.6810385920859159,-0.4717509102273882,7.921385380461716,1.644269929767579,4.034778265815473,4.267592393380329,0.450053122265894,1.1409543743433677,-0.5428324199010771,-0.7298111649315367,-2.3740810946991155,1.979366577460606,1.7721544872676422,0.006488819027795185
Morocco,2008,0,0.4249,0.20701416938432612,-0.6466058348749353,-0.34788610321281305,8.065642397166595,1.644269929767579,4.045249147695596,4.354584413291845,0.48572828378453703,1.116019952465901,-0.5428324199010771,-0.7298111649315367,-2.3740810946991155,1.7050680443241162,1.8815056465424107,0.006164381507595644
Morocco,2009,0,0.4249,0.30010459245033816,-0.707764591836142,-0.15401921605286603,8.045456420522806,1.644269929767579,4.055787689851988,4.13309971854669,0.4623742242093472,1.111159197253804,-0.5428324199010771,-0.7298111649315367,-2.3740810946991155,1.465775129148317,2.13035247643907,0.003258367960838434
Morocco,2010,0,0.4249,0.29266961396282004,-0.6373434893448597,-0.20911127113031144,8.028776387887254,1.644269929767579,4.066095139004979,4.241930593389718,0.5154998027512857,1.135114495570096,-0.5428324199010771,-0.7298111649315367,-2.3740810946991155,1.2647768765891596,2.1023823509919315,0.005468747205260528
Morocco,2011,0,0.4249,0.3074846997479607,-0.5606740277111034,-0.2367661475177469,8.10228022336322,1.644269929767579,4.075884836566753,4.341541451793726,0.5110685542559895,1.13289894505384,-0.5428324199010771,-0.7298111649315367,-2.3740810946991155,1.617103027706919,1.9573911474264838,0.0072685952079429095
Morocco,2012,0,0.4249,0.2468600779315258,-0.5469002660664577,-0.3548779536644604,8.059648346943582,1.644269929767579,4.084880848850928,4.359552240554255,0.5350208248628963,1.126310861282937,-0.5428324199010771,-0.7298111649315367,-2.3740810946991155,1.6908987693812259,1.9303119390305707,0.005284500438830594
Morocco,2013,0,0.4249,0.3364722366212129,-0.5803668707986681,-0.17398797044070352,8.125554998626152,1.644269929767579,4.0928158932402665,4.302141034356165,0.5160293210181713,1.0916055812312104,-0.5428324199010771,-0.7298111649315367,-2.3740810946991155,1.7830752600213304,2.188837642512308,0.005358153102483368
Morocco,2014,0,0.4249,0.3074846997479607,-0.577796336988547,-0.22456149907083017,8.141890678692528,1.644269929767579,4.09938265995375,4.275186785813448,0.513749724413623,1.1067076658382484,-0.5428324199010771,-0.7298111649315367,-2.3740810946991155,1.8152794291777994,2.18071870739035,0.0027200722592363442
Morocco,2015,0,0.4249,0.34358970439007686,-0.5795829739861534,-0.1626741267664786,8.05396584807324,1.644269929767579,4.104982980937278,4.2089919598686425,0.5249338924618342,1.0668989044584107,-0.5428324199010771,-0.7298111649315367,-2.3740810946991155,1.8025153543198384,2.159418904884326,0.001427308503914575
Morocco,2016,0,0.4249,0.22314355131420976,-0.6148891749811858,-0.3434778600303032,8.052250484073712,1.644269929767579,4.110312487839589,4.264405997447625,0.512281503458653,1.0502288362816405,-0.5428324199010771,-0.7298111649315367,-2.3740810946991155,1.4118849873561126,2.2162254861468313,0.0011328106942042912
Morocco,2017,0,0.4249,0.3148107398400336,-0.5415951489320412,-0.23802805691131998,8.100624651121446,1.644269929767579,4.115389974182976,4.306405027457371,0.5445519240860501,1.0610458913580125,-0.5428324199010771,-0.7298111649315367,-2.3740810946991155,1.5582507136916843,2.2270945240171884,0.0013107833464229798
Morocco,2018,0,0.4249,0.37843643572024505,-0.5345486177022144,-0.1345990601702508,8.161003272133136,1.644269929767579,4.12016795435132,4.347110182700718,0.5531432289029026,1.0351404354904363,-0.5428324199010771,-0.7298111649315367,-2.3740810946991155,1.7498601999937318,2.156234362590072,0.0017548685422641892
Morocco,2019,0,0.4249,0.3293037471426003,-0.44219511521932797,-0.2911871914816909,8.162829191260244,1.644269929767579,4.124599643419042,4.33070854892432,0.6410216452191022,1.0454262666928065,-0.5428324199010771,-0.7298111649315367,-2.3740810946991155,1.0966106874411246,1.7673068384374493,0.0013723701057886237
Morocco,2020,0,0.4249,0.1823215567939546,-0.5435701943189576,-0.47911935131442784,8.091942719534753,1.644269929767579,4.12863879479719,4.23184021953294,0.5676967630132109,1.0438840705143633,-0.5428324199010771,-0.7298111649315367,-2.3740810946991155,0.9966250131511061,1.9165355814999077,0.0008395726102363986
Oman,2005,0,0.383,1.5390154481375546,1.3303357791276662,-0.13046546446896398,9.577401240470033,2.3382223994993434,4.274688892589762,4.463160693247306,2.560493676410722,1.7842681056819287,-0.3915622029391729,-0.5750086525429038,-2.913231052042247,2.171789776441906,0.0,4.450792058287671
Oman,2006,0,0.383,1.7439688053917064,1.5911045911753845,-0.20969508716662627,9.73689306493936,2.3382223994993434,4.2820961568673335,4.456040141482298,2.7778686961126873,1.8689335947534556,-0.3915622029391729,-0.5750086525429038,-2.913231052042247,2.0322246215338136,0.0,4.400802603844043
Oman,2007,0,0.383,1.8309801823813363,1.6927392495310898,-0.21610136356954798,9.841221315669841,2.3382223994993434,4.29138948818915,4.552463145128977,2.8695187257846237,1.8523388189054817,-0.3915622029391729,-0.5750086525429038,-2.913231052042247,2.6298787064530678,0.0,4.325596818929543
Oman,2008,0,0.383,1.8066480817218056,1.6686000605646227,-0.24173567753893013,10.187793152672048,2.3382223994993434,4.301464042700978,4.551367461272521,2.8937076321200608,1.9967694608082764,-0.3915622029391729,-0.5750086525429038,-2.913231052042247,2.149037141273419,0.0,4.32861777996181
Oman,2009,0,0.383,1.8261608959453874,1.6881800599559635,-0.22267684135070703,9.935757144494207,2.3382223994993434,4.311253565935929,4.517736196088746,2.8080210183947685,1.9312914639369132,-0.3915622029391729,-0.5750086525429038,-2.913231052042247,1.7120828485901587,0.0,4.111572390615509
Oman,2010,0,0.383,1.9125010869241836,1.7857834259281373,-0.2159825853133588,10.06773762486724,2.3382223994993434,4.319592197952387,4.568366717011887,2.925898798859139,2.066617746519605,-0.3915622029391729,-0.5750086525429038,-2.913231052042247,1.4026462542995206,0.0,4.176739565027521
Oman,2011,0,0.383,1.9198594718553708,1.8029256976670902,-0.2841852876820358,10.13412326400229,2.3382223994993434,4.32623085550081,4.621454198251117,2.924512442088498,2.060680621012375,-0.3915622029391729,-0.5750086525429038,-2.913231052042247,1.5542118217085754,0.0,4.392314209460938
Oman,2012,0,0.383,1.8809906029559975,1.7526548964659607,-0.23559683362443287,10.11221967128863,2.3382223994993434,4.331892623598058,4.625705489951355,2.878667136396804,2.1421969062867032,-0.3915622029391729,-0.5750086525429038,-2.913231052042247,1.2275909583814146,0.0,4.318722958998132
Oman,2013,0,0.383,1.8196988379172965,1.7024928781764435,-0.3821543746897126,10.062967863926605,2.3382223994993434,4.337178622409302,4.723340006955824,2.8394907761568895,2.092444083046466,-0.3915622029391729,-0.5750086525429038,-2.913231052042247,1.345573977782235,0.0003178652699224571,4.276567549235691
Oman,2014,0,0.383,1.7967470107390942,1.6895724829261487,-0.4896583720935426,10.050210006649245,2.3382223994993434,4.342366174619739,4.627701646317923,2.805624784904544,2.1686328276853324,-0.3915622029391729,-0.5750086525429038,-2.913231052042247,1.1321558865374093,0.0002907892852916347,4.1490539435213805
Oman,2015,0,0.383,1.8180767775454285,1.6864129809763735,-0.27453651978018456,9.842053955046863,2.3382223994993434,4.3477267662296875,4.5682736038751575,2.786306637419495,2.1215613813787373,-0.3915622029391729,-0.5750086525429038,-2.913231052042247,-1.7396895401984755,0.0011609707845664553,3.6313194682321894
Oman,2016,0,0.383,1.7715567619105355,1.6209290456455412,-0.19575585363392167,9.747429456599995,2.3382223994993434,4.353526026314935,4.417203898056088,2.7137520811109175,2.053432438206097,-0.3915622029391729,-0.5750086525429038,-2.913231052042247,1.824752112281228,0.001183118394467475,3.4835657640938424
Oman,2017,0,0.383,1.7934247485471162,1.6267725366484798,-0.08059062005157759,9.788080414875001,2.3382223994993434,4.360729272368892,4.488109804360201,2.682495578754826,2.1017858889002015,-0.3915622029391729,-0.5750086525429038,-2.913231052042247,2.0192606561549606,0.004495403932198412,3.6541817738939892
Oman,2018,0,0.383,1.8309801823813363,1.6616316751593263,-0.028295916320063674,9.898563527609,2.3382223994993434,4.369012111622066,4.491768737688314,2.7325385651930003,2.180601583631567,-0.3915622029391729,-0.5750086525429038,-2.913231052042247,2.5113182054160075,0.012561781813504473,3.859437887554002
Oman,2019,0,0.383,1.8421356765531218,1.6648878099962547,0.024614284330449467,9.861633067643593,2.3382223994993434,4.37673769478903,4.459892370979105,2.752998901048776,2.151434849428176,-0.3915622029391729,-0.5750086525429038,-2.913231052042247,1.529660495090404,0.016017542310163894,3.7669205292389005
Oman,2020,0,0.383,1.8341801851120072,1.5920828294131593,0.2971571085237349,9.728232751085102,2.3382223994993434,4.38224708402654,4.520438653284062,2.765447723390492,2.1353588367745697,-0.3915622029391729,-0.5750086525429038,-2.913231052042247,1.6509386633608212,0.08805318606406833,3.4019259488652236
Qatar,2005,0,0.3865,2.7644305345383176,2.744084603880548,-1.1405995374130373,10.895806972690806,2.2424060425241366,4.577816106124776,4.551194815623297,4.056414475851654,2.475602171386842,-0.40182175319336577,-0.5895081458004594,-2.831914188324596,2.425548430640829,0.0,4.335555995441063
Qatar,2006,0,0.3865,2.7498317351171653,2.72992485710348,-1.176795170258712,11.044240091465467,2.2424060425241366,4.580700611787748,4.590776282138593,4.117750770513373,2.328034419523029,-0.40182175319336577,-0.5895081458004594,-2.831914188324596,2.449824122152266,0.0,4.2241829727780535
Qatar,2007,0,0.3865,2.664446563620078,2.6479136633488265,-1.446211425042013,11.096717993014009,2.2424060425241366,4.583602389310664,4.565536086787721,3.897014235215746,2.2469796194152165,-0.40182175319336577,-0.5895081458004594,-2.831914188324596,2.4752052194025724,0.0,4.120937021381165
Qatar,2008,0,0.3827999999999999,2.6239436918052106,2.6070158282995335,-1.4633025868527367,11.299502068500662,2.2397062488247896,4.5862882325577,4.493487971037106,3.7695154472972763,2.1652914974200606,-0.400328324003012,-0.5837548037887483,-2.823461052613538,1.9034577110877458,0.0,4.177819433618518
Qatar,2009,0,0.3792999999999999,2.514465452029545,2.5014285097779814,-1.832014177253426,11.01511042126842,2.236687830598977,4.588527344354799,4.383827050111661,3.717826345875473,2.1037088466465077,-0.3988371218179434,-0.5783909432617566,-2.8150787738607335,2.8142075318268778,0.0,3.829832796009379
Qatar,2010,0,0.3757999999999999,2.6019486702196644,2.5900927588452642,-1.8389021143229638,11.244557167648798,2.2337104737392433,4.590123786695823,4.467185429401684,3.7632925761332734,1.9648621230728038,-0.3974969384589874,-0.5730557003021247,-2.8067661740413676,2.0270584976305908,0.0,3.9745093561956524
Qatar,2011,0,0.3726,2.6511270537025893,2.640855083971095,-1.9323410135161623,11.545019984445869,2.232063798424295,4.591376093652631,4.592304123045633,3.8105355353923716,1.9332269123075874,-0.39615854878786466,-0.5681016915857209,-2.800165490010016,0.5342240739536623,0.0002483519861452094,4.092850657304268
Qatar,2012,0,0.3692999999999999,2.711377991194885,2.7026224488236217,-2.031064951121905,11.594232484048815,2.2288033319017715,4.592518500335959,4.661042700842037,3.894908789114544,2.218184688109175,-0.3949703710155228,-0.5631721041381998,-2.791975436039971,0.2084863500741288,0.005152094733606238,4.037696651198785
Qatar,2013,0,0.3692999999999999,2.6658383522929006,2.6561214235064936,-1.9729018569056795,11.549229069700221,2.2288033319017715,4.593459504673001,4.628722191055132,3.8062714577717167,2.2472675052309636,-0.3949703710155228,-0.5631721041381998,-2.791975436039971,-0.40854020782980777,0.03549196364345124,3.9266925344868366
Qatar,2014,0,0.3692999999999999,2.6354795082673745,2.6250831924544977,-1.9360179305264147,11.470442611710512,2.2288033319017715,4.594125697935334,4.595466395083739,3.7211094428397034,2.219561338946242,-0.3949703710155228,-0.5631721041381998,-2.791975436039971,0.48121182505960347,0.04656101625492359,3.763542445490872
Qatar,2015,0,0.3692999999999999,2.570319527636131,2.5605304268816664,-2.061056710108827,11.141647896040569,2.2288033319017715,4.594495824846207,4.54018008489918,3.64913526397048,2.1385734734306703,-0.3949703710155228,-0.5631721041381998,-2.791975436039971,0.619589583723484,0.05493932237035079,3.2618753661828466
Qatar,2016,0,0.3692999999999999,2.50470927708418,2.495075612158613,-2.1425952401875623,11.022778258082601,2.2288033319017715,4.594973642826037,4.494770585921189,3.559734797108525,2.0771726426862096,-0.3949703710155228,-0.5631721041381998,-2.791975436039971,0.49013816143623434,0.05833418093538675,3.107623448519662
Qatar,2017,0,0.3692999999999999,2.516889695641051,2.507228776934853,-2.1276034059439795,11.055322654725062,2.2288033319017715,4.5954330589240175,4.516279489404049,3.6644579878850676,2.1195267565614304,-0.3949703710155228,-0.5631721041381998,-2.791975436039971,0.57738089164915,0.05934536488855033,3.3001167245559464
Qatar,2018,0,0.3692999999999999,2.4765384001174837,2.466453130506846,-2.125179370770846,11.170997403904426,2.2288033319017715,4.595882876897276,4.520029893136922,3.615401468092657,2.1476993026719797,-0.3949703710155228,-0.5631721041381998,-2.791975436039971,-1.0095555142599177,0.05889300892556372,3.4847105073718985
Qatar,2019,0,0.3692999999999999,2.4997952622817508,2.48986120012574,-2.1169534623199615,11.110077364287518,2.2288033319017715,4.596322860239862,4.500323909328457,3.5904858905639387,2.138411571885103,-0.3949703710155228,-0.5631721041381998,-2.791975436039971,-1.2436713996507451,0.0506768076291714,3.3690622268898993
Qatar,2020,0,0.3692999999999999,2.4379897300002487,2.4273022671837214,-2.106033166048989,10.8528951784086,2.2288033319017715,4.596752772587748,4.500020600620277,3.5875508825674984,2.1251544055621787,-0.3949703710155228,-0.5631721041381998,-2.791975436039971,-1.2957391199848511,0.058894833881884254,3.0558176879726684
Saudi Arabia,2005,0,0.4122999999999999,1.8082887711792655,1.6767622548900267,-0.2853005927341622,9.678827062390875,2.04711664052592,4.39417195958212,4.406159040878146,2.998250350535406,1.9028971431577164,-0.44192164511877946,-0.6529653909271134,-2.700082031453033,2.0166482747942474,0.0,4.582223872854005
Saudi Arabia,2006,0,0.4122999999999999,1.8229350866965048,1.6953857103530094,-0.2994135487898001,9.77358468524766,2.04711664052592,4.396925823568687,4.49919397724015,3.0318725258018535,1.910526470615539,-0.44192164511877946,-0.6529653909271134,-2.700082031453033,1.2436713996507454,0.0,4.598651585675929
Saudi Arabia,2007,0,0.4122999999999999,1.8453002361560848,1.726351192813688,-0.34264490333972786,9.83070986316016,2.04711664052592,4.399657807476471,4.552437088178409,2.940469003969676,1.9837943174633559,-0.44192164511877946,-0.6529653909271134,-2.700082031453033,1.1892033838714533,0.0,4.552712261274015
Saudi Arabia,2008,0,0.4122999999999999,1.8794650496471605,1.775591425325304,-0.4366025003400747,10.013260320217416,2.04711664052592,4.402370085114291,4.565416692024189,3.0035868454813497,1.9923335696341304,-0.44192164511877946,-0.6529653909271134,-2.700082031453033,0.9231700941288032,0.0,4.683804324602812
Saudi Arabia,2009,0,0.4122999999999999,1.8389610707123492,1.7477221647906778,-0.600585423410458,9.782358427985107,2.04711664052592,4.4050648064032245,4.440983296364781,3.03543412094363,1.9821884280960549,-0.44192164511877946,-0.6529653909271134,-2.700082031453033,0.09983407889920765,0.0,4.238120439625282
Saudi Arabia,2010,0,0.4122999999999999,1.9213246735826988,1.8290997339011497,-0.5079581175965437,10.00008736144119,2.04711664052592,4.407684230962153,4.413400354765322,3.0949786509038564,2.130088698092315,-0.44192164511877946,-0.6529653909271134,-2.700082031453033,0.8236590904324105,6.906822542877867e-05,4.328302134558448
Saudi Arabia,2011,0,0.4122999999999999,1.9242486522741338,1.839049341037662,-0.5808104957865273,10.208275600274247,2.04711664052592,4.409816733098009,4.43508664913834,3.029854579195056,2.091591654330864,-0.44192164511877946,-0.6529653909271134,-2.700082031453033,0.6444550048449342,0.0,4.588355684542757
Saudi Arabia,2012,0,0.4122999999999999,1.9430489167742813,1.868031678264859,-0.6842625757870706,10.265816795054077,2.04711664052592,4.411963906579657,4.4035517793759595,3.1082579579706304,2.022132644064965,-0.44192164511877946,-0.6529653909271134,-2.700082031453033,0.6279164845017132,0.0,4.552078598956144
Saudi Arabia,2013,0,0.4122999999999999,1.9198594718553708,1.8435017558739362,-0.6904026521682808,10.235143409175432,2.04711664052592,4.41409670412417,4.385165471226737,3.035330223236932,2.0197271964593706,-0.44192164511877946,-0.6529653909271134,-2.700082031453033,0.42691345412611653,0.0,4.487784800771294
Saudi Arabia,2014,0,0.4122999999999999,1.9329696377795786,1.8583409068626917,-0.6993423911196496,10.232988583524266,2.04711664052592,4.416213752552956,4.3567102512749365,3.0045670814526226,2.020091375913959,-0.44192164511877946,-0.6529653909271134,-2.700082031453033,0.18887501457630715,0.0,4.3901973664214795
Saudi Arabia,2015,0,0.4122999999999999,1.9329696377795786,1.8529351428449408,-0.6320782778101307,10.054325105243391,2.04711664052592,4.41831368997106,4.20626256891324,3.0366647899664767,1.8467173050758372,-0.44192164511877946,-0.6529653909271134,-2.700082031453033,0.5429305054577264,0.0,3.8698346708670597
Saudi Arabia,2016,0,0.4122999999999999,1.884034745337226,1.800414526062254,-0.6389539645085368,10.010893451696955,2.04711664052592,4.420395165479471,4.059091468504743,3.038458805291316,2.048869247517001,-0.44192164511877946,-0.6529653909271134,-2.700082031453033,1.8768765808782881,0.0,3.689762369434602
Saudi Arabia,2017,0,0.4122999999999999,1.9125010869241836,1.8207790724577937,-0.5220022642323682,10.082858540412921,2.04711664052592,4.422456838872195,4.08651363300645,3.041510859852616,1.8005161312026603,-0.44192164511877946,-0.6529653909271134,-2.700082031453033,0.1395466539058654,0.0012327955830143077,3.8555649327107293
Saudi Arabia,2018,0,0.4122999999999999,1.884034745337226,1.7833274778319923,-0.4614336547177507,10.28739072716928,2.04711664052592,4.424497380318524,4.079280169725948,3.0670631431255004,1.7597657567574045,-0.44192164511877946,-0.6529653909271134,-2.700082031453033,1.1204203164435753,0.0012723592284010204,4.028674026938957
Saudi Arabia,2019,0,0.4122999999999999,1.8779371654691073,1.7777769821534355,-0.4727094999353264,10.294407165395246,2.04711664052592,4.426515470030931,4.039427525594701,3.146081967349033,1.8862146567447204,-0.44192164511877946,-0.6529653909271134,-2.700082031453033,0.34322155508594404,0.0193742682118921,3.885262073675798
Saudi Arabia,2020,0,0.4122999999999999,1.8196988379172965,1.7106208436064456,-0.4500365665104785,10.099828326361589,2.04711664052592,4.4285097979189825,3.8614275564382243,3.048738063284012,1.8961963795504424,-0.44192164511877946,-0.6529653909271134,-2.700082031453033,0.2084863500741288,0.013169114627581984,3.4653946639255846
Syria,2005,0,0.3731,0.5187937934151675,-0.01418014293037008,-0.36516793862003866,7.335569876460284,2.0998817938807504,3.9856956872669316,4.383687785282181,1.0003862619108828,1.9843437851721737,-0.4200712604975265,-0.5825006604728816,-2.682382454353632,1.465775129148317,1.1190716817001407,2.3679346132690418
Syria,2006,0,0.3731,0.5423242908253617,-0.002025577112203504,-0.32569755472641326,7.449372035944307,2.0998817938807504,3.9900902933461806,4.306834586865022,1.0123075710268474,1.9804263076911477,-0.4200712604975265,-0.5825006604728816,-2.682382454353632,1.439154374037149,0.979230892079065,2.3440466388080137
Syria,2007,0,0.3731,0.45107561936021673,0.008120415609402725,-0.5765265546589851,7.569211249010027,2.0998817938807504,3.9943105198184403,4.3357124177097,1.1652926706332458,1.9602857636638262,-0.4200712604975265,-0.5825006604728816,-2.682382454353632,1.843445617521301,1.1024143290722104,2.2288859695002405
Syria,2008,0,0.3731,0.3576744442718159,0.006140578525004262,-0.8583980042301863,7.795286294859493,2.0998817938807504,3.9997746264261336,4.307140899935701,1.1463586384114919,1.9355475299908593,-0.4200712604975265,-0.5825006604728816,-2.682382454353632,1.7498601999937318,0.8546370682908261,2.3502686642978383
Syria,2009,0,0.3731,0.37843643572024505,-0.12002244233521844,-0.5566959863635531,7.808811324677353,2.0998817938807504,4.007866958811008,4.093407877659514,1.0572776627748421,1.8172446202924502,-0.4200712604975265,-0.5825006604728816,-2.682382454353632,2.2621923771264507,0.622963941714387,1.8062545420594283
Syria,2010,0,0.3731,0.3148107398400336,-0.1103578685953791,-0.7455223267817994,7.912282053739237,2.0998817938807504,4.019911927172067,4.159041894103669,1.015324878190795,1.7968527279824646,-0.4200712604975265,-0.5825006604728816,-2.682382454353632,1.6055849163070397,0.7276653318954397,2.052952330426139
Syria,2011,0,0.3731,0.37843643572024505,-0.0979590839300576,-0.5918296285176219,7.990286793523596,2.0998817938807504,4.068715088894907,3.9258488730273613,0.9486822173068244,1.6618275968648337,-0.4200712604975265,-0.5825006604728816,-2.682382454353632,1.015973134179692,0.9243363061594212,3.6314642709780296
Syria,2012,1,0.3731,0.23901690047049992,-0.31100037610059794,-0.6212239938611481,7.548377433298401,2.0998817938807504,4.17576580056291,3.5658269748698235,0.7109792401112293,1.7041459467930289,-0.4200712604975265,-0.5825006604728816,-2.682382454353632,1.1311466033469886,1.194809583325855,3.3043661605843173
Syria,2013,1,0.3731,0.02955880224154443,-0.6754081973739068,-0.6519066369212203,6.893547493938232,2.0998817938807504,4.291309068997528,3.8000910513848467,0.4580903217639752,1.693940048935949,-0.4200712604975265,-0.5825006604728816,-2.682382454353632,1.148568714302869,1.315877080389412,2.797763385614872
Syria,2014,1,0.3731,-0.09431067947124129,-0.7112732490183346,-0.8699287760793581,6.966581634409661,2.0998817938807504,4.330733340286331,3.9938688100113433,0.542284580734601,1.6886679141262797,-0.4200712604975265,-0.5825006604728816,-2.682382454353632,1.7298718318782764,1.31662167170659,2.034411834721539
Syria,2015,1,0.3731,0.0769610411361284,-0.7990404960315372,-0.4616550620274963,6.742564113938302,2.0998817938807504,4.3274768161794,3.9335145551589523,0.4711618956960904,1.6399160035728615,-0.4200712604975265,-0.5825006604728816,-2.682382454353632,0.4290784503677558,0.21317278771089265,1.430906353192007
Syria,2016,1,0.3731,-0.12783337150988489,-0.9261700201738492,-0.7258103420289493,6.486692749000349,2.0998817938807504,4.319539469851899,4.206361919857123,0.4182778729389555,1.657196134951009,-0.4200712604975265,-0.5825006604728816,-2.682382454353632,1.5783476019207985,0.7665595299906385,1.3742325625717395
Syria,2017,1,0.3731,-0.06187540371808753,-0.8399153358590354,-0.6767760721901662,6.7470018550666815,2.0998817938807504,4.311329986230324,4.111707159050008,0.5839957105283898,1.6578585546571492,-0.4200712604975265,-0.5825006604728816,-2.682382454353632,0.41354102984132385,0.2612020049327911,1.3913253061079296
Syria,2018,1,0.3731,-0.07257069283483537,-0.6804955787262038,-0.8588853709424259,7.001306516604892,2.0998817938807504,4.30489259178921,3.9251188614403376,0.48416611610510035,1.7334253575515863,-0.4200712604975265,-0.5825006604728816,-2.682382454353632,0.42579127961395213,0.23536098125428664,1.3867871434960255
Syria,2019,1,0.3731,0.09531017980432493,-0.7725384107734382,-0.4491650546625813,7.0117001273802,2.0998817938807504,4.301695786263229,3.7376570259092325,0.49804027845428905,1.6017875326246513,-0.4200712604975265,-0.5825006604728816,-2.682382454353632,0.691135144136611,0.4180506566746282,1.6342118857198669
Syria,2020,1,0.3731,0.0,-0.8885688501168513,-0.5297432446372928,6.34975993462439,2.0998817938807504,4.296094263215417,3.8026173258433813,0.42956788824498404,1.4966502513652675,-0.4200712604975265,-0.5825006604728816,-2.682382454353632,0.6909024255555066,0.5106824399278016,2.0983550292771174
Tunisia,2005,0,0.3520999999999999,0.4054651081081644,-0.3131872979627186,-0.2628112172441995,8.05414962842327,2.0699267220384976,4.177982187719255,4.502597424046979,0.7864104031397058,1.3816582221698408,-0.41627330682476765,-0.5528636351128893,-2.622790357151387,1.6209153224197654,0.2588440257212429,2.043115761913986
Tunisia,2006,0,0.3582000000000001,0.3852624007906449,-0.2945545215827971,-0.3213951372116153,8.108493658902676,2.036177577874639,4.182370411428341,4.542666184844361,0.7951491476020587,1.2728937602177164,-0.42541274591786027,-0.5661621688054566,-2.6023397466800957,2.9596819701237473,0.16208421674737405,2.1205216045763824
Tunisia,2007,0,0.364,0.43178241642553783,-0.25322816646970264,-0.26956810949105187,8.223336556690532,2.0046965862572357,4.186619884710568,4.644961899326722,0.8620152266920692,1.0931135062552217,-0.43417327224490804,-0.5789260364699225,-2.583622622727158,2.13046516549872,0.1048170909892254,2.4089698521444753
Tunisia,2008,0,0.3693999999999999,0.41871033485818504,-0.2570972327576991,-0.2920824341206054,8.355861810666822,1.9741171473173234,4.190678541983081,4.739208477031486,0.8814141118703749,1.197757214931414,-0.44238846221276207,-0.5911322551532154,-2.565249402470539,2.5161444961645887,0.08550437665985205,2.4810618698073963
Tunisia,2009,0,0.3746,0.3920420877760237,-0.2977830851918514,-0.3044381729036713,8.313874405508011,1.9470070413042322,4.194736049495554,4.532780969026075,0.8672887052634607,0.9838204331734957,-0.4503578769989009,-0.6027581808322645,-2.5497652221364966,2.0651897442828338,0.2809355482798794,1.9514273089021124
Tunisia,2010,0,0.3793999999999999,0.412109650826833,-0.1983694977463294,-0.3711604749462068,8.36447576606924,1.919290528043543,4.199124999388606,4.60667914530412,0.9522243561577376,0.9708471910671136,-0.4579169681105885,-0.6139663826855041,-2.533256910729047,1.9463100722741329,0.26307169841897404,2.125090904934457
Tunisia,2011,0,0.3823999999999999,0.3852624007906449,-0.2510952323381122,-0.36809458944803775,8.394041507789005,1.9268024576692604,4.2034857514154975,4.606233413603605,0.8869883807462124,0.9451402818830394,-0.465055889521802,-0.617854196524514,-2.5446566541937745,1.6397776108885298,0.17766640984018334,2.315072627493955
Tunisia,2012,0,0.3881,0.47000362924573563,-0.22431878475657682,-0.221969697424349,8.365734710094882,1.9088859368357152,4.2078204431379955,4.62055841680126,0.9403468492614983,0.9962877075481759,-0.4672873217515072,-0.6294214896794004,-2.5383074265151158,1.9602114863137283,0.30192051197791564,2.3252902415673122
Tunisia,2013,0,0.3933999999999999,0.412109650826833,-0.23039926546578812,-0.3343774426286672,8.382471023417434,1.891633262200875,4.212126919709851,4.594664763630795,0.9487814648129349,1.0293714286949065,-0.46952374440888467,-0.6403649951209758,-2.5319982573218507,1.5821751493306961,0.39191713401586115,2.16143404958324
Tunisia,2014,0,0.3933999999999999,0.4382549309311553,-0.20399580276067514,-0.3085187138402037,8.402675084868743,1.891633262200875,4.215860833089586,4.565463234741275,0.9744823917315412,1.0959897244690455,-0.46952374440888467,-0.6403649951209758,-2.5319982573218507,1.500306258328591,0.4663946321156417,1.9251262002191238
Tunisia,2015,0,0.3933999999999999,0.494696241836107,-0.20577489480399772,-0.19118023320785,8.29777960932586,1.891633262200875,4.217753088949466,4.468760720363142,1.0123754116759114,1.1202313259330225,-0.46952374440888467,-0.6403649951209758,-2.5319982573218507,1.5255146538232274,0.4365914289988473,1.2626639056821063
Tunisia,2016,0,0.3933999999999999,0.3987761199573678,-0.2557017219146117,-0.3345960756569939,8.255257756555089,1.891633262200875,4.220423986039389,4.466972659463767,0.9882294042261149,1.1066772492937111,-0.46952374440888467,-0.6403649951209758,-2.5319982573218507,1.4436354751788103,0.4547086574034286,1.0580108857638342
Tunisia,2017,0,0.3933999999999999,0.4574248470388755,-0.19734743942724392,-0.2756288306603433,8.193961996499317,1.891633262200875,4.223730845179155,4.562358692712188,1.000238788351503,1.1423580314497555,-0.46952374440888467,-0.6403649951209758,-2.5319982573218507,1.483175137283405,0.4737907151425032,1.1881523890255672
Tunisia,2018,0,0.3933999999999999,0.412109650826833,-0.2131713409891608,-0.35384705875873507,8.1964653843225,1.891633262200875,4.227541874445389,4.643157680006792,0.9727328781446118,1.1364443433075642,-0.46952374440888467,-0.6403649951209758,-2.5319982573218507,1.6209153224197654,0.3799227883605052,1.4392511261686456
Tunisia,2019,0,0.3933999999999999,0.4824261492442928,-0.22041183520162308,-0.20112323847871527,8.168733589827553,1.891633262200875,4.231503674630354,4.628228436670874,0.9458567573905824,1.1364265364107804,-0.46952374440888467,-0.6403649951209758,-2.5319982573218507,1.4525441362473799,0.4341396572462667,1.2810889241921415
Tunisia,2020,0,0.3933999999999999,0.34358970439007686,-0.30367824890366724,-0.3976432470640664,8.174323553248167,1.891633262200875,4.235617198342711,4.434777157061505,0.8791876469626527,1.1526168013531146,-0.46952374440888467,-0.6403649951209758,-2.5319982573218507,1.2167483615917603,0.06883370424055699,0.8212119544035176
United Arab Emirates,2005,0,0.3713999999999999,2.1838015570040787,2.1473885889895423,-1.147179985254442,10.564093819920533,2.22149848020751,4.409304722484134,4.783758714044576,3.2072613977746047,1.9379446862291994,-0.3967531675061429,-0.5672196239621546,-2.7887181041696647,2.485182474338561,0.00422298602699847,3.8692062916539167
United Arab Emirates,2006,0,0.3703000000000001,2.1435893615035875,2.114301424843189,-1.4015984319274146,10.699701228225297,2.2342957037731797,4.41351194002435,4.783070898381817,3.198673811427992,1.8992558569580718,-0.3940801632416008,-0.564226400493106,-2.7985221042662856,2.4394912403065434,0.004261241456798666,3.947068971507631
United Arab Emirates,2007,0,0.3691,2.1198634561787513,2.09299850496339,-1.5104717184306857,10.733233689715018,2.249191325227887,4.415928039061728,4.9185065026540995,3.171452380311885,1.9633093654078266,-0.3912663887083514,-0.5608916014394747,-2.810082926667362,2.3934593805399014,0.0040196120878105476,3.859840104901854
United Arab Emirates,2008,0,0.3679,2.167910189667444,2.140787503354421,-1.4530052699808622,10.820861099318172,2.2642110801124304,4.418429636069717,5.000676159644202,3.2026479014979032,2.0761035715964695,-0.38816561103010316,-0.5575678863181224,-2.821778966430553,1.222182008258791,0.0038445856437766272,3.9771143447531476
United Arab Emirates,2009,0,0.3665,2.0856720914304723,2.0574273936964875,-1.4952665473728022,10.540145499319603,2.2797063106091144,4.420889102169853,5.033452616800707,3.2272587894304525,2.110479442722207,-0.3847805169153317,-0.5539071134684412,-2.833613424077556,0.40854020782980777,0.005854989749042254,3.6072260649756505
United Arab Emirates,2010,0,0.3842,2.1077860146889784,2.08333803309748,-1.6156206908694908,10.709858389008817,2.2095547426160045,4.423305683701824,4.908866167070753,3.287864093677893,2.0695832178001474,-0.4067659538412124,-0.5889673616502814,-2.7985221042662856,1.7732195744116108,0.007066331163546776,3.815104778512061
United Arab Emirates,2011,0,0.4016999999999999,2.1090003439213802,2.084548768506017,-1.6142611632337602,10.85749603236186,2.1379197392668514,4.425678630315171,4.9710402331752,3.3168780505904043,2.109559554823729,-0.42924563677356775,-0.6251147701681183,-2.7630345094349695,1.4164760993064034,0.005778637922202451,4.046827209639875
United Arab Emirates,2012,0,0.4190999999999999,2.096790180014449,2.07488283666381,-1.735076880136877,10.880715561984998,2.068065732124306,4.428007194588997,5.0539354602206235,3.3245732517650612,2.0528630112156154,-0.45192798251850513,-0.6622300779252237,-2.73029581004953,1.6247142243077421,0.00023467360287184676,3.991724212902438
United Arab Emirates,2013,0,0.4364,2.0794415416798357,2.058631109592487,-1.8032465050198212,10.882701269075223,1.998020345942713,4.430290631649519,5.058778163035266,3.3086555032399683,2.0482200374790906,-0.47497597087229343,-0.7005746963887419,-2.698595042331455,1.6017181762066455,0.007090943901000889,3.9611020842840876
United Arab Emirates,2014,0,0.4340999999999999,2.0068708488450007,1.9835661012640622,-1.7638570757400043,10.872849478372409,2.0230392715432113,4.4325281987853,5.072141817481679,3.2598295355135063,1.9971446009910379,-0.46920394907517116,-0.693547260581285,-2.7165865321244964,1.6873269333792174,0.024418956742428336,3.8267593981487256
United Arab Emirates,2015,0,0.433,1.9892432737616872,1.9674242618727353,-1.8466199802934127,10.712423225317446,1.9764935724273933,4.4347191550600416,5.101609923746025,3.25589661997527,2.052747749475815,-0.47948846845695065,-0.6971552019574841,-2.6736487743848776,1.5460890187763143,0.023193173813724,3.267405917801185
United Arab Emirates,2016,0,0.4321,1.9615022438151495,1.9404613666899195,-1.9102879517309992,10.662448220922427,1.9312996619979264,4.436862760922768,5.1083366683186275,3.2282478895478075,2.0020865482878145,-0.4898798592505281,-0.7011793522572096,-2.6324790142551358,1.6546334546276154,0.07058258736132117,3.1003870424573075
United Arab Emirates,2017,0,0.431,1.9286186519452522,1.9078424312562192,-1.9556976553631324,10.68587240404526,1.8865840353285306,4.438958277815245,5.108829447428922,3.057697878203852,1.9415590234991598,-0.5007102900248975,-0.7050173531304328,-2.5916013884589635,1.672919309192189,0.05206180779479927,3.297100386634327
United Arab Emirates,2018,0,0.4299,1.81319474994812,1.7901576690678231,-1.9689518268792683,10.760778724346396,1.8419731211823407,4.441004967776422,5.041791557705646,3.0835920405590165,1.8567403410376762,-0.5118261240995742,-0.7090733311102045,-2.551046452292545,1.5939431045211814,0.11577984300550406,3.5330208110634227
United Arab Emirates,2019,0,0.4299,1.884034745337226,1.8626793731528375,-1.9730758850619474,10.735061161421374,1.8419731211823407,4.4430020930437335,5.098781406137913,3.0800536607630784,1.8919039151559363,-0.5118261240995742,-0.7090733311102045,-2.551046452292545,2.1234132854934797,0.2893774820441603,3.4466497679341157
United Arab Emirates,2020,0,0.4299,1.8309801823813363,1.8097977653643205,-2.0341761580056326,10.54512429137497,1.8419731211823407,4.444948915651032,5.200108374181998,3.1260161800488895,1.949643070819387,-0.5118261240995742,-0.7090733311102045,-2.551046452292545,2.4185045881259937,0.4129733695358084,3.04622258984143
Yemen,2005,0,0.3332999999999999,-0.4620354595965587,-1.2496843996640878,-1.06884544634104,6.598726863811675,2.33214389523559,3.362192438632784,4.340856736903271,-0.044552694937061044,0.9072823367992469,-0.36140037694606386,-0.4980739398408275,-2.8302178350764176,-1.2436713996507451,0.0,4.409135580317515
Yemen,2006,0,0.3285,-0.4780358009429998,-1.2819616298451244,-1.0714615157710687,6.696680021509515,2.3493381816984007,3.375467500585622,4.407647629067567,0.015300547341374307,0.8610626951479606,-0.35610367857044023,-0.48939034304592566,-2.8387285247443264,2.294633395839487,0.0,4.393050872870549
Yemen,2007,0,0.3242999999999999,-0.5108256237659907,-1.2434108716743715,-1.1660312645732367,6.791564963402834,2.324762593309733,3.3880835667182834,4.371008919286992,-0.02674411698723634,0.8868391588294825,-0.3563892704615717,-0.48532033335762875,-2.810082926667362,1.9874690378871802,0.0,4.188729255834133
Yemen,2008,0,0.3197999999999998,-0.527632742082372,-1.2146954152527687,-1.2269016780132749,6.976941575727527,2.2996776446529243,3.4000188113220062,4.397465820331724,-0.02315972805840759,0.8963287733698855,-0.3565320969989851,-0.48094324928412097,-2.7806208939370456,2.3337860487932836,0.0,4.214620514462396
Yemen,2009,0,0.3147999999999999,-0.4620354595965587,-1.1850839184214617,-1.1261495511696806,6.876515880489908,2.2727700079148603,3.4112516749269224,4.220557022310688,0.0366845189607558,0.984095017540421,-0.35681781128664297,-0.4761021877076051,-2.7488721956224653,0.4360496688517407,0.0,3.7199752788283016
Yemen,2010,0,0.3092999999999999,-0.4780358009429998,-1.2365150142216028,-1.1098587249285576,7.052031410633491,2.2442708666226703,3.4217606617629093,4.164890576864272,-0.03564230729128267,0.9135926845029632,-0.357103607230286,-0.4708039494165046,-2.7150748160391744,0.57738089164915,0.002005350102536178,3.7928484205331245
Yemen,2011,0,0.3028999999999999,-0.5621189181535413,-1.3685300956387596,-1.1535355755015846,7.078742010177455,2.2118140144696037,3.4315241396525344,4.144078058375948,-0.19813659789019245,0.9048524735056396,-0.35738948487660116,-0.4647375195732356,-2.676551534042839,-1.2855093885887423,0.0023867161076043504,3.846261225918226
Yemen,2012,0,0.2875,-0.5108256237659907,-1.4748152075183747,-0.9910708732609409,7.126931517082894,2.307225472550548,3.440520140437541,4.116784838296408,-0.32873562155650826,0.7726336684533733,-0.33589240475620386,-0.4338645826298623,-2.7410900551804103,-1.2803606388441917,0.004131750258173196,3.528823457403116
Yemen,2013,0,0.2714999999999999,-0.4155154439616658,-1.2244142259943214,-1.0049302326935778,7.228932591999647,2.4088769551800766,3.448167439471741,3.9610393942298825,-0.07183819773402718,1.0651099472984704,-0.31416294970137826,-0.4028684822608984,-2.811745437440975,-0.3714023914635598,0.004879378123975623,3.103227430377433
Yemen,2014,0,0.3444,-0.4780358009429998,-1.2935044279526138,-1.0622065090884607,7.265544548577538,2.2952247385877533,3.461433417183751,3.8762515792941667,-0.1280945874419783,1.128591974124318,-0.3746934494414107,-0.5181859781722831,-2.8134107167600364,-0.652666566082356,0.010310257460100083,2.8935387326707445
Yemen,2015,0,0.3444,-0.8209805520698302,-2.0389771327324406,-1.171704992035056,7.216837093883103,2.2952247385877533,3.477797798221495,3.41337819622066,-0.7913232771834946,0.9560120738552009,-0.3746934494414107,-0.5181859781722831,-2.8134107167600364,-0.059964058195334,0.22048665047665314,1.2996090178979502
Yemen,2016,0,0.3444,-0.9675840262617056,-2.2728439793977633,-1.283805572137778,6.882806035893282,2.2952247385877533,3.4950277033959725,3.436614211873035,-1.1621913981882286,0.8939224911469281,-0.3746934494414107,-0.5181859781722831,-2.8134107167600364,-1.8184464592320668,0.3638681410452723,0.6609902978801165
Yemen,2017,0,0.3444,-0.941608539858445,-2.022817086145723,-1.3558904368268085,6.698472682259946,2.2952247385877533,3.5132958835864323,3.760499979311012,-1.2785463617707484,1.2602636059665602,-0.3746934494414107,-0.5181859781722831,-2.8134107167600364,-1.17800617366137,0.3534921030471047,1.4060283098139608
Yemen,2018,0,0.3444,-0.916290731874155,-1.852045442003853,-1.4143477042431354,6.451871024494351,2.2952247385877533,3.5325356714754585,4.026740417463151,-1.0861787168787722,1.4256883770795852,-0.3746934494414107,-0.5181859781722831,-2.8134107167600364,-0.02999550182152406,0.7086232217258939,2.2772355327736635
Yemen,2019,1,0.3444,-0.8915981192837836,-1.8305183809298184,-1.387616971343714,6.606473177129524,2.2952247385877533,3.5526803970976193,3.936954465252893,-1.0914626980109343,1.4759306677058306,-0.3746934494414107,-0.5181859781722831,-2.8134107167600364,-0.27646469136566165,0.6700586607938074,2.102498511727543
Yemen,2020,1,0.3444,-0.941608539858445,-1.9808259545191114,-1.3781486099491616,6.61228834830041,2.2952247385877533,3.5752224077271797,3.934288944553222,-1.2117002509512236,1.3805048059629457,-0.3746934494414107,-0.5181859781722831,-2.8134107167600364,-0.2084863500741288,0.7278549828314763,2.0992317108773397
