country,year,palma,top10_share,bottom40_share,middle50_share,ef_prod,ef_carbon,ef_noncarbon,gdp_per_capita,urban_pct,trade_openness,oil_rents,gini_wid,co2_owid,energy_intensity_eia,renew_share_eia,fdi_unctad
Algeria,2005,4.6787148594377514,0.466,0.0996,0.4344,1.48,0.8511180276177015,0.6288819723822985,3233.1333963421216,63.6598541890144,66.84046022039064,27.9141141505655,0.5687,3.3091779,3.8233658835587017,0.3132557884137673,1.07
Algeria,2006,4.6787148594377514,0.466,0.0996,0.4344,1.5,0.8709494252531711,0.6290505747468289,3660.661047453223,64.4154348614309,65.91529196776213,29.5343935472454,0.5687,3.0870595,3.8842007183574263,0.2511383026909397,1.53
Algeria,2007,4.384909264565425,0.4591,0.1047,0.43620000000000003,1.49,0.9137342860652717,0.5762657139347283,4167.451699375306,65.1690763324461,67.54547339397634,27.9267087662485,0.5584,3.1456718,3.766246830953647,0.31688557335719353,1.22
Algeria,2008,4.123974475843209,0.4524,0.1097,0.43789999999999996,1.49,0.9336302381020766,0.5563697618979234,5180.918815146864,65.901485871159,71.02849225052607,29.1086401323721,0.5482,3.119057,4.029544559189538,0.3000936057528025,1.46
Algeria,2009,3.885789014821273,0.4457,0.1147,0.4396,1.58,0.9449165126344026,0.6350834873655975,4235.42990456612,66.5097384559521,64.28475472389927,19.9046263657492,0.5381,3.277727,4.089874281374862,0.41249765290427165,1.83
Algeria,2010,3.675313807531381,0.4392,0.1195,0.4413,1.58,0.965427542679658,0.614572457320342,4912.785855036717,67.1235057867459,63.4912159928425,21.9939993236664,0.5282,3.25651,3.96209290129284,0.5605134716143532,1.29
Algeria,2011,3.481094127111826,0.4327,0.1243,0.44300000000000006,1.65,1.0167739557872717,0.6332260442127282,5916.3136436434315,67.7344007507578,62.220089961047854,25.0260096148481,0.5185000000000001,3.3795078,4.215328912237445,0.6979363559670733,1.18
Algeria,2012,4.063588850174217,0.4665,0.1148,0.41869999999999996,1.72,1.077966594237931,0.6420334057620689,6033.648846895432,68.3421258553675,60.7576393340605,22.6025382987382,0.549,3.6017866,4.448945970825746,0.6564983644984203,0.66
Algeria,2013,4.771428571428571,0.501,0.105,0.394,1.76,1.0846470055344117,0.6753529944655883,5979.601389605846,68.9463836079277,59.15100815724396,20.8724313901278,0.5801000000000001,3.6844282,4.213667239543677,0.4121481221899327,0.74
Algeria,2014,4.771428571428571,0.501,0.105,0.394,1.73,1.1084250478255324,0.6215749521744676,6094.693923149557,69.5468765157615,56.92354196698671,19.3167294732848,0.5801000000000001,3.8881397,4.569352635296047,0.29708409976106964,0.63
Algeria,2015,4.771428571428571,0.501,0.105,0.394,1.73,1.1275182348605055,0.6024817651394945,4685.059027290017,70.1433070861612,53.204622590414495,11.7459031918092,0.5801000000000001,4.0060844,4.528485091435279,0.21452819781099322,-0.31
Algeria,2016,4.771428571428571,0.501,0.105,0.394,1.6,1.0593563635384462,0.5406436364615539,4424.985290275557,70.7353778263851,49.76093279252163,10.0262189142963,0.5801000000000001,3.8752885,4.327699349936444,0.1335808387480274,0.91
Algeria,2017,4.771428571428571,0.501,0.105,0.394,1.62,1.0981736560700228,0.5218263439299773,4554.667539578281,71.3227912436551,49.82081617125868,12.1565741270026,0.5801000000000001,3.9638858,4.313797538984813,0.36500510227912264,0.65
Algeria,2018,4.771428571428571,0.501,0.105,0.394,1.78,1.1257770379955299,0.6542229620044702,4577.210291804906,71.905249845153,52.43616767792233,15.9428081774505,0.5801000000000001,4.104483,4.504810263752467,0.4203033940681222,0.76
Algeria,2019,4.771428571428571,0.501,0.105,0.394,1.76,1.1442107658016607,0.6157892341983393,4468.453418836562,72.4824561380175,46.50684260816725,14.1421031504305,0.5801000000000001,4.2135787,4.661802644370673,0.4727782621849701,0.71
Algeria,2020,4.771428571428571,0.501,0.105,0.394,1.64,1.030023954352767,0.609976045647233,3743.5419522928983,73.0541126293395,40.389756562538814,9.03841379679424,0.5801000000000001,3.8857946,4.644980122158311,0.3645610648023682,0.69
Bahrain,2005,9.8841059602649,0.597,0.0604,0.3426,8.33,8.144343151005142,0.18565684899485824,17966.165783762463,91.168165501421,148.31352510892302,20.0931217396654,0.6886,26.255672,11.825301179488742,0.0,6.57
Bahrain,2006,8.691376701966716,0.5745,0.0661,0.35939999999999994,8.45,8.244982495792355,0.2050175042076443,19267.28261507196,92.7186075361661,147.10418106898885,20.3670614713082,0.668,24.165707,11.85088770812754,0.0018743256944051014,15.62
Bahrain,2007,7.614958448753463,0.5498000000000001,0.0722,0.3779999999999999,8.25,8.075051304602756,0.17494869539724434,20908.404254807345,94.460505558445,137.7850505723042,18.9906048191926,0.6455000000000001,25.180452,11.235670461392647,0.007910701157651226,4.13
Bahrain,2008,6.613924050632912,0.5225000000000001,0.079,0.39849999999999997,8.37,8.193325659626487,0.1766743403735127,23299.499278039202,96.3461384245376,145.88251114582147,21.6815768768211,0.6206,26.344282,11.074579547636423,0.0,10.01
Bahrain,2009,5.684757505773672,0.4923,0.0866,0.42110000000000003,7.65,7.487629266644136,0.16237073335586416,19465.31407450379,98.3277849907243,117.96372540948919,14.4351176966592,0.5931000000000001,23.77264,10.692924012436478,0.09860421530800015,1.08
Bahrain,2010,6.121686746987951,0.5081,0.083,0.40890000000000004,7.94,7.813088918927829,0.12691108107217097,21819.329109809907,100.0,115.56148644961578,17.3156329535965,0.6074,24.02024,10.404484314562785,0.10044013231274457,0.58
Bahrain,2011,6.57286432160804,0.5232,0.0796,0.3972,8.02,7.899719904203923,0.12028009579607701,25032.786774333345,100.0,167.52964103585376,23.3980559518896,0.621,23.654049,10.099754185983214,0.07041341368783834,0.33
Bahrain,2012,7.047182175622543,0.5377000000000001,0.0763,0.3859999999999999,8.25,8.124366521417414,0.12563347858258567,26438.67332304283,100.0,178.82402082168437,20.0940234657871,0.634,22.364824,10.452186790829522,0.0,4.83
Bahrain,2013,7.5444596443228455,0.5515,0.0731,0.37539999999999996,8.36,8.223950843143493,0.13604915685650631,26989.760114846904,100.0,184.5895088448501,20.8660137007827,0.6465000000000001,24.839422,11.03960140318806,0.008742685719761428,11.02
Bahrain,2014,8.057061340941514,0.5648000000000001,0.0701,0.3651,8.25,8.110493201812849,0.13950679818715095,26451.796564745277,100.0,168.57585814185967,18.8709266924557,0.6585000000000001,23.590342,10.490960049903713,0.005599296210022604,4.37
Bahrain,2015,8.59375,0.5775,0.0672,0.35529999999999995,7.86,7.724047019311503,0.13595298068849715,23734.05511430191,100.0,147.91606017290388,9.82474436918962,0.67,23.743637,10.324623421252523,0.00014751722522680227,0.2
Bahrain,2016,8.59375,0.5775,0.0672,0.35529999999999995,7.27,7.146095411303861,0.12390458869613852,23800.001440631015,100.0,132.82299790277412,7.62960432748572,0.67,22.128733,9.923140796334968,0.0,0.72
Bahrain,2017,8.59375,0.5775,0.0672,0.35529999999999995,7.31,7.173534909142437,0.13646509085756264,24784.76935146067,100.0,136.42923981039402,8.93795259727704,0.67,22.210873,9.686230507083618,0.0246494445931572,3.83
Bahrain,2018,8.59375,0.5775,0.0672,0.35529999999999995,7.27,7.139715417025567,0.1302845829744328,26324.40665495586,100.0,144.07537257453507,11.3900811220261,0.67,21.83343,9.646773329882596,0.10258769780839988,4.18
Bahrain,2019,8.59375,0.5775,0.0672,0.35529999999999995,7.91,7.772442063176883,0.137557936823117,27259.743859932696,100.0,135.41754339821145,9.8481886760226,0.67,25.319227,10.33493511832678,0.04367252938548799,3.71
Bahrain,2020,8.59375,0.5775,0.0672,0.35529999999999995,7.57,7.440206866790732,0.12979313320926789,24342.844455471797,100.0,135.4609850129314,6.69558923237194,0.67,25.23751,10.870464907738782,0.0,2.85
Egypt,2005,5.061122244488978,0.5051,0.0998,0.3951,1.05,0.6914349144893405,0.3585650855106596,1105.5392071390345,42.9569271409488,62.95264623955432,11.8509312061057,0.5894,2.0583456,3.9392885261564654,1.179869056448685,5.69
Egypt,2006,5.0641925777332,0.5049,0.0997,0.3954,1.08,0.7083018945494822,0.37169810545051785,1298.9790020312446,42.9729991680104,61.518536506394696,11.7296934107586,0.5897,2.1570544,3.908051819070208,1.1809939786719343,9.32
Egypt,2007,5.066265060240965,0.5046,0.0996,0.39579999999999993,1.11,0.7557006723131797,0.3542993276868204,1547.7417073590857,42.9729666344509,65.07787325456499,10.7818588338143,0.5900000000000001,2.245012,3.852340432116903,1.4570060410802044,8.76
Egypt,2008,5.0744466800804835,0.5044000000000001,0.0994,0.3961999999999999,1.13,0.775591173565885,0.35440882643411487,1896.2159426977898,42.9608989120873,71.68062534896706,12.4545677729971,0.5902000000000001,2.2810254,3.7806100781960215,1.313040374561848,5.76
Egypt,2009,4.777242044358728,0.4954,0.1037,0.40090000000000003,1.1,0.7523871106356912,0.3476128893643089,2161.6396457392652,42.9383470624904,56.55344463634619,6.24755741424533,0.5796,2.345589,3.8051870638226566,1.117230416496464,3.57
Egypt,2010,4.50462962962963,0.4865,0.108,0.40549999999999997,1.1,0.7703708570217757,0.32962914297822443,2455.0819464528213,42.9057175520154,47.936350074589754,7.41778712942652,0.5691,2.2725692,3.7571255061111657,1.174784463804225,2.98
Egypt,2011,4.713185755534168,0.4897,0.1039,0.4064,1.13,0.7890596872869624,0.3409403127130375,2590.6438489196503,42.8634168470177,45.2556341623514,9.74186285549743,0.5763,2.4335008,3.917722770764797,1.2067570275390243,-0.21
Egypt,2012,4.94282848545637,0.4928,0.0997,0.4075,1.14,0.8009950730455877,0.3390049269544122,2996.0677072015005,42.8118514138525,40.71176927210844,8.38345897037217,0.5835,2.28126,3.9590230077854622,1.2910446839082403,2.18
Egypt,2013,5.045500505561173,0.499,0.0989,0.4021,1.11,0.7714518700646992,0.3385481299353009,3025.525635524481,42.7514277188751,40.37303805633197,7.82863019779494,0.5880000000000001,2.2981055,3.851327567787743,1.3514892703928418,1.57
Egypt,2014,5.1478083588175325,0.505,0.0981,0.39690000000000003,1.08,0.7473316674989003,0.33266833250109973,3133.391022655408,42.6825522284408,36.92018779342723,6.82340013626772,0.5923,2.3301265,3.657077265166112,1.3735730558051225,1.53
Egypt,2015,5.248715313463515,0.5107,0.0973,0.3919999999999999,1.06,0.733765433400303,0.3262345665996971,3306.9815941414076,42.6056314089048,34.84594296002291,3.05526433674059,0.5965,2.2757032,3.521261027443103,1.4405947360477476,2.18
Egypt,2016,5.104040404040403,0.5053,0.099,0.39570000000000005,1.06,0.7320676767179891,0.32793232328201094,3270.628776819699,42.5210717266225,30.246549051450504,2.35006516963224,0.5915,2.411969,3.425781238985502,1.4697702259231498,3.0
Egypt,2017,4.971172962226641,0.5001,0.1006,0.3993,1.11,0.780622232294399,0.3293777677056011,2395.1033329949128,42.4486008687179,42.832134358160786,4.12683269397819,0.5867,2.443332,3.477738890289347,1.3203724124316554,3.6
Egypt,2018,4.969246031746032,0.5009,0.1008,0.3983,1.07,0.7429155769194375,0.3270844230805625,2484.7031563050828,42.4577177449969,45.911019673395906,5.47658822874947,0.5870000000000001,2.2889705,3.2140881597103923,1.5044966282805292,3.1
Egypt,2019,4.9722497522299305,0.5017,0.1009,0.3974,0.96,0.6670603051518786,0.2929396948481213,2962.9889202300265,42.4812027332648,41.12401715511079,3.8819618632175,0.5873,2.1762276,2.8853138602319484,2.012173327578222,2.7
Egypt,2020,4.676470588235294,0.4929,0.1054,0.40169999999999995,0.98,0.6619501715226639,0.3180498284773361,3511.1138102637947,42.5181534630674,32.12625556675226,1.85770095140202,0.5773,2.2533324,2.898686032225307,2.2778277404947613,1.5
Iran,2005,6.998677248677248,0.5291,0.0756,0.3953,2.75,2.0472477080824465,0.7027522919175535,3132.0508192006955,67.8708801269531,54.44049526355364,31.6076762648214,0.6271,6.498752,7.778650150879593,1.0039711420337545,1.26
Iran,2006,6.969696969696971,0.529,0.0759,0.3951,2.87,2.156861395123227,0.7131386048767729,3618.916013644281,68.3101850492144,53.16735871438452,31.5582038058527,0.6266,6.826492,7.846711991180661,1.0411106124946348,0.85
Iran,2007,7.381668946648428,0.5396000000000001,0.0731,0.3873,3.03,2.311737580191575,0.7182624198084246,4687.991662607176,68.806189933608,49.887306922593396,26.1252401169156,0.6356,6.806341,7.427892296170702,0.953700734043022,0.56
Iran,2008,5.420131291028447,0.4954,0.0914,0.4132,2.86,2.3382037418127983,0.5217962581872015,5377.411507295701,69.3790072996746,48.22940277414385,30.5659738980313,0.5901000000000001,6.999057,7.801038820015064,0.3494019941280577,0.46
Iran,2009,5.824940047961631,0.4858,0.0834,0.43079999999999996,2.88,2.3201398156891777,0.5598601843108222,5415.522805534456,69.99007683587,43.69958022435846,17.5512587993854,0.5924,7.1072636,8.185328140949588,0.3498621653584556,0.68
Iran,2010,6.1517323775388295,0.5149,0.0837,0.4014,2.95,2.3411835191576422,0.608816480842358,6291.194436554542,70.6092626774386,43.77064373713993,20.2248363529261,0.6119,7.252517,7.919141402110077,0.5107698624518507,0.7
Iran,2011,4.77707676130389,0.4543,0.0951,0.4506,2.92,2.3743923473787882,0.5456076526212117,8025.687433643556,71.204050944517,41.21941479185781,22.3514589221281,0.5619000000000001,7.3531413,7.651447959153258,0.5605729058147125,0.66
Iran,2012,5.63063063063063,0.5,0.0888,0.4112,2.92,2.375410857420758,0.544589142579242,8114.080998318772,71.7633634041294,44.08934668074519,18.4120723402826,0.5962000000000001,7.5503836,7.960543914615839,0.4971940610623261,0.72
Iran,2013,4.9787878787878785,0.4929,0.099,0.4081,2.97,2.4159260682437416,0.5540739317562586,6222.741948403264,72.3030873515412,47.08671791947549,21.2565665523955,0.5815,7.5856357,8.495751856313838,0.5094444345654106,0.53
Iran,2014,4.927624872579001,0.4834,0.0981,0.4185,3.0,2.413117162769012,0.5868828372309882,5672.063728963186,72.8324070385223,45.35142014131612,21.2353758265799,0.5766,7.9044347,8.622757717512203,0.4298350063483186,0.45
Iran,2015,4.455417066155321,0.4647,0.1043,0.43100000000000005,2.93,2.3181717974228815,0.6118282025771187,4952.733555321775,73.3561403575949,39.42258866117996,12.2663527393474,0.5591,7.770076,9.066001173737892,0.4379783023375089,0.49
Iran,2016,4.3028571428571425,0.4518,0.105,0.44320000000000004,2.92,2.243799912184622,0.6762000878153778,5710.599470891042,73.8796100096595,39.8772417738866,10.8895031509112,0.5505,7.6919622,8.72538732995581,0.46731160328062027,0.72
Iran,2017,4.967368421052631,0.4719,0.095,0.43310000000000004,3.05,2.3634317532824944,0.6865682467175054,6000.933464044092,74.4011840820312,43.15569313839062,14.6204399688795,0.5743,8.190451,8.695467319897638,0.3619134355163345,1.0
Iran,2018,5.020942408376963,0.4795,0.0955,0.42500000000000004,3.01,2.29502696300425,0.7149730369957497,4783.010673402372,74.8034286499023,56.61534961428295,27.6646471563106,0.5774,7.7164273,9.23048635095586,0.43447626185905774,0.77
Iran,2019,4.725985844287158,0.4674,0.0989,0.4337,3.18,2.4867749932224106,0.6932250067775896,3997.493544958496,75.2038879394531,48.59177121370379,20.0780490508657,0.5663,8.354448,9.886658161869532,0.7630653833324739,0.5
Iran,2020,4.32132701421801,0.4559,0.1055,0.4386,3.14,2.463638766851262,0.6763612331487381,3202.500035021685,75.5986404418945,43.88446749050129,13.2733495355914,0.5507000000000001,8.49939,9.881863355130772,0.4641173753689951,0.42
Iraq,2005,7.185714285714286,0.5533,0.077,0.36970000000000003,1.06,0.8543351732295106,0.20566482677048947,1762.39360423421,68.391425621866,115.74254030864199,65.1575951980304,0.6439,4.022954,5.43810404289035,2.3313800344612527,1.03
Iraq,2006,7.185714285714286,0.5533,0.077,0.36970000000000003,1.07,0.8187834640854053,0.2512165359145948,2276.554357440865,68.5590667282222,89.65051985817777,63.5551402676835,0.6439,3.4538834,5.044267767834346,2.886240912526387,0.59
Iraq,2007,7.185714285714286,0.5533,0.077,0.36970000000000003,1.03,0.7745479296693388,0.2554520703306612,3128.9901032906632,68.716475540845,74.09285310549804,52.9273802567399,0.6439,2.1612523,4.523868349615901,2.8522409540607985,1.09
Iraq,2008,6.8217821782178225,0.5512,0.0808,0.368,1.1,0.8823459666563115,0.2176540333436886,4542.966090460324,68.8569818968574,81.05554326658347,55.3793146361864,0.6375000000000001,3.2561963,4.736673581226769,2.0492479979743514,1.5
Iraq,2009,6.516014234875445,0.5493,0.0843,0.36639999999999995,1.1,0.8695612511727249,0.23043874882727522,3714.7120598719403,68.9742328505284,78.6873788189898,39.1145928006965,0.6315000000000001,3.5002573,5.514121223063958,2.323438849435687,1.24
Iraq,2010,6.251141552511416,0.5476,0.0876,0.3648,1.26,0.999906137463199,0.260093862536801,4461.751961615549,69.0582953378474,73.4974796202443,43.2562312170542,0.626,3.671512,5.338939607268349,2.940340564814905,1.01
Iraq,2011,6.026490066225166,0.546,0.0906,0.36339999999999995,1.27,1.0074761981754525,0.2625238018245475,5775.542290802934,69.1252233869916,72.17132822336548,50.9263659501053,0.6209,3.8408003,5.139852941827082,2.6275928825005535,1.01
Iraq,2012,6.1747343565525386,0.523,0.0847,0.3923,1.36,1.0644330377836149,0.29556696221638523,6477.596184509547,69.2222213745117,73.60868459128123,49.6110993818029,0.618,3.9827716,5.229639357735823,3.105606721732943,1.56
Iraq,2013,4.179723502304148,0.4535,0.1085,0.43799999999999994,1.38,1.0843039510231847,0.29569604897681523,6650.352822473952,69.444450378418,67.41001840956719,45.3313602184612,0.5503,4.016338,5.1299872050167,2.8366794775035453,-1.0
Iraq,2014,4.617704280155642,0.4747,0.1028,0.4225,1.28,0.9778744791395919,0.3021255208604081,6249.3922697896905,69.6666641235352,68.98248685690363,46.6038527995508,0.5690000000000001,3.7623115,4.851831617051199,2.4733616776756677,-4.46
Iraq,2015,5.118556701030927,0.4965,0.097,0.4065,1.2,0.8894464663675936,0.31055353363240634,4440.141892523674,69.920524597168,69.59176859831146,37.2575416723352,0.5882000000000001,3.7946744,4.069526381399302,2.856787311100126,-4.54
Iraq,2016,5.702197802197802,0.5189,0.091,0.3901,1.29,0.9546263803106869,0.3353736196893131,4334.4209640418785,69.9123778259643,54.588320188676995,32.9650560560142,0.6079,3.9805984,4.414218369894482,2.2741856994984566,-3.75
Iraq,2017,6.382803297997644,0.5419,0.0849,0.3732,1.36,1.055197267740115,0.3048027322598852,4759.284643546699,69.8944511190753,59.780912392315685,38.9203120843433,0.6282,4.257336,6.675727438686264,1.0418461852120986,-2.69
Iraq,2018,7.194656488549618,0.5655,0.0786,0.3559,1.38,1.1016726188110944,0.27832738118890554,5646.689320747416,69.8765148865842,65.80179177010834,45.7658631354446,0.649,4.62321,6.279996521083887,0.8985841582391947,-2.15
Iraq,2019,8.180305131761443,0.5898,0.0721,0.33810000000000007,1.51,1.2079029767771567,0.30209702322284326,5671.856863294203,69.8683395385742,68.98993842028058,40.2312783051026,0.6704,4.655681,6.565267247140201,1.4385866011688428,-1.5
Iraq,2020,9.400611620795107,0.6148,0.0654,0.3198,1.39,1.0761353718011426,0.3138646281988573,4295.189451212281,69.8683166503906,57.742316395146,27.035001916172,0.6924,4.086228,6.7095145707817,1.657252699724926,-1.58
Jordan,2005,6.037383177570094,0.5168,0.0856,0.39759999999999995,1.3,1.1168326536298487,0.1831673463701513,2087.8707927363457,78.412126230667,146.90889127901764,0.00299417370715913,0.6135,3.4480503,4.786598050956672,0.9523650332608093,15.29
Jordan,2006,6.141843971631207,0.5196000000000001,0.0846,0.39579999999999993,1.23,1.0597900852137032,0.17020991478629677,2342.634595749326,78.755612573541,141.74738183112575,0.00336695469227265,0.6165,3.2407455,4.562051503698093,0.6024210271483627,22.82
Jordan,2007,6.131147540983607,0.5236000000000001,0.0854,0.3909999999999999,1.2,1.0515947170375102,0.14840528296248978,2506.205994841393,79.3358270749644,145.99424628852637,0.0032269913821269,0.617,3.1784663,4.046938557708674,0.15955472690990105,14.86
Jordan,2008,6.1242740998838565,0.5273,0.0861,0.38660000000000005,1.11,0.9754280122520161,0.13457198774798396,3241.6524135555965,80.1290966207551,140.9129259609196,0.0047965442664046,0.6174000000000001,3.0025284,3.602822520745869,0.3926977528378093,12.47
Jordan,2009,6.052391799544418,0.5314,0.0878,0.3808,1.12,0.9599074456540764,0.16009255434592373,3435.833759069801,81.1117480967305,112.1519981871085,0.00223180513092879,0.6179,3.0167632,3.5649165604551447,0.3939838930461047,9.83
Jordan,2010,5.983240223463687,0.5355,0.0895,0.375,1.11,0.9406886902086325,0.16931130979136755,3718.465716229453,82.2601083887084,114.22267769412522,0.00222485703710613,0.6183000000000001,2.855723,3.616126955645768,0.8135694473514451,6.22
Jordan,2011,5.456498388829216,0.508,0.0931,0.39890000000000003,1.13,0.9673793717465062,0.16262062825349366,3946.8550385552453,83.5505043825064,118.69967950180138,0.00229864970418629,0.5995,2.8620572,3.679198554687835,1.85552142913744,5.03
Jordan,2012,5.348242811501597,0.5022,0.0939,0.40390000000000004,1.26,1.082312415893757,0.17768758410624308,4169.504700546181,84.9592629639423,117.85558768518946,0.00247522898810274,0.5947,3.1723576,3.811416233361479,0.775663582576568,4.89
Jordan,2013,5.24630021141649,0.4963,0.0946,0.4091,1.16,1.0038155311500148,0.15618446884998516,4311.219167130379,86.4627110188335,111.45152799762823,0.00191267840155804,0.5898,3.010706,3.684585369013908,0.4134472535669341,5.65
Jordan,2014,5.24630021141649,0.4963,0.0946,0.4091,1.12,0.9568802883625598,0.16311971163744032,4191.180500849864,88.0371754329978,109.93880553502171,0.00161998790264992,0.5898,2.97608,3.6593614248708017,0.45504369932847866,5.91
Jordan,2015,5.24630021141649,0.4963,0.0946,0.4091,1.02,0.8566260124697084,0.16337398753029164,4042.756780975546,89.8881391939133,95.35791222667909,0.000429911043278417,0.5898,2.7029984,3.846675289279061,0.7386481704338403,4.15
Jordan,2016,5.24630021141649,0.4963,0.0946,0.4091,0.93,0.7802923129197313,0.14970768708026871,3986.7167701085286,90.56272794707,88.72071789546874,0.000250812593463262,0.5898,2.493358,3.9778331844233135,1.01968327187269,3.89
Jordan,2017,5.24630021141649,0.4963,0.0946,0.4091,0.97,0.831965761857302,0.138034238142698,4065.6162874938427,90.8764609714428,89.7316005071358,0.000211794657558038,0.5898,2.548305,3.984975233510712,1.1992616882993798,4.88
Jordan,2018,5.24630021141649,0.4963,0.0946,0.4091,0.9,0.761421962665953,0.13857803733404706,4145.439896732647,91.2008859099729,87.63591519068568,0.000980515945675632,0.5898,2.429594,3.7705041222027194,1.994945878510799,2.2
Jordan,2019,5.24630021141649,0.4963,0.0946,0.4091,0.85,0.7027973463019705,0.14720265369802943,4170.114400346496,91.515966492507,85.68783349642038,0.000787731412940435,0.5898,2.3022892,3.630965533930017,2.7906342782963356,1.64
Jordan,2020,5.24630021141649,0.4963,0.0946,0.4091,0.75,0.5995191068733203,0.15048089312667967,4022.0401356134957,91.8216722992319,66.05994880890592,0.000467720334463903,0.5898,1.8979398,3.271977046331969,4.146539554261864,1.74
Kuwait,2005,7.542068965517243,0.5468000000000001,0.0725,0.3806999999999999,10.27,10.063068951488518,0.20693104851148192,36122.61427412268,100.0,92.24268009426446,53.3164834648164,0.6502,33.35809,7.724183645775659,7.659023843395453e-05,0.29
Kuwait,2006,7.542068965517243,0.5468000000000001,0.0725,0.3806999999999999,10.24,10.031792635945752,0.2082073640542479,42946.637410406605,100.0,89.71309319805222,51.0394540758358,0.6502,32.232666,7.133199651247928,0.00013654657416344344,0.12
Kuwait,2007,7.542068965517243,0.5468000000000001,0.0725,0.3806999999999999,10.2,9.990000757608986,0.20999924239101375,45709.41328763706,100.0,91.73250339158886,48.1550015709463,0.6502,30.820711,7.153311548189678,0.00014563568734122105,0.1
Kuwait,2008,7.3956639566395665,0.5458000000000001,0.0738,0.38039999999999996,10.33,10.145457151262342,0.18454284873765836,55585.18893444415,100.0,92.68345625167214,52.8912935555667,0.6493,31.847826,7.491440066884746,7.091992364270213e-05,-0.0
Kuwait,2009,7.243351063829788,0.5447000000000001,0.0752,0.3800999999999999,9.77,9.588829825289396,0.18117017471060315,37907.100132004154,100.0,88.81106498514569,38.854853146546,0.6483,31.776943,8.644215920022958,6.036078528143996e-05,1.05
Kuwait,2010,7.076822916666667,0.5435,0.0768,0.37970000000000004,9.49,9.297185199278378,0.1928148007216226,39212.25222015503,100.0,97.02802166000642,48.1906069290048,0.6472,30.482365,8.730161671668915,6.173977256957709e-05,1.13
Kuwait,2011,6.896946564885496,0.5421,0.0786,0.37929999999999997,9.46,9.226575821706392,0.23342417829360862,49169.60638130948,100.0,99.11649276469127,58.3689295808333,0.646,27.81871,8.392295525428281,0.0004758686934635674,2.12
Kuwait,2012,6.707196029776676,0.5406000000000001,0.0806,0.3787999999999999,9.12,8.908878280621632,0.211121719378367,52155.22258339213,100.0,101.01143510403207,57.4129637304674,0.6446000000000001,30.326586,8.322149832771554,0.00040511574904061827,1.65
Kuwait,2013,6.508454106280194,0.5389,0.0828,0.37829999999999997,8.67,8.456304468676501,0.2136955313234985,49651.04392750774,100.0,97.6054913328151,55.5579394462588,0.6431,23.675167,8.182160153923181,0.0018344775741018578,0.82
Kuwait,2014,4.104882459312839,0.454,0.1106,0.4354,8.24,8.01601955387272,0.22398044612728008,44368.78134577507,100.0,100.0371898418438,53.239569150436,0.5503,20.457846,8.335154444231033,0.0022895550223925305,0.59
Kuwait,2015,4.104882459312839,0.454,0.1106,0.4354,8.02,7.834054427623258,0.1859455723767418,29882.212649569756,100.0,98.69998844554847,36.4482994431389,0.5503,24.336504,8.776410730962338,0.0024695305516604423,0.27
Kuwait,2016,4.104882459312839,0.454,0.1106,0.4354,7.69,7.518744146434663,0.171255853565337,27323.689073551704,100.0,96.15767237586168,31.6732106195044,0.5503,25.978886,8.68160088848689,0.0051465057128912885,0.38
Kuwait,2017,4.104882459312839,0.454,0.1106,0.4354,7.6,7.434701024625183,0.16529897537481641,29047.653613570285,100.0,97.84004645740897,36.0090908245608,0.5503,24.071701,8.820355671337099,0.009934768392438327,0.29
Kuwait,2018,4.104882459312839,0.454,0.1106,0.4354,7.35,7.181808950846443,0.16819104915355698,32067.9623756889,100.0,102.78563065499988,44.0490671354298,0.5503,23.697384,9.250386995737216,0.018860051610021304,0.15
Kuwait,2019,4.104882459312839,0.454,0.1106,0.4354,7.07,6.881677731029065,0.18832226897093562,31707.87374435514,100.0,91.68571238959534,38.6553473115018,0.5503,23.559092,9.00908476135618,0.02529073143067107,0.25
Kuwait,2020,4.104882459312839,0.454,0.1106,0.4354,6.62,6.460449212979587,0.1595507870204127,25236.075584894115,100.0,82.01251012930516,27.5816891390019,0.5503,20.477186,8.374957117392881,0.035464224503167684,0.22
Lebanon,2005,6.552564102564102,0.5111,0.078,0.41090000000000004,1.48,1.17573419537154,0.3042658046284601,4602.198046379449,86.7665156672703,92.76265627258499,0.0,0.6212,3.5645077,2.692316219199395,2.4613651092792947,15.45
Lebanon,2006,6.499359795134444,0.5076,0.0781,0.4142999999999999,1.46,1.134601590355157,0.325398409644843,4635.251411748604,86.9323508787087,91.06939702984093,0.0,0.6194000000000001,3.1134334,2.48146171030276,2.851964222129298,14.22
Lebanon,2007,8.38030303030303,0.5531,0.066,0.3809,1.32,1.034758841647193,0.28524115835280717,5125.25809960149,87.1024862269079,97.96770796604943,0.0,0.658,2.8376856,2.0118016622961745,3.0867765291996787,13.6
Lebanon,2008,8.426626323751892,0.557,0.0661,0.3768999999999999,1.56,1.2674281015562345,0.2925718984437655,5912.045328208416,87.2769743307677,106.62567317619379,0.0,0.6596000000000001,3.5363462,2.4078389886341878,1.417857745791814,13.74
Lebanon,2009,7.701977401129944,0.5453,0.0708,0.3839,1.68,1.4073972064924114,0.27260279350758854,7090.854938566208,87.4558678091878,90.39783886190924,0.0,0.6471,4.1979804,2.6917152588228586,2.1910746189178028,12.37
Lebanon,2010,8.071532846715328,0.5529000000000001,0.0685,0.37859999999999994,1.68,1.3615800717673452,0.31841992823265475,7625.810515511655,87.6392192810679,95.09665294162426,0.0,0.6541,3.9665632,2.394822708857108,2.6749053737251196,9.65
Lebanon,2011,8.339820359281438,0.5571,0.0668,0.3761,1.65,1.3759078653537467,0.27409213464625326,7834.96257108993,87.8270813653079,102.13988241250311,0.0,0.6586000000000001,3.976463,2.4004900494237544,2.0864616509152873,7.86
Lebanon,2012,8.648233486943164,0.5630000000000001,0.0651,0.3718999999999999,1.76,1.4955691077097029,0.26443089229029715,8406.984056081175,88.0195066808075,88.54550192305915,0.0,0.6639,4.265304,2.6153908243644985,1.5069454572613041,7.07
Lebanon,2013,8.253687315634219,0.5596,0.0678,0.37260000000000004,1.59,1.3249331411140362,0.26506685888596393,8162.379293613964,88.2165478464663,86.17432859205654,0.0,0.6582,3.8589656,2.497450783765179,2.052245385982242,5.68
Lebanon,2014,8.184094256259204,0.5557,0.0679,0.37640000000000007,1.53,1.264700432803581,0.2652995671964191,7577.641330236905,88.4182574811842,79.81715659256272,0.0,0.6564,3.7800622,2.566635677933252,0.37114588631286854,5.96
Lebanon,2015,8.137370753323488,0.5509000000000001,0.0677,0.38139999999999996,1.58,1.3166791039587669,0.2633208960412332,7714.109999880404,88.6246882038608,71.83904263478107,0.0,0.6536000000000001,3.9754894,2.8064790314273407,0.7601985608996424,4.33
Lebanon,2016,8.072485207100593,0.5457000000000001,0.0676,0.38669999999999993,1.66,1.3641798433037169,0.29582015669628303,8089.012088155,88.835892633396,67.7236177908116,0.0,0.6507000000000001,4.1811824,2.8472512381429813,0.4726092835878585,5.07
Lebanon,2017,8.005925925925926,0.5404,0.0675,0.3921,1.82,1.5323582456863736,0.2876417543136265,8608.21084982387,89.0519233886895,68.45542925932757,0.0,0.6476000000000001,4.516256,3.0113872577274856,0.9099973587267737,4.77
Lebanon,2018,7.934718100890208,0.5348,0.0674,0.39779999999999993,1.76,1.475646544521166,0.28435345547883406,9174.536662047589,89.272833088641,68.25730730437184,0.0,0.6444000000000001,4.313433,2.888895910853866,0.511673854970759,4.81
Lebanon,2019,7.858841010401189,0.5289,0.0673,0.40379999999999994,1.82,1.5274921953063116,0.2925078046936884,8905.880054974366,89.4986743521503,62.98091601016004,0.0,0.6411,4.3387065,3.1310929453404945,1.2042463043862588,4.28
Lebanon,2020,7.789865871833085,0.5227,0.0671,0.4101999999999999,1.54,1.2312496492704825,0.3087503507295175,5561.19166950397,89.729499798117,50.1298042879627,0.0,0.6375000000000001,4.1550837,3.7763808833523327,1.2889573414708344,4.86
Libya,2005,4.807967313585291,0.4707,0.0979,0.4314,3.43,2.8362010992012014,0.5937989007987987,8079.249573290012,88.135773324416,90.86088968546147,61.0171738102836,0.5714,9.555808,5.732545027664787,0.020347129074250247,2.12
Libya,2006,4.789205702647658,0.4703,0.0982,0.4315,3.36,2.770504045844544,0.5894959541554559,10048.84804342891,88.1599560242948,97.73810111973812,60.9295741290035,0.5708,8.603376,4.932967445607622,0.015580281840214179,3.43
Libya,2007,4.752786220871328,0.4691,0.0987,0.43220000000000003,3.24,2.6298950917210266,0.6101049082789736,11144.94484134354,88.1560287475586,102.73231550089346,59.9292830144719,0.5697,7.2721353,4.612997256465021,0.0,5.66
Libya,2008,4.72250252270434,0.468,0.0991,0.43289999999999995,3.39,2.7779272640379253,0.6120727359620748,13906.140781812499,88.1474456787109,103.24215804554366,64.8164362995569,0.5686,7.970455,4.796898891385431,0.0,3.67
Libya,2009,4.652304609218437,0.4643,0.0998,0.43589999999999995,3.45,2.8289088992867564,0.6210911007132438,9551.054038697546,88.1345825195312,107.62093050103903,49.9122829981053,0.5658000000000001,8.108886,5.742555037609735,0.0,5.44
Libya,2010,4.58648111332008,0.4614,0.1006,0.43800000000000006,3.6,2.9862458909422207,0.6137541090577794,11600.906864947192,88.1177139282227,98.07721307423898,54.526429982548,0.5633,9.10271,5.765665075380426,0.0,2.53
Libya,2011,4.47605083088954,0.4579,0.1023,0.43979999999999997,2.89,2.2777115651406232,0.6122884348593769,7593.839152570198,88.0970458984375,63.0054352895288,36.3305559734441,0.5592,8.440869,7.61964520767504,0.0,
Libya,2012,4.36923076923077,0.4544,0.104,0.4416,3.51,2.8665518753651287,0.6434481246348711,14975.890279514448,88.0727920532227,98.22431891684482,57.6300935046394,0.5551,9.969773,5.081793913365177,0.02504886778382902,1.54
Libya,2013,4.488304093567252,0.4605,0.1026,0.43689999999999996,3.6,2.999940361290036,0.6000596387099639,11951.713412601106,88.0451431274414,106.3343609181056,45.8016137051651,0.5602,8.143835,6.665331030121137,0.030621251622200942,0.93
Libya,2014,4.614624505928854,0.467,0.1012,0.43179999999999996,3.44,2.8497827220039675,0.5902172779960324,8926.420745914742,88.0142059326172,76.52488263811169,28.6305298163822,0.5655,10.634143,8.458709668948531,0.04239394131357108,
Libya,2015,4.742226680040121,0.4728,0.0997,0.4275,3.0,2.418242082604848,0.5817579173951519,7458.489177563744,87.8159103393555,56.904907332688346,14.4264442000075,0.5706,9.318403,6.788481905016561,0.004439618160335411,
Libya,2016,4.693306693306694,0.4698,0.1001,0.43010000000000004,2.82,2.2398033512612088,0.5801966487387911,7525.8029930821585,87.8160056703177,41.11017606151346,10.7931417666286,0.5685,8.651652,6.745137211292015,0.21770826183673178,
Libya,2017,4.6437810945273625,0.4667,0.1005,0.43279999999999996,2.91,2.328115665024923,0.5818843349750771,9965.832367297568,87.8166729870528,47.5489661921214,20.9466167504799,0.5663,9.956155,8.0070642382467,0.11174654370877224,
Libya,2018,4.68063872255489,0.469,0.1002,0.43080000000000007,2.87,2.3028114806995412,0.5671885193004589,11196.585481084374,87.818484275334,63.78113359681831,30.0345298438813,0.5679000000000001,9.146443,7.134302808968806,0.17728305787548573,
Libya,2019,4.717717717717718,0.4713,0.0999,0.42879999999999996,2.84,2.2661650143935503,0.5738349856064495,9963.194890844828,87.8220115209342,78.99396918501384,32.7515623093831,0.5696,10.6139965,6.874942100656606,0.34355152153980506,
Libya,2020,4.718718718718718,0.4714,0.0999,0.42869999999999997,2.44,1.8756429727197887,0.5643570272802112,6650.338105853479,87.8278267096263,50.975793437331895,9.24399152945122,0.5697,5.1254168,10.9091667319604,0.7010856876846662,
Morocco,2005,5.177228786251343,0.482,0.0931,0.42490000000000006,1.19,0.5007190832100823,0.6892809167899177,2242.98828125,55.4397798676399,61.493827686323456,0.00402070243000557,0.5811000000000001,1.4711298,3.1489769521259525,1.5006571094022652,2.64
Morocco,2006,5.177228786251343,0.482,0.0931,0.42490000000000006,1.35,0.49910955698835274,0.8508904430116473,2438.12646484375,55.9627589629824,64.67219777871544,0.0062368292429596,0.5811000000000001,1.5030109,3.0339093753882547,2.25197903792246,3.55
Morocco,2007,5.177228786251343,0.482,0.0931,0.42490000000000006,1.13,0.5060910971093262,0.6239089028906737,2755.5859375,56.5303841299064,71.34964677966575,0.00648886456293074,0.5811000000000001,1.5683955,3.129753897122474,2.856774636043129,3.55
Morocco,2008,5.177228786251343,0.482,0.0931,0.42490000000000006,1.23,0.5238206968120784,0.7061793031879215,3183.20043945313,57.1254169272616,77.83447164256016,0.0061644205483407,0.5811000000000001,1.6253583,3.0526801805439185,3.2055095121489194,2.66
Morocco,2009,5.177228786251343,0.482,0.0931,0.42490000000000006,1.35,0.49274445221474333,0.8572555477852568,3119.58862304688,57.7306189138977,62.370956015226945,0.00325837372650423,0.5811000000000001,1.5878394,3.0378778538332933,4.149518981316492,2.05
Morocco,2010,5.177228786251343,0.482,0.0931,0.42490000000000006,1.34,0.5286950441987248,0.8113049558012753,3067.9853515625,58.3287516486646,69.54197961014401,0.00546877446444964,0.5811000000000001,1.6744752,3.111529778886921,4.031741373312048,1.63
Morocco,2011,5.177228786251343,0.482,0.0931,0.42490000000000006,1.36,0.5708241828357529,0.7891758171642472,3301.98876953125,58.902576690412,76.8258714906247,0.00726865921109118,0.5811000000000001,1.6670716,3.1046436585694788,3.469801863171116,2.42
Morocco,2012,5.177228786251343,0.482,0.0931,0.42490000000000006,1.28,0.5787409759197967,0.7012590240802034,3164.17724609375,59.4348555979895,78.22210189560718,0.00528452503464482,0.5811000000000001,1.7074838,3.0842572335416447,3.3732783779003785,2.62
Morocco,2013,5.177228786251343,0.482,0.0931,0.42490000000000006,1.4,0.5596929938794114,0.8403070061205885,3379.7431640625,59.9083499302469,73.8577565315318,0.00535817874110864,0.5811000000000001,1.6753621,2.9790533469203475,4.406393162521309,2.89
Morocco,2014,5.177228786251343,0.482,0.0931,0.42490000000000006,1.36,0.5611335543549444,0.7988664456450557,3435.40698242188,60.3030486171654,71.89356675393978,0.00272007561344937,0.5811000000000001,1.6715473,3.0243847000112365,4.369853066822726,2.99
Morocco,2015,5.177228786251343,0.482,0.0931,0.42490000000000006,1.41,0.5601319074422959,0.849868092557704,3146.24780273438,60.6417124737154,67.28867592538485,0.00142730898853635,0.5811000000000001,1.6903471,2.906352633429505,4.27535410553002,2.95
Morocco,2016,5.177228786251343,0.482,0.0931,0.42490000000000006,1.25,0.5407008151669593,0.7092991848330407,3140.85546875,60.9657656537179,71.12266038168643,0.00113281093648473,0.5811000000000001,1.6690949,2.8583051271468967,4.531811671844337,1.93
Morocco,2017,5.177228786251343,0.482,0.0931,0.42490000000000006,1.37,0.581819423129006,0.7881805768709941,3296.52661132813,61.2761057031842,74.17335787865731,0.00131078372177982,0.5811000000000001,1.7238358,2.889391398976525,4.582521726002597,2.27
Morocco,2018,5.177228786251343,0.482,0.0931,0.42490000000000006,1.46,0.5859337105675813,0.8740662894324187,3501.69799804688,61.5695822753314,77.25488752439892,0.00175486944296997,0.5811000000000001,1.7387096,2.815501604210135,4.261393243588494,2.79
Morocco,2019,5.177228786251343,0.482,0.0931,0.42490000000000006,1.39,0.6426242374533635,0.7473757625466364,3508.09765625,61.8430450233765,75.99811587984217,0.00137237053657597,0.5811000000000001,1.8984194,2.844610828100924,2.8421355676540356,1.33
Morocco,2020,5.177228786251343,0.482,0.0931,0.42490000000000006,1.2,0.5806714373964716,0.6193285626035283,3268.0302734375,62.0933436005366,68.84380339043642,0.000839572708870582,0.5811000000000001,1.764199,2.840227261181556,3.3251264748846063,1.17
Oman,2005,10.362799263351748,0.5627,0.0543,0.383,4.66,3.7823131961948127,0.8776868038051875,14434.857792464712,71.8577803438712,86.76130204213179,42.841561539357,0.676,12.942205,5.955219760673508,0.0,4.33
Oman,2006,10.362799263351748,0.5627,0.0543,0.383,5.72,4.909168558806103,0.8108314411938968,16930.856507185275,72.3920261203777,86.14570798541332,40.7520000982427,0.676,16.084703,6.481380933964995,0.0,3.75
Oman,2007,10.362799263351748,0.5627,0.0543,0.383,6.24,5.434346366193676,0.8056536338063243,18792.653772481983,73.0679250158092,94.8657889777347,37.7986997972135,0.676,17.628532,6.374711396646718,0.0,6.9
Oman,2008,10.362799263351748,0.5627,0.0543,0.383,6.09,5.304736287040315,0.7852637129596847,26576.779241508975,73.807772368029,94.76190298771606,37.9131008037865,0.676,18.060146,7.365223979637668,0.0,4.23
Oman,2009,10.362799263351748,0.5627,0.0543,0.383,6.21,5.409626544888366,0.8003734551116342,20655.918024921848,74.5338635149003,91.62793533469967,30.5131215016084,0.676,16.57708,6.898413543510501,0.0,2.68
Oman,2010,10.362799263351748,0.5627,0.0543,0.383,6.77,5.964250666376543,0.8057493336234565,23570.179814732484,75.1579724666274,96.38655462184875,32.5688653439524,0.676,18.650982,7.89806463477283,1.8034717326935956e-39,1.91
Oman,2011,10.362799263351748,0.5627,0.0543,0.383,6.82,6.0673728207595,0.7526271792405002,25188.007415188506,75.6585803514688,101.64173193994188,40.4074409203453,0.676,18.625143,7.851311759949173,0.0,2.26
Oman,2012,10.362799263351748,0.5627,0.0543,0.383,6.56,5.769900848860058,0.790099151139942,24642.297876859564,76.088156621068,102.07476040430008,37.5396768679582,0.676,17.790545,8.518130622705966,0.0,1.56
Oman,2013,10.362799263351748,0.5627,0.0543,0.383,6.17,5.487610298624642,0.6823897013753584,23458.02338400529,76.4914234214313,112.5435217637737,35.9895065337986,0.676,17.107052,8.104699535865247,0.00031786527527521817,1.79
Oman,2014,10.362799263351748,0.5627,0.0543,0.383,6.03,5.417164279789328,0.612835720210672,23160.65022525467,76.8892576748951,102.27872108813001,31.6791185960483,0.676,16.537405,8.74631813886507,0.0002907892893898045,1.39
Oman,2015,10.362799263351748,0.5627,0.0543,0.383,6.16,5.400075748524458,0.7599242514755424,18808.30779218389,77.3025363037955,96.37758018523475,18.8680645519097,0.676,16.220999,8.344155731201392,0.0011609710453695061,-2.76
Oman,2016,10.362799263351748,0.5627,0.0543,0.383,5.88,5.057787049520825,0.8222129504791749,17110.189746054482,77.7521362304688,82.86426420189012,16.2724873177614,0.676,15.0857725,7.794609758521772,0.0011831186704829625,3.02
Oman,2017,10.362799263351748,0.5627,0.0543,0.383,6.01,5.087428703662891,0.9225712963371091,17820.066180933452,78.3142260040136,88.95314801829562,19.3050063067708,0.676,14.621537,8.180766815115168,0.00449541907322602,3.7
Oman,2018,10.362799263351748,0.5627,0.0543,0.383,6.24,5.267899336215821,0.9721006637841789,19901.76156420162,78.9655839720276,89.27921782628468,23.7087990780384,0.676,15.37186,8.851629652838792,0.012562112187544126,6.12
Oman,2019,10.362799263351748,0.5627,0.0543,0.383,6.31,5.285080283322152,1.0249197166778474,19180.186415280146,79.5780017545962,86.47820103132365,21.6117797561797,0.676,15.689613,8.597185217790944,0.01601822723349523,2.2
Oman,2020,10.362799263351748,0.5627,0.0543,0.383,6.26,4.9139732448866775,1.3460267551133223,16784.86306300576,80.0176378922722,91.87589080144721,14.994277961787,0.676,15.886151,8.460081750698448,0.08816701491052756,2.51
Qatar,2005,9.415959252971136,0.5546,0.0589,0.38650000000000007,15.87,15.550372664185469,0.3196273358145305,53949.676409114654,97.3016654918171,94.7455441696331,38.1771562134119,0.6691,57.766815,11.888864091797368,0.0,5.61
Qatar,2006,9.415959252971136,0.5546,0.0589,0.38650000000000007,15.64,15.33173490565165,0.30826509434835003,62582.445313875534,97.5827378795062,98.57091931357198,34.1520126219521,0.6691,61.420937,10.257759253268064,0.0,5.75
Qatar,2007,9.415959252971136,0.5546,0.0589,0.38650000000000007,14.36,14.124539339230012,0.23546066076998784,65954.3419525051,97.8663125111735,96.11410571011056,30.8003611618771,0.6691,49.255165,9.459122496585362,0.0,5.9
Qatar,2008,9.390572390572391,0.5578000000000001,0.0594,0.3827999999999999,13.79,13.55852944062119,0.23147055937880978,80781.4039187792,98.1295193937322,89.43284165469049,32.6040710093919,0.6701,43.35905,8.71714257110595,0.0,3.28
Qatar,2009,9.362270450751254,0.5608000000000001,0.0599,0.37929999999999997,12.36,12.199909208410832,0.16009079158916784,60785.73515516575,98.3494885340955,80.14416297270117,23.0165618959946,0.6711,41.174797,8.196513219015488,0.0,8.31
Qatar,2010,9.334437086092716,0.5638000000000001,0.0604,0.3757999999999999,13.49,13.331008114765128,0.1589918852348724,76462.61194867358,98.5066232166665,87.1111970364642,26.6026039782648,0.672,43.09007,7.133928918149092,0.0,3.73
Qatar,2011,9.319078947368421,0.5666,0.0608,0.37260000000000004,14.17,14.025191197990006,0.1448088020099938,103261.51029306755,98.6300610210909,98.72163510189912,29.9468705202351,0.6729,45.174625,6.911777995695235,0.00024835198869825815,0.56
Qatar,2012,9.288743882544862,0.5694,0.0613,0.36929999999999996,15.05,14.918804270313352,0.13119572968664883,108470.38702322898,98.7428010471968,105.74628643353516,28.3389822463275,0.6737000000000001,49.15157,9.190631850225264,0.005152117526572486,0.21
Qatar,2013,9.288743882544862,0.5694,0.0613,0.36929999999999996,14.38,14.240947241026449,0.13905275897355196,103697.06278914357,98.8357621827901,102.3831543790237,25.3595869913171,0.6737000000000001,44.982407,9.461846035796889,0.03549941552918897,-0.42
Qatar,2014,9.288743882544862,0.5694,0.0613,0.36929999999999996,13.95,13.805722670248876,0.14427732975112306,95840.68989342384,98.901627838826,99.03431389527589,21.5388184142326,0.6737000000000001,41.3102,9.203292854146314,0.04657784156891957,0.5
Qatar,2015,9.288743882544862,0.5694,0.0613,0.36929999999999996,13.07,12.942680640868774,0.12731935913122605,68985.2433380102,98.9382407681154,93.70767393708184,13.0300594635573,0.6737000000000001,38.44141,8.487321599257902,0.054966964034566565,0.66
Qatar,2016,9.288743882544862,0.5694,0.0613,0.36929999999999996,12.24,12.122650103678968,0.11734989632103243,61253.621799709115,98.9855265345423,89.54762314300974,11.1615579117458,0.6737000000000001,35.153873,7.981869384096964,0.05836727056873211,0.51
Qatar,2017,9.288743882544862,0.5694,0.0613,0.36929999999999996,12.39,12.270877559842022,0.11912244015797846,63279.87674862159,99.0310125265978,91.49455747858546,13.5394624768111,0.6737000000000001,39.034973,8.327195764306751,0.05938020548964828,0.61
Qatar,2018,9.288743882544862,0.5694,0.0613,0.36929999999999996,11.9,11.780588452595667,0.11941154740433291,71039.93082400775,99.0755684762244,91.83834327329397,16.2911609453974,0.6737000000000001,37.166264,8.565129939709003,0.058927058782783995,-1.19
Qatar,2019,9.288743882544862,0.5694,0.0613,0.36929999999999996,12.18,12.059602133013096,0.12039786698690413,66841.3623185691,99.1191696672067,90.04629341175591,14.5084244384971,0.6737000000000001,36.251686,8.485947600002557,0.05069850126085164,-1.59
Qatar,2020,9.288743882544862,0.5694,0.0613,0.36929999999999996,11.45,11.328280147536189,0.12171985246381034,51683.56810789495,99.1617913833034,90.0189857283633,10.5957303632833,0.6737000000000001,36.145443,8.37419040988557,0.058928886904944466,-1.69
Saudi Arabia,2005,7.745535714285716,0.5205000000000001,0.0672,0.4122999999999999,6.1,5.348211761730359,0.7517882382696408,15975.747378225802,80.9775503092999,81.95407594101583,48.8606315090549,0.6428,20.050425,6.705292521554209,0.0,3.69
Saudi Arabia,2006,7.745535714285716,0.5205000000000001,0.0672,0.4122999999999999,6.19,5.448747198158357,0.7412528018416431,17563.614537063942,81.2008588083072,89.9446046768984,49.6700972841917,0.6428,20.736025,6.756645037393329,0.0,1.59
Saudi Arabia,2007,7.745535714285716,0.5205000000000001,0.0672,0.4122999999999999,6.33,5.620109753535137,0.7098902464648633,18596.15026278984,81.4230015549063,94.86331709676571,47.4394429695294,0.6428,18.92472,7.2702764536795055,0.0,1.49
Saudi Arabia,2008,7.745535714285716,0.5205000000000001,0.0672,0.4122999999999999,6.55,5.903771744124631,0.6462282558753687,22320.48889643311,81.6441431042994,96.10263087421855,54.085800995618,0.6428,20.15771,7.332625003799894,0.0,1.06
Saudi Arabia,2009,7.745535714285716,0.5205000000000001,0.0672,0.4122999999999999,6.29,5.741509557059506,0.5484904429404942,17718.391164836474,81.8644480116889,84.85834156248427,34.6315417084598,0.6428,20.81001,7.258610563596703,0.0,0.1
Saudi Arabia,2010,7.745535714285716,0.5205000000000001,0.0672,0.4122999999999999,6.83,6.228277027161318,0.6017229728386821,22028.390142658573,82.0791668544465,82.54968502275368,37.9011314342465,0.6428,22.086767,8.415613227175722,6.906822548373525e-05,0.92
Saudi Arabia,2011,7.745535714285716,0.5205000000000001,0.0672,0.4122999999999999,6.85,6.29055524485168,0.5594447551483199,27126.74987477018,82.2543876159947,84.35943424389946,49.1612188808623,0.6428,20.694223,8.097793800991065,0.0,0.69
Saudi Arabia,2012,7.745535714285716,0.5205000000000001,0.0672,0.4122999999999999,6.98,6.475537904989949,0.5044620950100516,28733.437551345218,82.4311918025358,81.74067854615997,47.4093852263553,0.6428,22.38202,7.554418652578792,0.0,0.67
Saudi Arabia,2013,7.745535714285716,0.5205000000000001,0.0672,0.4122999999999999,6.82,6.318625850971213,0.5013741490287869,27865.465604962024,82.6071884619102,80.25150142867832,44.4564985480281,0.6428,20.807848,7.536268732411847,0.0,0.44
Saudi Arabia,2014,7.745535714285716,0.5205000000000001,0.0672,0.4122999999999999,6.91,6.413088029905407,0.496911970094593,27805.48503194224,82.7822571294871,78.00011111773601,40.3219689900701,0.6428,20.177479,7.539013786464253,0.0,0.19
Saudi Arabia,2015,7.745535714285716,0.5205000000000001,0.0672,0.4122999999999999,6.91,6.3785139233158406,0.5314860766841596,23256.154955353068,82.9562773406163,67.10526923005925,23.9567993223384,0.6428,20.835636,6.338976404852081,0.0,0.57
Saudi Arabia,2016,7.745535714285716,0.5205000000000001,0.0672,0.4122999999999999,6.58,6.052155720787296,0.5278442792127045,22267.721705038737,83.129128630626,57.92166351103645,20.0051771356735,0.6428,20.873049,7.759122496995625,0.0,3.19
Saudi Arabia,2017,7.745535714285716,0.5205000000000001,0.0672,0.4122999999999999,6.77,6.17666864831852,0.5933313516814795,23929.290713598155,83.300690534822,59.53197915782293,23.6170719123709,0.6428,20.936852,6.052770682160157,0.0012327958952784955,0.14
Saudi Arabia,2018,7.745535714285716,0.5205000000000001,0.0672,0.4122999999999999,6.58,5.949620748820192,0.6303792511798081,29360.065896856635,83.4708425884849,59.10291046971411,28.0842811588989,0.6428,21.47873,5.81107602967141,0.0012723595717043484,1.37
Saudi Arabia,2019,7.745535714285716,0.5205000000000001,0.0672,0.4122999999999999,6.54,5.916688883200756,0.6233111167992442,29566.79338274359,83.6394643268678,56.79382048865131,24.3295780055005,0.6428,23.244812,6.594359462553063,0.019375480296185688,0.35
Saudi Arabia,2020,7.745535714285716,0.5205000000000001,0.0672,0.4122999999999999,6.17,5.53239516378843,0.6376048362115698,24338.830730106733,83.8064352851942,47.53315922504798,15.9789107766923,0.6428,21.088715,6.660512140377908,0.01316949527443993,0.21
Syria,2005,8.165204678362572,0.5585,0.0684,0.3731,1.68,0.985919921760807,0.6940800782391929,1533.901665365676,53.8227202374695,80.13300248666059,5.29082341663287,0.657,2.719332,7.274272333527918,1.3677137682438258,2.05
Syria,2006,8.165204678362572,0.5585,0.0684,0.3731,1.72,0.9979764729846718,0.7220235270153281,1718.7834721733766,54.059770380523,74.20522658659272,5.16369608370094,0.657,2.751944,7.245831280435835,1.14340395537677,1.99
Syria,2007,8.165204678362572,0.5585,0.0684,0.3731,1.57,1.008153475610632,0.561846524389368,1937.6113857802743,54.2883969431774,76.37935351571971,4.59093161345655,0.657,3.2068613,7.101356084765703,1.3396797196260661,3.08
Syria,2008,8.165204678362572,0.5585,0.0684,0.3731,1.43,1.0061594705267927,0.4238405294732073,2429.124770871886,54.5858464394493,74.22796009901718,5.19652182902386,0.657,3.1467137,6.927836215222513,0.9625417896220232,2.79
Syria,2009,8.165204678362572,0.5585,0.0684,0.3731,1.46,0.8869005323747554,0.5730994676252446,2462.2019364320217,55.0293653833552,59.943825239367555,2.96166778457661,0.657,2.878524,6.15487604358609,0.6640468036856199,4.75
Syria,2010,8.165204678362572,0.5585,0.0684,0.3731,1.37,0.8955136017507028,0.4744863982492973,2730.614771189487,55.6962002889119,64.01016469472577,3.83125650391356,0.657,2.76026,6.030637508674761,0.7936031160178042,2.39
Syria,2011,8.165204678362572,0.5585,0.0684,0.3731,1.46,0.9066860010228122,0.5533139989771878,2952.1434937225717,58.4817704183521,50.69609434565533,18.8708007318397,0.657,2.5823045,5.268931533149805,1.0617001926718412,1.2
Syria,2012,8.165204678362572,0.5585,0.0684,0.3731,1.27,0.7327136002952575,0.5372863997047426,1897.6611501869634,65.0896662830335,35.36869033159418,13.5972766904663,0.657,2.035984,5.496689196942847,1.5000835891774564,
Syria,2013,8.165204678362572,0.5585,0.0684,0.3731,1.03,0.508948626707097,0.5210513732929031,985.8926692270542,73.0620491886137,44.70525478335319,8.17348065756745,0.657,1.5810518,5.440875845588906,1.729890185737341,
Syria,2014,8.165204678362572,0.5585,0.0684,0.3731,0.91,0.4910186103178009,0.4189813896821991,1060.5910588685424,76.0,54.2644225210945,3.75849764649316,0.657,1.7199317,5.412266297612975,1.731378455021673,
Syria,2015,8.165204678362572,0.5585,0.0684,0.3731,1.08,0.44976030394448274,0.6302396960555173,847.7316319425646,75.7529067188542,51.08620782283695,1.97169808202096,0.657,1.6018543,5.154736514599742,0.21479098237334135,
Syria,2016,8.165204678362572,0.5585,0.0684,0.3731,0.88,0.39606774062457667,0.48393225937542333,656.3490586313004,75.15400963398,67.11193653309277,1.84950445227804,0.657,1.5193428,5.244585100734829,0.8438698080878703,
Syria,2017,8.165204678362572,0.5585,0.0684,0.3731,0.94,0.431747075376989,0.508252924623011,851.5020052541528,74.5395596323392,61.05085217196312,1.8857145317546,0.657,1.7931892,5.248060368171823,0.2641823027654244,
Syria,2018,8.165204678362572,0.5585,0.0684,0.3731,0.93,0.5063659859636935,0.4236340140363065,1098.0668642356993,74.0612602381775,50.65909911448283,1.87604739024899,0.657,1.6228212,5.660008293810637,0.23753996981797704,
Syria,2019,8.165204678362572,0.5585,0.0684,0.3731,1.1,0.4618392414081116,0.6381607585918885,1109.539260360489,73.8248788261986,41.9994711236162,2.46515545695966,0.657,1.6454934,4.961894049306887,0.4303343704965905,
Syria,2020,8.165204678362572,0.5585,0.0684,0.3731,1.0,0.41124388343610746,0.5887561165638926,572.3552898319015,73.4125031102512,44.81833530274804,4.01504490668102,0.657,1.5365934,4.466701654545449,0.533171063783261,
Tunisia,2005,7.924242424242425,0.5753,0.0726,0.35209999999999997,1.5,0.731112963775535,0.768887036224465,3146.8260743927026,65.2340901739004,90.25124788039454,3.79249223607583,0.6595000000000001,2.1955013,3.981498365413341,0.2617441590335383,2.43
Tunisia,2006,7.661268556005398,0.5677,0.0741,0.3582000000000001,1.47,0.7448633341065491,0.7251366658934508,3322.5693357009604,65.5209809651521,93.94093040943086,4.1077575724331,0.6535000000000001,2.2147713,3.5711717392524767,0.16279484322597454,9.62
Tunisia,2007,7.423841059602649,0.5605,0.0755,0.364,1.54,0.7762907380982024,0.7637092619017977,3726.916729356669,65.8000030517578,104.05940097664671,5.51629477963382,0.6478,2.3679278,2.9835489246552647,0.10500912741994847,4.15
Tunisia,2008,7.200260078023408,0.5537000000000001,0.0769,0.36939999999999995,1.52,0.7732930206969818,0.7467069793030182,4255.050080195232,66.0676053984361,114.3436602186955,5.93514843614258,0.6425000000000001,2.4143114,3.3126789580721185,0.0856086018126119,6.15
Tunisia,2009,7.007682458386683,0.5473,0.0781,0.37460000000000004,1.48,0.7424623733651309,0.7375376266348691,4080.0903244878054,66.3362197875977,93.01687878767221,3.44832785220984,0.6374000000000001,2.380448,2.674655088546438,0.2846456217248523,3.88
Tunisia,2010,6.816120906801008,0.5412,0.0794,0.37939999999999996,1.51,0.8200667843210105,0.6899332156789895,4291.861208915754,66.6280059814453,100.15100983679926,4.12711827435362,0.6326,2.5914676,2.6401802492725577,0.26611660390303504,3.43
Tunisia,2011,6.867515923566879,0.5391,0.0785,0.38239999999999996,1.47,0.7779482821973177,0.6920517178026823,4420.64772206537,66.9191886197857,100.10637930423694,5.01344964105154,0.6281,2.427807,2.573174323010173,0.1786025699599112,2.48
Tunisia,2012,6.745569620253165,0.5329,0.079,0.3881,1.6,0.7990603654992007,0.8009396345007994,4297.267824542726,67.2098922729492,101.55072392966807,5.06594682844413,0.6267,2.5608695,2.708209478666728,0.30652844140998226,3.48
Tunisia,2013,6.630188679245283,0.5271,0.0795,0.39339999999999997,1.51,0.7942164359954763,0.7157835640045237,4369.79345826358,67.4999542236328,98.95495668620381,4.28421078126965,0.6253000000000001,2.5825608,2.799305718328984,0.40202748541069633,2.33
Tunisia,2014,6.630188679245283,0.5271,0.0795,0.39339999999999997,1.55,0.8154657938852079,0.7345342061147921,4458.978954645474,67.7524643379101,96.10710385587005,3.35507824664457,0.6253000000000001,2.6497953,2.9921426151543917,0.4834881567900827,2.13
Tunisia,2015,6.630188679245283,0.5271,0.0795,0.39339999999999997,1.64,0.8140162949580347,0.8259837050419652,4014.9477368643215,67.8807907104492,87.24853065960522,1.62596299660366,0.6253000000000001,2.7521307,3.06556326556024,0.4505941524488497,2.19
Tunisia,2016,6.630188679245283,0.5271,0.0795,0.39339999999999997,1.49,0.774372912817577,0.715627087182423,3847.8035444880866,68.0623356528248,87.09266436414659,1.266744868786,0.6253000000000001,2.6864736,3.0242927100783272,0.4705407034396434,2.0
Tunisia,2017,6.630188679245283,0.5271,0.0795,0.39339999999999997,1.58,0.8209053688682889,0.7590946311317112,3619.0324731995315,68.2877807617188,95.8091979825804,1.48811485046411,0.6253000000000001,2.718931,3.134150083068437,0.4917166390024205,2.09
Tunisia,2018,6.630188679245283,0.5271,0.0795,0.39339999999999997,1.51,0.8080176788066805,0.7019823211933195,3628.1036646423577,68.5485240272509,103.87182426063521,1.99021548871455,0.6253000000000001,2.6451635,3.1156703923059115,0.38912873754544586,2.43
Tunisia,2019,6.630188679245283,0.5271,0.0795,0.39339999999999997,1.62,0.8021883605190693,0.8178116394809308,3528.8721330679796,68.8206382576031,102.33261472578927,1.66141181151334,0.6253000000000001,2.5750186,3.115614912378788,0.44790632831777905,2.02
Tunisia,2020,6.630188679245283,0.5271,0.0795,0.39339999999999997,1.41,0.7380983121904778,0.6719016878095221,3548.6536366380274,69.1043166438476,84.3333297071767,0.916677526611502,0.6253000000000001,2.408942,3.1664680957060924,0.06888807370555025,1.54
United Arab Emirates,2005,9.221138211382115,0.5671,0.0615,0.37139999999999995,8.88,8.5624690500537,0.3175309499463008,38719.31383076232,82.2122832763517,119.55287164225442,23.9417369873026,0.6725,24.711319,6.944463241852267,0.00422299857885805,5.96
United Arab Emirates,2006,9.33990147783251,0.5688,0.0609,0.3703000000000001,8.53,8.283796889660817,0.24620311033918263,44342.604832248195,82.5588968646829,119.4706695777856,25.8820272214672,0.6743,24.500017,6.680921031145127,0.004261254352874437,5.69
United Arab Emirates,2007,9.480066445182725,0.5707,0.0602,0.3691,8.33,8.109194204774358,0.22080579522564214,45854.73251581623,82.758608500318,136.79815286577133,23.7183455650517,0.6762,23.842087,7.122860251042811,0.00401962291215326,5.43
United Arab Emirates,2008,9.623529411764705,0.5726,0.0595,0.3679,8.74,8.506133600733659,0.23386639926634167,50054.170068180334,82.9658963549658,148.51354402572267,26.67204274176,0.6783,24.597576,7.973340757962451,0.00384459511481715,1.55
United Arab Emirates,2009,9.773809523809524,0.5747,0.0588,0.36650000000000005,8.05,7.825811160180467,0.22418883981953375,37803.06637387768,83.1701992996163,153.46194435837282,18.418263242659,0.6806,25.210455,8.25219679202543,0.005855023201490838,0.42
United Arab Emirates,2010,9.111658456486044,0.5549000000000001,0.0609,0.3842,8.23,8.031232740878249,0.19876725912175175,44795.29493022682,83.3714299144178,135.48570912842584,22.679737867780702,0.6658000000000001,26.785591,7.921520880841594,0.007066389970921874,2.86
United Arab Emirates,2011,8.48177496038035,0.5352,0.0631,0.40169999999999995,8.24,8.040962327520829,0.1990376724791716,51921.904511613,83.5695007795347,144.17678686898213,28.5990789001782,0.651,27.574131,8.244609186468903,0.0057786700829344315,1.94
United Arab Emirates,2012,7.9095092024539895,0.5157,0.0652,0.4190999999999999,8.14,7.9636133608639055,0.1763866391360951,53141.61243400989,83.7643244751488,156.6376945014814,27.0648520266069,0.6364000000000001,27.787138,7.790172560794965,0.00023467360502585653,2.44
United Arab Emirates,2013,7.37444279346211,0.4963,0.0673,0.4364,8.0,7.835236885282532,0.16476311471746818,53247.24094954414,83.9558135814626,157.39808398964087,26.2480640478396,0.6219,27.348331,7.754086831564338,0.007091003325015748,2.38
United Arab Emirates,2014,7.56127080181543,0.4998,0.0661,0.43409999999999993,7.44,7.268617448132603,0.17138255186739748,52725.235840793444,84.1438806787019,159.51561505776388,22.9458647037024,0.6255000000000001,26.045097,7.367987489426842,0.02442138359287708,2.61
United Arab Emirates,2015,7.217391304347825,0.498,0.069,0.43300000000000005,7.31,7.1522304697721975,0.15776953022780216,44910.33499552302,84.3284383471193,164.28618273790346,13.1025344354216,0.6191,25.942865,7.789274703697543,0.023195253227795462,2.24
United Arab Emirates,2016,6.89847009735744,0.496,0.0719,0.43210000000000004,7.11,6.961962247269643,0.14803775273035757,42721.09993831847,84.5093991669984,165.39501917458,11.0807563620506,0.6127,25.235403,7.404489817282279,0.07064120787943776,2.52
United Arab Emirates,2017,6.59679572763685,0.4941,0.0749,0.43100000000000005,6.88,6.738534252078927,0.1414657479210728,43733.61922874352,84.686675718659,165.47654246981486,13.4985731745503,0.6061000000000001,21.278515,6.969608288132744,0.05208532931241642,2.57
United Arab Emirates,2018,6.308974358974359,0.4921,0.078,0.42990000000000006,6.13,5.990396892221674,0.13960310777832596,47135.35919439715,84.8601805824625,154.74700501929283,17.0989945007163,0.5994,21.8367,6.402831670550632,0.11603868736118027,2.36
United Arab Emirates,2019,6.308974358974359,0.4921,0.078,0.42990000000000006,6.58,6.440971438016176,0.13902856198382363,45938.607358199384,85.0298263388195,163.82215294485297,15.681591549088,0.5994,21.75957,6.631983402266524,0.29343313835688545,4.12
United Arab Emirates,2020,6.308974358974359,0.4921,0.078,0.42990000000000006,6.24,6.10921181306702,0.1307881869329801,37991.74929716649,85.1955255681984,181.29188817063957,10.4940977026696,0.5994,22.783035,7.026179284559022,0.424812437607052,5.57
Yemen,2005,10.3,0.6077,0.059,0.33329999999999993,0.63,0.28659523214027144,0.34340476785972857,734.1599084509268,28.8523786558834,76.773285677642,41.093106599265,0.6967,0.9564252,2.477580147373974,0.0,-1.59
Yemen,2006,10.478632478632479,0.613,0.0585,0.3285,0.62,0.2774924287795575,0.3425075712204425,809.7131276247031,29.2379493450977,82.07616265641354,40.4372276843013,0.7004,1.0154182,2.365673347965126,0.0,4.91
Yemen,2007,10.224252491694353,0.6155,0.0602,0.3242999999999999,0.6,0.2883988469493916,0.31160115305060837,890.3057681149879,29.6091538946366,79.12342058760588,32.9618903118727,0.7002,0.97361034,2.427444745014873,0.0,3.58
Yemen,2008,9.970967741935485,0.6182000000000001,0.062,0.31979999999999986,0.59,0.29680040140331876,0.2931995985966812,1071.6358328210472,29.9646637170333,81.24471885029402,33.8268519294838,0.7001000000000001,0.9771064,2.4505899055991494,0.0,5.11
Yemen,2009,9.706249999999999,0.6212,0.064,0.31479999999999997,0.63,0.30572052283850865,0.32427947716149136,969.2435098644783,30.3031502248211,68.0713910145084,20.6195697250514,0.6999000000000001,1.0373657,2.6753896078598154,0.0,0.45
Yemen,2010,9.433534743202419,0.6245,0.0662,0.3092999999999999,0.62,0.29039447717011035,0.32960552282988964,1155.203052614175,30.6232848305331,64.38563677971784,22.1800547456639,0.6997,0.9649854,2.493263972718589,0.0020053514465986962,0.61
Yemen,2011,9.132267441860467,0.6283000000000001,0.0688,0.30289999999999995,0.57,0.25448074712956215,0.3155192528704378,1186.475005812153,30.9237389467026,63.05945795490425,23.3981676874913,0.6995,0.8202578,2.471567274504888,0.0023867183735587945,-1.67
Yemen,2012,10.046511627906977,0.648,0.0645,0.2875,0.6,0.22882100754037477,0.3711789924596252,1245.0506827207792,31.2031839858628,61.36163718256827,17.0272517537375,0.7147,0.7198333,2.16546185890978,0.004131762013949497,-1.66
Yemen,2013,11.121464226289516,0.6684,0.0601,0.27149999999999996,0.66,0.2939298263569065,0.3660701736430935,1378.750029549281,31.4427187944215,52.51187813670889,11.1124026574675,0.7304,0.93068147,2.9011579410031345,0.004879397485640157,-0.38
Yemen,2014,9.926666666666668,0.5956,0.06,0.34440000000000004,0.62,0.27430780479251515,0.34569219520748484,1430.1642096402572,31.8626162180918,48.2430405122774,9.0008580090252,0.6875,0.87977016,3.091300802857153,0.010310440126886746,-0.7
Yemen,2015,9.926666666666668,0.5956,0.06,0.34440000000000004,0.44,0.13016178103557835,0.30983821896442165,1362.1738120601008,32.3883178702702,30.36765908446375,1.69761197489757,0.6875,0.45324463,2.6013019608245567,0.22227746758915704,-0.06
Yemen,2016,9.926666666666668,0.5956,0.06,0.34440000000000004,0.38,0.10301877978136971,0.2769812202186303,975.3594170032254,32.9512008005236,31.081544290855923,0.710184776557765,0.6875,0.31279996,2.444700183682007,0.37195082171777616,-3.0
Yemen,2017,9.926666666666668,0.5956,0.06,0.34440000000000004,0.39,0.13228228908854095,0.25771771091145906,811.165970405745,33.5586912522175,42.96990467219668,1.91730246407045,0.6875,0.27844176,3.526350932002285,0.36090010166991693,-1.47
Yemen,2018,9.926666666666668,0.5956,0.06,0.34440000000000004,0.4,0.1569158755119524,0.24308412448804761,633.8872024515454,34.2106045810864,56.07782272150765,4.82356153067882,0.6875,0.33750373,4.160721002148723,0.7694356409184178,-0.03
Yemen,2019,9.926666666666668,0.5956,0.06,0.34440000000000004,0.41,0.16033043399010008,0.2496695660098999,,34.9067561732024,,,0.6875,0.33572507,4.375105648321694,0.721336699837651,-0.28
Yemen,2020,9.926666666666668,0.5956,0.06,0.34440000000000004,0.39,0.1379552454828988,0.2520447545171012,,35.7025604580302,,,0.6875,0.2976907,3.976908688083885,0.7938452459811343,-0.21
