rgm_gamma,rgm_lrofgamma
7.569211249010027,3.821614549837117
7.730418332126873,3.889525573867131
7.781181654214874,3.125168588891422
7.798985181068225,3.986383777232276
7.808811324677353,3.523282095473952
7.82652533273271,3.284771606218949
7.912282053739237,3.335808734162092
7.990286793523596,4.341237064804917
8.005055943581183,4.073993905151189
8.028776387887254,4.275960454672783
8.048465580765402,4.115685528969759
8.052250484073712,3.363397697419054
8.059648346943582,3.58805030679887
8.071687044706623,3.874774441673065
8.091942719534753,1.401264290852353
8.100624651121446,2.331736783196709
8.103791147239484,1.938191427563215
8.125554998626152,2.721546577370793
8.142014899823625,3.210209007249787
8.162829191260244,4.266902004156428
8.168733589827553,4.112978780702402
8.193929816232913,4.242679738489985
8.196465384322501,3.490672175635296
8.220056446711109,4.036696965494297
8.225562022500768,4.189124131748117
8.280674347994536,2.63208648401172
8.293422829937198,2.573474737604941
8.299544549301578,2.022615539945349
8.310320618730112,2.527522170935187
8.329764189014949,3.288749040240218
8.33555253089088,2.554841944213961
8.340737715680502,3.203985026726937
8.355861810666822,3.995487982133616
8.365250943157374,4.124891866544648
8.368976012501587,3.654727279142755
8.382471023417434,3.300840618066636
8.395022233204992,4.222906676236221
8.402675084868743,4.341475397226692
8.40479763642708,3.344379290260221
8.423907819012364,4.332414017447292
8.44144571854587,3.955730958140947
8.452759552801167,3.771836229456865
8.472825475206632,3.471813607067407
8.507694936536325,3.161359169835299
8.55273769696549,4.299187368862532
8.597024702426459,3.198145724583757
8.638824691468628,2.596674620925685
8.643308303861676,3.267331650186839
8.661387434150706,3.759337777460339
8.690789013029363,3.74731457002716
8.70510722228401,4.121839914029406
8.735965916314798,3.761477689269543
8.746906226190578,2.695450302306318
8.802422975342925,3.059075000256905
8.866561195975329,4.107416678557322
8.926092793968106,4.012949040857892
8.935092559710201,3.351857249474937
8.950806398438399,3.564526616522862
8.990402605842695,2.793777396912234
9.001356226255238,.6993795413410615
9.036818074628345,0
9.094467017901259,3.202488306542926
9.124187171598292,4.044982121292088
9.206653071315426,4.02761095102448
9.215213284373169,4.15220215617946
9.323364143041239,2.300852023619219
9.388629928889092,4.32974474084881
9.614196872269224,.2997397673527449
9.736893064939361,4.214178804405592
9.773584685247661,4.224165019690756
9.788080414875001,4.329948858050733
9.841221315669841,3.963928549075258
9.861633067643593,3.458933792342648
9.87638939526007,3.171486795039781
9.941831809537225,2.947194893732503
10.00008736144119,2.041993021803158
10.01326032021742,2.16795874474542
10.05432510524339,2.945680773094067
10.06296786392661,3.844045765209538
10.07466622038898,3.600361753451147
10.08285854041292,3.945544308258421
10.0999932231265,3.753673129719223
10.11798460443843,4.298920609492171
10.13412326400229,4.148893093453231
10.17825179752522,4.336871821957985
10.18307935803253,4.333131335927911
10.20321281804543,4.068785627873248
10.21316630901902,4.266095613762758
10.23298858352427,4.26702411833396
10.26581679505408,3.759477502190379
10.28739072716928,3.720623032532423
10.30501868769552,3.647675526222739
10.37561275389562,1.824180386291169
10.54289371210015,4.312592440918793
10.57674453357951,4.33891239297466
10.66771363355372,4.318626668967537
10.6997012282253,4.342052110014101
10.70985838900882,4.336553831394195
10.73005953570714,4.12534198636053
