Entity,Code,Year,CO₂ emissions per capita
Algeria,DZA,2005,3.3091779
Algeria,DZA,2006,3.0870595
Algeria,DZA,2007,3.1456718
Algeria,DZA,2008,3.119057
Algeria,DZA,2009,3.277727
Algeria,DZA,2010,3.25651
Algeria,DZA,2011,3.3795078
Algeria,DZA,2012,3.6017866
Algeria,DZA,2013,3.6844282
Algeria,DZA,2014,3.8881397
Algeria,DZA,2015,4.0060844
Algeria,DZA,2016,3.8752885
Algeria,DZA,2017,3.9638858
Algeria,DZA,2018,4.104483
Algeria,DZA,2019,4.2135787
Algeria,DZA,2020,3.8857946
Bahrain,BHR,2005,26.255672
Bahrain,BHR,2006,24.165707
Bahrain,BHR,2007,25.180452
Bahrain,BHR,2008,26.344282
Bahrain,BHR,2009,23.77264
Bahrain,BHR,2010,24.02024
Bahrain,BHR,2011,23.654049
Bahrain,BHR,2012,22.364824
Bahrain,BHR,2013,24.839422
Bahrain,BHR,2014,23.590342
Bahrain,BHR,2015,23.743637
Bahrain,BHR,2016,22.128733
Bahrain,BHR,2017,22.210873
Bahrain,BHR,2018,21.83343
Bahrain,BHR,2019,25.319227
Bahrain,BHR,2020,25.23751
Egypt,EGY,2005,2.0583456
Egypt,EGY,2006,2.1570544
Egypt,EGY,2007,2.245012
Egypt,EGY,2008,2.2810254
Egypt,EGY,2009,2.345589
Egypt,EGY,2010,2.2725692
Egypt,EGY,2011,2.4335008
Egypt,EGY,2012,2.28126
Egypt,EGY,2013,2.2981055
Egypt,EGY,2014,2.3301265
Egypt,EGY,2015,2.2757032
Egypt,EGY,2016,2.411969
Egypt,EGY,2017,2.443332
Egypt,EGY,2018,2.2889705
Egypt,EGY,2019,2.1762276
Egypt,EGY,2020,2.2533324
Iran,IRN,2005,6.498752
Iran,IRN,2006,6.826492
Iran,IRN,2007,6.806341
Iran,IRN,2008,6.999057
Iran,IRN,2009,7.1072636
Iran,IRN,2010,7.252517
Iran,IRN,2011,7.3531413
Iran,IRN,2012,7.5503836
Iran,IRN,2013,7.5856357
Iran,IRN,2014,7.9044347
Iran,IRN,2015,7.770076
Iran,IRN,2016,7.6919622
Iran,IRN,2017,8.190451
Iran,IRN,2018,7.7164273
Iran,IRN,2019,8.354448
Iran,IRN,2020,8.49939
Iraq,IRQ,2005,4.022954
Iraq,IRQ,2006,3.4538834
Iraq,IRQ,2007,2.1612523
Iraq,IRQ,2008,3.2561963
Iraq,IRQ,2009,3.5002573
Iraq,IRQ,2010,3.671512
Iraq,IRQ,2011,3.8408003
Iraq,IRQ,2012,3.9827716
Iraq,IRQ,2013,4.016338
Iraq,IRQ,2014,3.7623115
Iraq,IRQ,2015,3.7946744
Iraq,IRQ,2016,3.9805984
Iraq,IRQ,2017,4.257336
Iraq,IRQ,2018,4.62321
Iraq,IRQ,2019,4.655681
Iraq,IRQ,2020,4.086228
Jordan,JOR,2005,3.4480503
Jordan,JOR,2006,3.2407455
Jordan,JOR,2007,3.1784663
Jordan,JOR,2008,3.0025284
Jordan,JOR,2009,3.0167632
Jordan,JOR,2010,2.855723
Jordan,JOR,2011,2.8620572
Jordan,JOR,2012,3.1723576
Jordan,JOR,2013,3.010706
Jordan,JOR,2014,2.97608
Jordan,JOR,2015,2.7029984
Jordan,JOR,2016,2.493358
Jordan,JOR,2017,2.548305
Jordan,JOR,2018,2.429594
Jordan,JOR,2019,2.3022892
Jordan,JOR,2020,1.8979398
Kuwait,KWT,2005,33.35809
Kuwait,KWT,2006,32.232666
Kuwait,KWT,2007,30.820711
Kuwait,KWT,2008,31.847826
Kuwait,KWT,2009,31.776943
Kuwait,KWT,2010,30.482365
Kuwait,KWT,2011,27.81871
Kuwait,KWT,2012,30.326586
Kuwait,KWT,2013,23.675167
Kuwait,KWT,2014,20.457846
Kuwait,KWT,2015,24.336504
Kuwait,KWT,2016,25.978886
Kuwait,KWT,2017,24.071701
Kuwait,KWT,2018,23.697384
Kuwait,KWT,2019,23.559092
Kuwait,KWT,2020,20.477186
Lebanon,LBN,2005,3.5645077
Lebanon,LBN,2006,3.1134334
Lebanon,LBN,2007,2.8376856
Lebanon,LBN,2008,3.5363462
Lebanon,LBN,2009,4.1979804
Lebanon,LBN,2010,3.9665632
Lebanon,LBN,2011,3.976463
Lebanon,LBN,2012,4.265304
Lebanon,LBN,2013,3.8589656
Lebanon,LBN,2014,3.7800622
Lebanon,LBN,2015,3.9754894
Lebanon,LBN,2016,4.1811824
Lebanon,LBN,2017,4.516256
Lebanon,LBN,2018,4.313433
Lebanon,LBN,2019,4.3387065
Lebanon,LBN,2020,4.1550837
Libya,LBY,2005,9.555808
Libya,LBY,2006,8.603376
Libya,LBY,2007,7.2721353
Libya,LBY,2008,7.970455
Libya,LBY,2009,8.108886
Libya,LBY,2010,9.10271
Libya,LBY,2011,8.440869
Libya,LBY,2012,9.969773
Libya,LBY,2013,8.143835
Libya,LBY,2014,10.634143
Libya,LBY,2015,9.318403
Libya,LBY,2016,8.651652
Libya,LBY,2017,9.956155
Libya,LBY,2018,9.146443
Libya,LBY,2019,10.6139965
Libya,LBY,2020,5.1254168
Morocco,MAR,2005,1.4711298
Morocco,MAR,2006,1.5030109
Morocco,MAR,2007,1.5683955
Morocco,MAR,2008,1.6253583
Morocco,MAR,2009,1.5878394
Morocco,MAR,2010,1.6744752
Morocco,MAR,2011,1.6670716
Morocco,MAR,2012,1.7074838
Morocco,MAR,2013,1.6753621
Morocco,MAR,2014,1.6715473
Morocco,MAR,2015,1.6903471
Morocco,MAR,2016,1.6690949
Morocco,MAR,2017,1.7238358
Morocco,MAR,2018,1.7387096
Morocco,MAR,2019,1.8984194
Morocco,MAR,2020,1.764199
Oman,OMN,2005,12.942205
Oman,OMN,2006,16.084703
Oman,OMN,2007,17.628532
Oman,OMN,2008,18.060146
Oman,OMN,2009,16.57708
Oman,OMN,2010,18.650982
Oman,OMN,2011,18.625143
Oman,OMN,2012,17.790545
Oman,OMN,2013,17.107052
Oman,OMN,2014,16.537405
Oman,OMN,2015,16.220999
Oman,OMN,2016,15.0857725
Oman,OMN,2017,14.621537
Oman,OMN,2018,15.37186
Oman,OMN,2019,15.689613
Oman,OMN,2020,15.886151
Qatar,QAT,2005,57.766815
Qatar,QAT,2006,61.420937
Qatar,QAT,2007,49.255165
Qatar,QAT,2008,43.35905
Qatar,QAT,2009,41.174797
Qatar,QAT,2010,43.09007
Qatar,QAT,2011,45.174625
Qatar,QAT,2012,49.15157
Qatar,QAT,2013,44.982407
Qatar,QAT,2014,41.3102
Qatar,QAT,2015,38.44141
Qatar,QAT,2016,35.153873
Qatar,QAT,2017,39.034973
Qatar,QAT,2018,37.166264
Qatar,QAT,2019,36.251686
Qatar,QAT,2020,36.145443
Saudi Arabia,SAU,2005,20.050425
Saudi Arabia,SAU,2006,20.736025
Saudi Arabia,SAU,2007,18.92472
Saudi Arabia,SAU,2008,20.15771
Saudi Arabia,SAU,2009,20.81001
Saudi Arabia,SAU,2010,22.086767
Saudi Arabia,SAU,2011,20.694223
Saudi Arabia,SAU,2012,22.38202
Saudi Arabia,SAU,2013,20.807848
Saudi Arabia,SAU,2014,20.177479
Saudi Arabia,SAU,2015,20.835636
Saudi Arabia,SAU,2016,20.873049
Saudi Arabia,SAU,2017,20.936852
Saudi Arabia,SAU,2018,21.47873
Saudi Arabia,SAU,2019,23.244812
Saudi Arabia,SAU,2020,21.088715
Syria,SYR,2005,2.719332
Syria,SYR,2006,2.751944
Syria,SYR,2007,3.2068613
Syria,SYR,2008,3.1467137
Syria,SYR,2009,2.878524
Syria,SYR,2010,2.76026
Syria,SYR,2011,2.5823045
Syria,SYR,2012,2.035984
Syria,SYR,2013,1.5810518
Syria,SYR,2014,1.7199317
Syria,SYR,2015,1.6018543
Syria,SYR,2016,1.5193428
Syria,SYR,2017,1.7931892
Syria,SYR,2018,1.6228212
Syria,SYR,2019,1.6454934
Syria,SYR,2020,1.5365934
Tunisia,TUN,2005,2.1955013
Tunisia,TUN,2006,2.2147713
Tunisia,TUN,2007,2.3679278
Tunisia,TUN,2008,2.4143114
Tunisia,TUN,2009,2.380448
Tunisia,TUN,2010,2.5914676
Tunisia,TUN,2011,2.427807
Tunisia,TUN,2012,2.5608695
Tunisia,TUN,2013,2.5825608
Tunisia,TUN,2014,2.6497953
Tunisia,TUN,2015,2.7521307
Tunisia,TUN,2016,2.6864736
Tunisia,TUN,2017,2.718931
Tunisia,TUN,2018,2.6451635
Tunisia,TUN,2019,2.5750186
Tunisia,TUN,2020,2.408942
United Arab Emirates,ARE,2005,24.711319
United Arab Emirates,ARE,2006,24.500017
United Arab Emirates,ARE,2007,23.842087
United Arab Emirates,ARE,2008,24.597576
United Arab Emirates,ARE,2009,25.210455
United Arab Emirates,ARE,2010,26.785591
United Arab Emirates,ARE,2011,27.574131
United Arab Emirates,ARE,2012,27.787138
United Arab Emirates,ARE,2013,27.348331
United Arab Emirates,ARE,2014,26.045097
United Arab Emirates,ARE,2015,25.942865
United Arab Emirates,ARE,2016,25.235403
United Arab Emirates,ARE,2017,21.278515
United Arab Emirates,ARE,2018,21.8367
United Arab Emirates,ARE,2019,21.75957
United Arab Emirates,ARE,2020,22.783035
Yemen,YEM,2005,0.9564252
Yemen,YEM,2006,1.0154182
Yemen,YEM,2007,0.97361034
Yemen,YEM,2008,0.9771064
Yemen,YEM,2009,1.0373657
Yemen,YEM,2010,0.9649854
Yemen,YEM,2011,0.8202578
Yemen,YEM,2012,0.7198333
Yemen,YEM,2013,0.93068147
Yemen,YEM,2014,0.87977016
Yemen,YEM,2015,0.45324463
Yemen,YEM,2016,0.31279996
Yemen,YEM,2017,0.27844176
Yemen,YEM,2018,0.33750373
Yemen,YEM,2019,0.33572507
Yemen,YEM,2020,0.2976907