country,year,palma,ef,fossil_fuel_share,gdp_per_capita,urban_pct,trade_openness,renewable_energy,co2_per_capita,oil_rents,energy_intensity,fdi_inflows,gini_wid
Algeria,2005,4.6787148594377514,1.48,99.59232534606033,3233.1333963421216,63.6598541890144,66.84046022039064,0.6,315.2727265304909,27.9141141505655,3.96,1.0799033303114274,0.5687
Algeria,2006,4.6787148594377514,1.5,99.72238805940007,3660.661047453223,64.4154348614309,65.91529196776213,0.4,294.16523093482147,29.5343935472454,4.17,1.4957233520752602,0.5687
Algeria,2007,4.384909264565425,1.49,99.73486301186594,4167.451699375306,65.1690763324461,67.54547339397634,0.4,301.3366158380741,27.9267087662485,4.29,1.1838181536618955,0.5584
Algeria,2008,4.123974475843209,1.49,99.80396337612551,5180.918815146864,65.901485871159,71.02849225052607,0.3,284.52057642021043,29.1086401323721,4.24,1.4627734457178678,0.5482
Algeria,2009,3.885789014821273,1.58,99.92099471655703,4235.42990456612,66.5097384559521,64.28475472389927,0.3,283.2922850809454,19.9046263657492,4.56,1.8274216466826076,0.5381
Algeria,2010,3.675313807531381,1.58,96.08237707066532,4912.785855036717,67.1235057867459,63.4912159928425,0.3,265.4388053730192,21.9939993236664,4.49,1.2939046748781748,0.5282
Algeria,2011,3.481094127111826,1.65,96.391089085483,5916.3136436434315,67.7344007507578,62.220089961047854,0.2,230.56880319585844,25.0260096148481,4.54,1.1776732910117136,0.5185000000000001
Algeria,2012,4.063588850174217,1.72,96.8559437804052,6033.648846895432,68.3421258553675,60.7576393340605,0.2,213.06636845262764,22.6025382987382,4.81,0.6605519538987908,0.549
Algeria,2013,4.771428571428571,1.76,97.15503409489133,5979.601389605846,68.9463836079277,59.15100815724396,0.1,215.6121930731566,20.8724313901278,4.84,0.7365590651116339,0.5801000000000001
Algeria,2014,4.771428571428571,1.73,97.03029003247262,6094.693923149557,69.5468765157615,56.92354196698671,0.1,193.90046589370397,19.3167294732848,5.09,0.6286889683910061,0.5801000000000001
Algeria,2015,4.771428571428571,1.73,21.626194441703852,4685.059027290017,70.1433070861612,53.204622590414495,0.1,108.07484025510959,11.7459031918092,5.14,-0.28683229067643784,0.5801000000000001
Algeria,2016,4.771428571428571,1.6,0.0,4424.985290275557,70.7353778263851,49.76093279252163,0.1,104.33380274542351,10.0262189142963,4.94,0.9063007059974553,0.5801000000000001
Algeria,2017,4.771428571428571,1.62,0.0,4554.667539578281,71.3227912436551,49.82081617125868,0.1,70.90249285104373,12.1565741270026,5.01,0.6479026963448938,0.5801000000000001
Algeria,2018,4.771428571428571,1.78,0.0,4577.210291804906,71.905249845153,52.43616767792233,0.2,72.62939954171904,15.9428081774505,5.27,0.7535760885521254,0.5801000000000001
Algeria,2019,4.771428571428571,1.76,0.0,4468.453418836562,72.4824561380175,46.50684260816725,0.2,51.940609743606366,14.1421031504305,5.4,0.7139473080156913,0.5801000000000001
Algeria,2020,4.771428571428571,1.64,0.0,3743.5419522928983,73.0541126293395,40.389756562538814,0.1,29.745786962460777,9.03841379679424,5.4,0.6938160147728365,0.5801000000000001
Bahrain,2005,9.8841059602649,8.33,98.02726793763429,17966.165783762463,91.168165501421,148.31352510892302,0.0,2240.625061407045,20.0931217396654,10.55,6.566594458402232,0.6886
Bahrain,2006,8.691376701966716,8.45,,19267.28261507196,92.7186075361661,147.10418106898885,0.0,2068.734129119688,20.3670614713082,10.36,15.750865008588622,0.668
Bahrain,2007,7.614958448753463,8.25,94.97699502551266,20908.404254807345,94.460505558445,137.7850505723042,0.0,2263.0942017708553,18.9906048191926,10.31,8.082432189516705,0.6455000000000001
Bahrain,2008,6.613924050632912,8.37,99.57592594973798,23299.499278039202,96.3461384245376,145.88251114582147,0.0,2172.668804053291,21.6815768768211,10.36,6.977577827404971,0.6206
Bahrain,2009,5.684757505773672,7.65,99.44518086478983,19465.31407450379,98.3277849907243,117.96372540948919,0.0,1837.410516028271,14.4351176966592,9.7,1.1210529103272513,0.5931000000000001
Bahrain,2010,6.121686746987951,7.94,,21819.329109809907,100.0,115.56148644961578,0.0,1768.9864428534258,17.3156329535965,9.59,0.5811053566339595,0.6074
Bahrain,2011,6.57286432160804,8.02,98.58043345028045,25032.786774333345,100.0,167.52964103585376,0.0,1505.6351285315952,23.3980559518896,9.42,2.610260385920237,0.621
Bahrain,2012,7.047182175622543,8.25,,26438.67332304283,100.0,178.82402082168437,0.0,1289.5911493955869,20.0940234657871,8.64,4.832654365364615,0.634
Bahrain,2013,7.5444596443228455,8.36,98.83971876779286,26989.760114846904,100.0,184.5895088448501,0.0,1427.945585574258,20.8660137007827,9.54,11.021130609070738,0.6465000000000001
Bahrain,2014,8.057061340941514,8.25,,26451.796564745277,100.0,168.57585814185967,0.0,1209.2317769893916,18.8709266924557,8.77,4.3672898404294624,0.6585000000000001
Bahrain,2015,8.59375,7.86,1.8831935343274935,23734.05511430191,100.0,147.91606017290388,0.0,640.6439812042948,9.82474436918962,9.05,0.19952963342154073,0.67
Bahrain,2016,8.59375,7.27,0.0,23800.001440631015,100.0,132.82299790277412,0.0,606.0999925344722,7.62960432748572,8.62,0.7181742832385178,0.67
Bahrain,2017,8.59375,7.31,0.0,24784.76935146067,100.0,136.42923981039402,0.0,393.2722197185753,8.93795259727704,8.33,3.8330089119959063,0.67
Bahrain,2018,8.59375,7.27,0.0,26324.40665495586,100.0,144.07537257453507,0.0,384.8681229514432,11.3900811220261,8.24,4.18079308703845,0.67
Bahrain,2019,8.59375,7.91,0.0,27259.743859932696,100.0,135.41754339821145,0.0,283.8155786543577,9.8481886760226,8.68,2.3283798001052074,0.67
Bahrain,2020,8.59375,7.57,0.0,24342.844455471797,100.0,135.4609850129314,0.0,175.81526245220715,6.69558923237194,9.42,2.849732281010317,0.67
Egypt,2005,5.061122244488978,1.05,93.66707875118821,1105.5392071390345,42.9569271409488,62.95264623955432,6.5,216.75753433084031,11.8509312061057,4.0,5.995515988857939,0.5894
Egypt,2006,5.0641925777332,1.08,93.77973219271311,1298.9790020312446,42.9729991680104,61.518536506394696,6.2,221.81331409053993,11.7296934107586,3.95,9.348567265662941,0.5897
Egypt,2007,5.066265060240965,1.11,93.90444192292826,1547.7417073590857,42.9729666344509,65.07787325456499,6.0,227.83576238491793,10.7818588338143,3.94,8.876336063372719,0.5900000000000001
Egypt,2008,5.0744466800804835,1.13,94.21538837790264,1896.2159426977898,42.9608989120873,71.68062534896706,5.9,223.51116959754467,12.4545677729971,3.81,5.831412618648799,0.5902000000000001
Egypt,2009,4.777242044358728,1.1,94.47139314376234,2161.6396457392652,42.9383470624904,56.55344463634619,5.7,209.9928223280106,6.24755741424533,3.72,3.548351180195739,0.5796
Egypt,2010,4.50462962962963,1.1,94.32839730181077,2455.0819464528213,42.9057175520154,47.936350074589754,5.4,198.029734936608,7.41778712942652,3.51,2.9160165755014087,0.5691
Egypt,2011,4.713185755534168,1.13,94.05864785468032,2590.6438489196503,42.8634168470177,45.2556341623514,5.4,175.7032941016041,9.74186285549743,3.61,-0.2045428488075268,0.5763
Egypt,2012,4.94282848545637,1.14,93.89304409593703,2996.0677072015005,42.8118514138525,40.71176927210844,5.3,150.82971511477615,8.38345897037217,3.64,1.0023407177404908,0.5835
Egypt,2013,5.045500505561173,1.11,93.8973902079236,3025.525635524481,42.7514277188751,40.37303805633197,5.3,145.17650126171196,7.82863019779494,3.43,1.4534342076972695,0.5880000000000001
Egypt,2014,5.1478083588175325,1.08,90.22065734555792,3133.391022655408,42.6825522284408,36.92018779342723,5.4,120.16046020762417,6.82340013626772,3.45,1.5092504225352112,0.5923
Egypt,2015,5.248715313463515,1.06,62.7106573100733,3306.9815941414076,42.6056314089048,34.84594296002291,5.3,66.89651373080649,3.05526433674059,3.28,2.1025812840132576,0.5965
Egypt,2016,5.104040404040403,1.06,0.0,3270.628776819699,42.5210717266225,30.246549051450504,5.1,68.31894360452569,2.35006516963224,3.46,2.4385627814276227,0.5915
Egypt,2017,4.971172962226641,1.11,0.0,2395.1033329949128,42.4486008687179,42.832134358160786,4.9,46.23140236109493,4.12683269397819,3.48,2.983015509176947,0.5867
Egypt,2018,4.969246031746032,1.07,0.0,2484.7031563050828,42.4577177449969,45.911019673395906,5.0,45.57115150443826,5.47658822874947,3.27,3.100400775791865,0.5870000000000001
Egypt,2019,4.9722497522299305,0.96,0.0,2962.9889202300265,42.4812027332648,41.12401715511079,6.2,28.556501181191262,3.8819618632175,3.1,2.8273294496068617,0.5873
Egypt,2020,4.676470588235294,0.98,0.0,3511.1138102637947,42.5181534630674,32.12625556675226,6.7,15.688980576714302,1.85770095140202,2.96,1.5246294899717194,0.5773
Iran,2005,6.998677248677248,2.75,98.85594725313376,3132.0508192006955,67.8708801269531,54.44049526355364,1.4,647.7826536926157,31.6076762648214,7.73,1.2842543011276841,0.6271
Iran,2006,6.969696969696971,2.87,98.76589307147884,3618.916013644281,68.3101850492144,53.16735871438452,1.4,679.6490315541782,31.5582038058527,7.69,0.8725600201770817,0.6266
Iran,2007,7.381668946648428,3.03,98.84051759666667,4687.991662607176,68.806189933608,49.887306922593396,1.3,687.158812849473,26.1252401169156,7.53,0.5769461352121995,0.6356
Iran,2008,5.420131291028447,2.86,99.52311851728379,5377.411507295701,69.3790072996746,48.22940277414385,0.7,679.020561198071,30.5659738980313,8.05,0.4875965670962894,0.5901000000000001
Iran,2009,5.824940047961631,2.88,99.52150624348276,5415.522805534456,69.99007683587,43.69958022435846,0.8,641.8478401905313,17.5512587993854,7.95,0.7205304620508385,0.5924
Iran,2010,6.1517323775388295,2.95,99.40961591651958,6291.194436554542,70.6092626774386,43.77064373713993,0.9,620.439307800755,20.2248363529261,7.52,0.7491686262653595,0.6119
Iran,2011,4.77707676130389,2.92,99.37507579149884,8025.687433643556,71.204050944517,41.21941479185781,0.9,542.7255938727743,22.3514589221281,7.47,0.6798345747635158,0.5619000000000001
Iran,2012,5.63063063063063,2.92,98.96389113239886,8114.080998318772,71.7633634041294,44.08934668074519,0.9,481.3988519274059,18.4120723402826,8.1,0.7238500913554707,0.5962000000000001
Iran,2013,4.9787878787878785,2.97,98.57078765568825,6222.741948403264,72.3030873515412,47.08671791947549,1.0,481.25530656110726,21.2565665523955,8.39,0.6095015939605325,0.5815
Iran,2014,4.927624872579001,3.0,99.89014457643471,5672.063728963186,72.8324070385223,45.35142014131612,0.9,421.59989555164,21.2353758265799,8.57,0.45545387401937965,0.5766
Iran,2015,4.455417066155321,2.93,59.09089459031285,4952.733555321775,73.3561403575949,39.42258866117996,0.9,216.42443154833137,12.2663527393474,8.68,0.500987695412685,0.5591
Iran,2016,4.3028571428571425,2.92,0.0,5710.599470891042,73.8796100096595,39.8772417738866,1.0,215.97313990598258,10.8895031509112,8.24,0.7045283593524297,0.5505
Iran,2017,4.967368421052631,3.05,0.0,6000.933464044092,74.4011840820312,43.15569313839062,1.0,143.2409543417397,14.6204399688795,8.73,0.9836549561779984,0.5743
Iran,2018,5.020942408376963,3.01,0.0,4783.010673402372,74.8034286499023,56.61534961428295,1.0,143.6393875813549,27.6646471563106,8.65,0.5761060858763114,0.5774
Iran,2019,4.725985844287158,3.18,0.0,3997.493544958496,75.2038879394531,48.59177121370379,1.0,94.81447305692623,20.0780490508657,9.53,0.433347777066285,0.5663
Iran,2020,4.32132701421801,3.14,0.0,3202.500035021685,75.5986404418945,43.88446749050129,0.9,56.50681056461865,13.2733495355914,9.54,0.4776917094613195,0.5507000000000001
Iraq,2005,7.185714285714286,1.06,95.57460238032016,1762.39360423421,68.391425621866,115.74254030864199,2.4,372.6835143223754,65.1575951980304,5.41,1.0292598076425434,0.6439
Iraq,2006,7.185714285714286,1.07,92.10277640497283,2276.554357440865,68.5590667282222,89.65051985817777,2.6,331.3285045095777,63.5551402676835,4.98,0.5879007395176531,0.6439
Iraq,2007,7.185714285714286,1.03,95.52741734507612,3128.9901032906632,68.716475540845,74.09285310549804,2.0,233.18835408241546,52.9273802567399,4.81,1.0939128662318838,0.6439
Iraq,2008,6.8217821782178225,1.1,96.46848007587,4542.966090460324,68.8569818968574,81.05554326658347,1.1,289.14075689891047,55.3793146361864,4.8,1.4099517366276477,0.6375000000000001
Iraq,2009,6.516014234875445,1.1,,3714.7120598719403,68.9742328505284,78.6873788189898,1.2,292.51920205806647,39.1145928006965,4.99,1.4314299085910942,0.6315000000000001
Iraq,2010,6.251141552511416,1.26,,4461.751961615549,69.0582953378474,73.4974796202443,1.7,298.198716564117,43.2562312170542,5.17,1.0079649397511266,0.626
Iraq,2011,6.026490066225166,1.27,,5775.542290802934,69.1252233869916,72.17132822336548,1.1,289.8757490519766,50.9263659501053,5.27,1.1208633976416693,0.6209
Iraq,2012,6.1747343565525386,1.36,,6477.596184509547,69.2222213745117,73.60868459128123,1.3,276.87994421926123,49.6110993818029,5.12,1.5596153128007317,0.618
Iraq,2013,4.179723502304148,1.38,,6650.352822473952,69.444450378418,67.41001840956719,1.5,288.34808008380145,45.3313602184612,4.92,-0.9952792102630679,0.5503
Iraq,2014,4.617704280155642,1.28,,6249.3922697896905,69.6666641235352,68.98248685690363,1.0,237.0832855967681,46.6038527995508,4.66,-4.455211245329563,0.5690000000000001
Iraq,2015,5.118556701030927,1.2,49.086411118293626,4440.141892523674,69.920524597168,69.59176859831146,0.8,115.96167819990585,37.2575416723352,4.31,-4.541592354435021,0.5882000000000001
Iraq,2016,5.702197802197802,1.29,0.0,4334.4209640418785,69.9123778259643,54.588320188676995,0.9,123.38505088666945,32.9650560560142,4.17,-3.7518091160480607,0.6079
Iraq,2017,6.382803297997644,1.36,0.0,4759.284643546699,69.8944511190753,59.780912392315685,0.5,79.43925343700342,38.9203120843433,4.86,-2.6879942835723085,0.6282
Iraq,2018,7.194656488549618,1.38,0.0,5646.689320747416,69.8765148865842,65.80179177010834,0.5,83.06076478317938,45.7658631354446,5.25,-2.148548348079131,0.649
Iraq,2019,8.180305131761443,1.51,0.0,5671.856863294203,69.8683395385742,68.98993842028058,0.9,56.2588355065774,40.2312783051026,5.3,-1.3164061670933904,0.6704
Iraq,2020,9.400611620795107,1.39,0.0,4295.189451212281,69.8683166503906,57.742316395146,1.1,30.73742255795195,27.035001916172,5.11,-1.580496962525857,0.6924
Jordan,2005,6.037383177570094,1.3,97.89480274311558,2087.8707927363457,78.412126230667,146.90889127901764,1.7,365.942401286572,0.00299417370715913,4.61,15.763646141435814,0.6135
Jordan,2006,6.141843971631207,1.23,97.89151246802507,2342.634595749326,78.755612573541,141.74738183112575,2.3,345.59269685217106,0.00336695469227265,4.36,23.537291342713136,0.6165
Jordan,2007,6.131147540983607,1.2,98.41632419633632,2506.205994841393,79.3358270749644,145.99424628852637,2.3,339.29034401981266,0.0032269913821269,4.23,15.324826260995856,0.617
Jordan,2008,6.1242740998838565,1.11,98.00262582135986,3241.6524135555965,80.1290966207551,140.9129259609196,2.7,302.4547451272366,0.0047965442664046,3.87,12.475307504909368,0.6174000000000001
Jordan,2009,6.052391799544418,1.12,97.96067770458137,3435.833759069801,81.1117480967305,112.1519981871085,2.8,277.28509382441865,0.00223180513092879,3.88,9.83417874476547,0.6179
Jordan,2010,5.983240223463687,1.11,97.35049824270997,3718.465716229453,82.2601083887084,114.22267769412522,3.0,248.32521883538868,0.00222485703710613,3.62,6.222475669739118,0.6183000000000001
Jordan,2011,5.456498388829216,1.13,96.00337042500954,3946.8550385552453,83.5505043825064,118.69967950180138,3.0,207.2303942693594,0.00229864970418629,3.5,5.0333587268848925,0.5995
Jordan,2012,5.348242811501597,1.26,97.33264631395558,4169.504700546181,84.9592629639423,117.85558768518946,2.9,191.59462508694958,0.00247522898810274,3.8,4.894806886823207,0.5947
Jordan,2013,5.24630021141649,1.16,97.62487933133069,4311.219167130379,86.4627110188335,111.45152799762823,3.1,180.97338261881194,0.00191267840155804,3.64,5.64977168714588,0.5898
Jordan,2014,5.24630021141649,1.12,97.63135948759117,4191.180500849864,88.0371754329978,109.93880553502171,3.1,153.98054874836728,0.00161998790264992,3.73,5.912048902058894,0.5898
Jordan,2015,5.24630021141649,1.02,58.178230604188705,4042.756780975546,89.8881391939133,95.35791222667909,3.2,76.65316786148105,0.000429911043278417,3.84,4.147202291749375,0.5898
Jordan,2016,5.24630021141649,0.93,0.0,3986.7167701085286,90.56272794707,88.72071789546874,4.7,71.79270726727007,0.000250812593463262,3.87,3.8928514286897054,0.5898
Jordan,2017,5.24630021141649,0.97,0.0,4065.6162874938427,90.8764609714428,89.7316005071358,5.3,49.40566422587159,0.000211794657558038,3.99,4.878141331679766,0.5898
Jordan,2018,5.24630021141649,0.9,0.0,4145.439896732647,91.2008859099729,87.63591519068568,7.2,45.85060309797127,0.000980515945675632,3.8,2.201776865755756,0.5898
Jordan,2019,5.24630021141649,0.85,0.0,4170.114400346496,91.515966492507,85.68783349642038,8.5,29.091603525662652,0.000787731412940435,3.61,1.6397056511564343,0.5898
Jordan,2020,5.24630021141649,0.75,0.0,4022.0401356134957,91.8216722992319,66.05994880890592,10.7,15.353379411918379,0.000467720334463903,3.49,1.7397597829419225,0.5898
Kuwait,2005,7.542068965517243,10.27,97.75467352856339,36122.61427412268,100.0,92.24268009426446,0.0,3122.1910744915513,53.3164834648164,6.78,0.28949019208924587,0.6502
Kuwait,2006,7.542068965517243,10.24,,42946.637410406605,100.0,89.71309319805222,0.0,2970.2730876911237,51.0394540758358,5.79,0.11944543581072209,0.6502
Kuwait,2007,7.542068965517243,10.2,,45709.41328763706,100.0,91.73250339158886,0.0,2782.9721973365235,48.1550015709463,5.28,0.09729717883439971,0.6502
Kuwait,2008,7.3956639566395665,10.33,,55585.18893444415,100.0,92.68345625167214,0.0,2715.7491082323995,52.8912935555667,6.11,-0.004038379339851833,0.6493
Kuwait,2009,7.243351063829788,9.77,,37907.100132004154,100.0,88.81106498514569,0.0,2489.106321218941,38.854853146546,6.84,1.0508651438703192,0.6483
Kuwait,2010,7.076822916666667,9.49,96.35154621367364,39212.25222015503,100.0,97.02802166000642,0.0,2378.0095922489877,48.1906069290048,7.42,1.1303673042553637,0.6472
Kuwait,2011,6.896946564885496,9.46,94.22809053398173,49169.60638130948,100.0,99.11649276469127,0.0,1938.3446919214875,58.3689295808333,6.58,2.1157386505354125,0.646
Kuwait,2012,6.707196029776676,9.12,98.94794496985764,52155.22258339213,100.0,101.01143510403207,0.0,1740.8106033701144,57.4129637304674,6.67,1.6504610966804056,0.6446000000000001
Kuwait,2013,6.508454106280194,8.67,98.2687466902093,49651.04392750774,100.0,97.6054913328151,0.0,1605.7703369172036,55.5579394462588,5.57,0.8231302448724964,0.6431
Kuwait,2014,4.104882459312839,8.24,99.61095523041247,44368.78134577507,100.0,100.0371898418438,0.0,1258.3413804104814,53.239569150436,5.68,0.29868140894165074,0.5503
Kuwait,2015,4.104882459312839,8.02,-48.814961573928976,29882.212649569756,100.0,98.69998844554847,0.0,652.844654428415,36.4482994431389,7.09,0.24841492637967863,0.5503
Kuwait,2016,4.104882459312839,7.69,0.0,27323.689073551704,100.0,96.15767237586168,0.0,655.5647865017304,31.6732106195044,7.27,0.26691836904700683,0.5503
Kuwait,2017,4.104882459312839,7.6,0.0,29047.653613570285,100.0,97.84004645740897,0.0,418.72556244201496,36.0090908245608,7.18,0.09364020941140432,0.5503
Kuwait,2018,4.104882459312839,7.35,0.0,32067.9623756889,100.0,102.78563065499988,0.0,409.1106868357158,44.0490671354298,7.24,-0.015418778791534166,0.5503
Kuwait,2019,4.104882459312839,7.07,0.0,31707.87374435514,100.0,91.68571238959534,0.1,275.7119880233338,38.6553473115018,7.69,0.36605904183298393,0.5503
Kuwait,2020,4.104882459312839,6.62,0.0,25236.075584894115,100.0,82.01251012930516,0.1,169.35688200559392,27.5816891390019,7.32,-0.5025468571778579,0.5503
Lebanon,2005,6.552564102564102,1.48,93.9926604607964,4602.198046379449,86.7665156672703,92.76265627258499,6.4,384.4951941233293,0.0,3.17,12.203849591060829,0.6212
Lebanon,2006,6.499359795134444,1.46,95.58643343515425,4635.251411748604,86.9323508787087,91.06939702984093,6.4,332.1076220504003,0.0,2.9,12.144438128842804,0.6194000000000001
Lebanon,2007,8.38030303030303,1.32,98.03423282842311,5125.25809960149,87.1024862269079,97.96770796604943,7.3,306.1274870171079,0.0,2.26,13.597826896301171,0.658
Lebanon,2008,8.426626323751892,1.56,99.28329593003957,5912.045328208416,87.2769743307677,106.62567317619379,5.1,357.9111875780815,0.0,2.71,14.880517718066688,0.6596000000000001
Lebanon,2009,7.701977401129944,1.68,95.2500409434034,7090.854938566208,87.4558678091878,90.39783886190924,4.3,397.61534599788183,0.0,3.14,13.569658914153534,0.6471
Lebanon,2010,8.071532846715328,1.68,94.41574707029629,7625.810515511655,87.6392192810679,95.09665294162426,5.7,357.4220669131519,0.0,2.8,11.132793630568623,0.6541
Lebanon,2011,8.339820359281438,1.65,94.63308845512655,7834.96257108993,87.8270813653079,102.13988241250311,6.2,298.58289365369075,0.0,2.77,7.856939894504059,0.6586000000000001
Lebanon,2012,8.648233486943164,1.76,95.40532859874799,8406.984056081175,88.0195066808075,88.54550192305915,5.6,268.29792954010145,0.0,3.05,7.068471661567291,0.6639
Lebanon,2013,8.253687315634219,1.59,95.1918946721502,8162.379293613964,88.2165478464663,86.17432859205654,5.9,248.31549751945718,0.0,2.89,5.676367910337178,0.6582
Lebanon,2014,8.184094256259204,1.53,96.6475239479447,7577.641330236905,88.4182574811842,79.81715659256272,4.2,210.10055907699052,0.0,3.0,5.951755286257232,0.6564
Lebanon,2015,8.137370753323488,1.58,89.32472848780426,7714.109999880404,88.6246882038608,71.83904263478107,4.2,113.2656851273497,0.0,3.28,4.3246917448759445,0.6536000000000001
Lebanon,2016,8.072485207100593,1.66,0.0,8089.012088155,88.835892633396,67.7236177908116,4.0,115.19680707980481,0.0,3.33,5.021740405624541,0.6507000000000001
Lebanon,2017,8.005925925925926,1.82,0.0,8608.21084982387,89.0519233886895,68.45542925932757,4.0,86.95799104259815,0.0,3.5,4.7567791402020045,0.6476000000000001
Lebanon,2018,7.934718100890208,1.76,0.0,9174.536662047589,89.272833088641,68.25730730437184,4.7,83.18734358424099,0.0,3.36,4.84140308956364,0.6444000000000001
Lebanon,2019,7.858841010401189,1.82,0.0,8905.880054974366,89.4986743521503,62.98091601016004,5.1,59.89770305928381,0.0,3.63,3.6941324500034187,0.6411
Lebanon,2020,7.789865871833085,1.54,0.0,5561.19166950397,89.729499798117,50.1298042879627,6.3,30.33754829440556,0.0,4.05,5.06712986613403,0.6375000000000001
Libya,2005,4.807967313585291,3.43,96.54406478103314,8079.249573290012,88.135773324416,90.86088968546147,2.7,887.2693809946092,61.0171738102836,4.0,2.1928948362720404,0.5714
Libya,2006,4.789205702647658,3.36,,10048.84804342891,88.1599560242948,97.73810111973812,2.9,871.7815629794759,60.9295741290035,3.75,3.4346058595279083,0.5708
Libya,2007,4.752786220871328,3.24,,11144.94484134354,88.1560287475586,102.73231550089346,3.1,804.9149490670801,59.9292830144719,2.97,6.892245659272539,0.5697
Libya,2008,4.72250252270434,3.39,,13906.140781812499,88.1474456787109,103.24215804554366,2.9,832.1781138822464,64.8164362995569,3.32,4.741395010744986,0.5686
Libya,2009,4.652304609218437,3.45,,9551.054038697546,88.1345825195312,107.62093050103903,2.6,812.4288036737555,49.9122829981053,3.82,2.254616708822233,0.5658000000000001
Libya,2010,4.58648111332008,3.6,,11600.906864947192,88.1177139282227,98.07721307423898,2.5,797.554440248389,54.526429982548,4.18,2.3666496068764165,0.5633
Libya,2011,4.47605083088954,2.89,81.08967801100675,7593.839152570198,88.0970458984375,63.0054352895288,3.2,447.2659977321296,36.3305559734441,6.91,,0.5592
Libya,2012,4.36923076923077,3.51,89.17142754579234,14975.890279514448,88.0727920532227,98.22431891684482,2.6,531.0659908666298,57.6300935046394,4.24,1.53985903839829,0.5551
Libya,2013,4.488304093567252,3.6,,11951.713412601106,88.0451431274414,106.3343609181056,2.4,550.2400316376708,45.8016137051651,4.68,0.9316386018446434,0.5602
Libya,2014,4.614624505928854,3.44,77.60554736028918,8926.420745914742,88.0142059326172,76.52488263811169,2.3,483.67242953071735,28.6305298163822,8.01,,0.5655
Libya,2015,4.742226680040121,3.0,62.179096854903946,7458.489177563744,87.8159103393555,56.904907332688346,2.9,237.43262198342634,14.4264442000075,7.74,,0.5706
Libya,2016,4.693306693306694,2.82,0.0,7525.8029930821585,87.8160056703177,41.11017606151346,2.8,219.433275694038,10.7931417666286,7.87,,0.5685
Libya,2017,4.6437810945273625,2.91,0.0,9965.832367297568,87.8166729870528,47.5489661921214,2.9,159.84619184327008,20.9466167504799,6.66,,0.5663
Libya,2018,4.68063872255489,2.87,0.0,11196.585481084374,87.818484275334,63.78113359681831,2.9,162.9423602752782,30.0345298438813,5.55,,0.5679000000000001
Libya,2019,4.717717717717718,2.84,0.0,9963.194890844828,87.8220115209342,78.99396918501384,3.0,109.30661845427717,32.7515623093831,7.02,,0.5696
Libya,2020,4.718718718718718,2.44,0.0,6650.338105853479,87.8278267096263,50.975793437331895,3.2,53.46244376641697,9.24399152945122,4.44,,0.5697
Morocco,2005,5.177228786251343,1.19,84.95150000502966,2242.98828125,55.4397798676399,61.493827686323456,20.0,145.78157203351176,0.00402070243000557,3.51,2.4263546764783697,0.5811000000000001
Morocco,2006,5.177228786251343,1.35,85.51828760237092,2438.12646484375,55.9627589629824,64.67219777871544,18.2,145.66968709625257,0.0062368292429596,3.31,3.2428349773945557,0.5811000000000001
Morocco,2007,5.177228786251343,1.13,85.98582295620038,2755.5859375,56.5303841299064,71.34964677966575,16.6,148.5547749470908,0.00648886456293074,3.33,3.249993323154289,0.5811000000000001
Morocco,2008,5.177228786251343,1.23,86.97609471414842,3183.20043945313,57.1254169272616,77.83447164256016,14.4,147.04833554103777,0.0061644205483407,3.27,2.4221350885278525,0.5811000000000001
Morocco,2009,5.177228786251343,1.35,86.96760323108384,3119.58862304688,57.7306189138977,62.370956015226945,14.2,135.3203828682646,0.00325837372650423,3.16,1.9478274433084795,0.5811000000000001
Morocco,2010,5.177228786251343,1.34,87.09740193444219,3067.9853515625,58.3287516486646,69.54197961014401,13.9,136.66909668685705,0.00546877446444964,3.21,1.2299824583834975,0.5811000000000001
Morocco,2011,5.177228786251343,1.36,88.62996278522925,3301.98876953125,58.902576690412,76.8258714906247,11.8,121.99275988011328,0.00726865921109118,3.29,2.2904684049663904,0.5811000000000001
Morocco,2012,5.177228786251343,1.28,89.09182771395893,3164.17724609375,59.4348555979895,78.22210189560718,10.9,111.81600584283026,0.00528452503464482,3.24,2.6575871264150654,0.5811000000000001
Morocco,2013,5.177228786251343,1.4,88.31820404155137,3379.7431640625,59.9083499302469,73.8577565315318,11.6,106.19486130553236,0.00535817874110864,3.11,2.9038626404404004,0.5811000000000001
Morocco,2014,5.177228786251343,1.36,88.36457319186327,3435.40698242188,60.3030486171654,71.89356675393978,11.1,90.69412514470599,0.00272007561344937,3.07,2.9592543548448864,0.5811000000000001
Morocco,2015,5.177228786251343,1.41,72.8609624298786,3146.24780273438,60.6417124737154,67.28867592538485,11.2,49.4748275504999,0.00142730898853635,3.02,2.9461110839015405,0.5811000000000001
Morocco,2016,5.177228786251343,1.25,0.0,3140.85546875,60.9657656537179,71.12266038168643,11.1,48.80204874215634,0.00113281093648473,3.01,1.9300054025105589,0.5811000000000001
Morocco,2017,5.177228786251343,1.37,0.0,3296.52661132813,61.2761057031842,74.17335787865731,10.4,34.24108901933146,0.00131078372177982,3.0,2.260921961205382,0.5811000000000001
Morocco,2018,5.177228786251343,1.46,0.0,3501.69799804688,61.5695822753314,77.25488752439892,10.9,34.449317957117586,0.00175486944296997,2.94,2.7833793684016364,0.5811000000000001
Morocco,2019,5.177228786251343,1.39,0.0,3508.09765625,61.8430450233765,75.99811587984217,10.7,25.468902090790014,0.00137237053657597,3.08,1.3347978956741524,0.5811000000000001
Morocco,2020,5.177228786251343,1.2,0.0,3268.0302734375,62.0933436005366,68.84380339043642,11.1,14.548211098479937,0.000839572708870582,3.14,1.169073345875584,0.5811000000000001
Oman,2005,10.362799263351748,4.66,99.92129283693683,14434.857792464712,71.8577803438712,86.76130204213179,0.0,1189.0706501850975,42.841561539357,4.59,4.332571562509139,0.676
Oman,2006,10.362799263351748,5.72,99.98600988878911,16930.856507185275,72.3920261203777,86.14570798541332,0.0,1474.6376178192245,40.7520000982427,6.82,3.748679074710913,0.676
Oman,2007,10.362799263351748,6.24,99.9426351014091,18792.653772481983,73.0679250158092,94.8657889777347,0.0,1545.942997143288,37.7986997972135,7.46,6.898742697143458,0.676
Oman,2008,10.362799263351748,6.09,,26576.779241508975,73.807772368029,94.76190298771606,0.0,1400.552926637939,37.9131008037865,6.02,4.22877879574812,0.676
Oman,2009,10.362799263351748,6.21,99.64960504105643,20655.918024921848,74.5338635149003,91.62793533469967,0.0,1247.8949670840848,30.5131215016084,5.79,2.721589336885187,0.676
Oman,2010,10.362799263351748,6.77,,23570.179814732484,75.1579724666274,96.38655462184875,0.0,1366.7338981790522,32.5688653439524,6.61,1.9119647859143631,0.676
Oman,2011,10.362799263351748,6.82,99.9907878576013,25188.007415188506,75.6585803514688,101.64173193994188,0.0,1203.378676366893,40.4074409203453,7.61,2.1021887521897447,0.676
Oman,2012,10.362799263351748,6.56,99.5673514319969,24642.297876859564,76.088156621068,102.07476040430008,0.0,1037.060744474405,37.5396768679582,7.55,1.5612029028198,0.676
Oman,2013,10.362799263351748,6.17,,23458.02338400529,76.4914234214313,112.5435217637737,0.0,999.0426877436645,35.9895065337986,7.35,1.7928644694682465,0.676
Oman,2014,10.362799263351748,6.03,99.98517250012846,23160.65022525467,76.8892576748951,102.27872108813001,0.0,816.5785995710235,31.6791185960483,7.25,1.3876575353227005,0.676
Oman,2015,10.362799263351748,6.16,71.47228435212755,18808.30779218389,77.3025363037955,96.37758018523475,0.0,450.8396479991403,18.8680645519097,7.16,-2.760017578467031,0.676
Oman,2016,10.362799263351748,5.88,0.0,17110.189746054482,77.7521362304688,82.86426420189012,0.0,433.3866639644135,16.2724873177614,6.59,3.0162495240073395,0.676
Oman,2017,10.362799263351748,6.01,0.0,17820.066180933452,78.3142260040136,88.95314801829562,0.0,294.40266263001087,19.3050063067708,7.05,3.560055838967622,0.676
Oman,2018,10.362799263351748,6.24,0.0,19901.76156420162,78.9655839720276,89.27921782628468,0.0,302.7898281457652,23.7087990780384,6.78,6.120679854479308,0.676
Oman,2019,10.362799263351748,6.31,0.0,19180.186415280146,79.5780017545962,86.47820103132365,0.0,211.7700079412527,21.6117797561797,6.31,2.269089233713532,0.676
Oman,2020,10.362799263351748,6.26,0.0,16784.86306300576,80.0176378922722,91.87589080144721,0.1,125.08960802253998,14.994277961787,7.18,2.515486240543792,0.676
Qatar,2005,9.415959252971136,15.87,99.95831746560032,53949.676409114654,97.3016654918171,94.7455441696331,0.0,5669.167443187061,38.1771562134119,9.11,5.614130334194989,0.6691
Qatar,2006,9.415959252971136,15.64,99.9878432018471,62582.445313875534,97.5827378795062,98.57091931357198,0.1,5438.886834878287,34.1520126219521,8.36,5.748812107702236,0.6691
Qatar,2007,9.415959252971136,14.36,99.95715645111737,65954.3419525051,97.8663125111735,96.11410571011056,0.1,4874.268983878391,30.8003611618771,8.0,5.8962199123218175,0.6691
Qatar,2008,9.390572390572391,13.79,99.95787790524923,80781.4039187792,98.1295193937322,89.43284165469049,0.1,4074.2000169854596,32.6040710093919,6.99,3.278064170092687,0.6701
Qatar,2009,9.362270450751254,12.36,99.99372460931048,60785.73515516575,98.3494885340955,80.14416297270117,0.1,3444.370999668087,23.0165618959946,6.59,8.307641307916604,0.6711
Qatar,2010,9.334437086092716,13.49,,76462.61194867358,98.5066232166665,87.1111970364642,0.1,3169.6222613545974,26.6026039782648,6.26,3.7777525924938278,0.672
Qatar,2011,9.319078947368421,14.17,,103261.51029306755,98.6300610210909,98.72163510189912,0.1,2781.9387034935744,29.9468705202351,5.55,0.5593890309840148,0.6729
Qatar,2012,9.288743882544862,15.05,,108470.38702322898,98.7428010471968,105.74628643353516,0.0,2560.0189478905936,28.3389822463275,7.32,0.21188870622902808,0.6737000000000001
Qatar,2013,9.288743882544862,14.38,,103697.06278914357,98.8357621827901,102.3831543790237,0.0,2249.0363552265494,25.3595869913171,7.42,-0.4228823740027563,0.6737000000000001
Qatar,2014,9.288743882544862,13.95,,95840.68989342384,98.901627838826,99.03431389527589,0.0,2139.382274141233,21.5388184142326,6.83,0.5044907268023494,0.6737000000000001
Qatar,2015,9.288743882544862,13.07,52.94986436393763,68985.2433380102,98.9382407681154,93.70767393708184,0.0,1023.3471346164431,13.0300594635573,6.55,0.6620997973614519,0.6737000000000001
Qatar,2016,9.288743882544862,12.24,0.0,61253.621799709115,98.9855265345423,89.54762314300974,0.1,977.2488596055764,11.1615579117458,6.2,0.5100442690180246,0.6737000000000001
Qatar,2017,9.288743882544862,12.39,0.0,63279.87674862159,99.0310125265978,91.49455747858546,0.1,612.230415477482,13.5394624768111,7.13,0.6120385197160306,0.6737000000000001
Qatar,2018,9.288743882544862,11.9,0.0,71039.93082400775,99.0755684762244,91.83834327329397,0.0,602.1817402612342,16.2911609453974,6.9,-1.1924955794647374,0.6737000000000001
Qatar,2019,9.288743882544862,12.18,0.0,66841.3623185691,99.1191696672067,90.04629341175591,0.1,418.25095977731695,14.5084244384971,6.82,-1.5947239217934166,0.6737000000000001
Qatar,2020,9.288743882544862,11.45,0.0,51683.56810789495,99.1617913833034,90.0189857283633,0.0,253.8147396105978,10.5957303632833,7.07,-1.6855065460812897,0.6737000000000001
Saudi Arabia,2005,7.745535714285716,6.1,92.44985974658772,15975.747378225802,80.9775503092999,81.95407594101583,0.0,1532.919307718715,48.8606315090549,5.09,1.3351585033385074,0.6428
Saudi Arabia,2006,7.745535714285716,6.19,95.79707623941073,17563.614537063942,81.2008588083072,89.9446046768984,0.0,1572.0475921808743,49.6700972841917,5.34,1.5855360233556899,0.6428
Saudi Arabia,2007,7.745535714285716,6.33,93.66879431691072,18596.15026278984,81.4230015549063,94.86331709676571,0.0,1409.3704924755255,47.4394429695294,5.52,1.484578845302093,0.6428
Saudi Arabia,2008,7.745535714285716,6.55,96.2986608323185,22320.48889643311,81.6441431042994,96.10263087421855,0.0,1431.7194050019318,54.085800995618,5.72,1.0592569959234859,0.6428
Saudi Arabia,2009,7.745535714285716,6.29,96.57206229972927,17718.391164836474,81.8644480116889,84.85834156248427,0.0,1398.7241282511663,34.6315417084598,6.32,0.10169038708409006,0.6428
Saudi Arabia,2010,7.745535714285716,6.83,97.11416052507319,22028.390142658573,82.0791668544465,82.54968502275368,0.0,1446.3687168010738,37.9011314342465,6.7,0.9236700923674352,0.6428
Saudi Arabia,2011,7.745535714285716,6.85,88.2559935839333,27126.74987477018,82.2543876159947,84.35943424389946,0.0,1203.6786689225842,49.1612188808623,6.3,0.6881336315045188,0.6428
Saudi Arabia,2012,7.745535714285716,6.98,96.89822987856522,28733.437551345218,82.4311918025358,81.74067854615997,0.0,1123.7003909248135,47.4093852263553,6.18,0.6696260137513339,0.6428
Saudi Arabia,2013,7.745535714285716,6.82,93.59544211930978,27865.465604962024,82.6071884619102,80.25150142867832,0.0,1065.9748416462742,44.4564985480281,5.94,0.4379841955743215,0.6428
Saudi Arabia,2014,7.745535714285716,6.91,94.68128950836086,27805.48503194224,82.7822571294871,78.00011111773601,0.0,967.1825975460164,40.3219689900701,6.32,0.1917115172648344,0.6428
Saudi Arabia,2015,7.745535714285716,6.91,7.126577878130473,23256.154955353068,82.9562773406163,67.10526923005925,0.0,515.2450930548814,23.9567993223384,6.17,0.5726220979289383,0.6428
Saudi Arabia,2016,7.745535714285716,6.58,0.0,22267.721705038737,83.129128630626,57.92166351103645,0.0,478.61385888329465,20.0051771356735,6.07,3.1851861185026844,0.6428
Saudi Arabia,2017,7.745535714285716,6.77,0.0,23929.290713598155,83.300690534822,59.53197915782293,0.0,307.3872829691946,23.6170719123709,6.18,0.1368014071518839,0.6428
Saudi Arabia,2018,7.745535714285716,6.58,0.0,29360.065896856635,83.4708425884849,59.10291046971411,0.0,287.72567064863995,28.0842811588989,5.81,1.3694568330373482,0.6428
Saudi Arabia,2019,7.745535714285716,6.54,0.0,29566.79338274359,83.6394643268678,56.79382048865131,0.0,192.05190794129197,24.3295780055005,5.76,0.3464114557978613,0.6428
Saudi Arabia,2020,7.745535714285716,6.17,0.0,24338.830730106733,83.8064352851942,47.53315922504798,0.1,114.13268294032629,15.9789107766923,5.95,0.21111552341285747,0.6428
Syria,2005,8.165204678362572,1.68,98.44283599943779,1533.901665365676,53.8227202374695,80.13300248666059,2.1,288.88242808201886,5.29082341663287,,1.7325638360158202,0.657
Syria,2006,8.165204678362572,1.72,98.70004050893813,1718.7834721733766,54.059770380523,74.20522658659272,1.8,285.26316905053034,5.16369608370094,,1.9524891045201471,0.657
Syria,2007,8.165204678362572,1.57,98.48430366336225,1937.6113857802743,54.2883969431774,76.37935351571971,1.5,308.77608720385655,4.59093161345655,,3.069193978370229,0.657
Syria,2008,8.165204678362572,1.43,99.06238130777493,2429.124770871886,54.5858464394493,74.22796009901718,1.2,295.11000427987676,5.19652182902386,,2.7885874585822026,0.657
Syria,2009,8.165204678362572,1.46,99.2711841829875,2462.2019364320217,55.0293653833552,59.943825239367555,0.9,246.9708330987974,2.96166778457661,,4.748597031080174,0.657
Syria,2010,8.165204678362572,1.37,98.97447141289672,2730.614771189487,55.6962002889119,64.01016469472577,1.4,233.35718810530463,3.83125650391356,,2.3931861526358964,0.657
Syria,2011,8.165204678362572,1.46,95.64663827039598,2952.1434937225717,58.4817704183521,50.69609434565533,1.6,188.12650168818874,18.8708007318397,,1.190656571893871,0.657
Syria,2012,8.165204678362572,1.27,87.21913764849761,1897.6611501869634,65.0896662830335,35.36869033159418,2.0,132.12536181703854,13.5972766904663,,,0.657
Syria,2013,8.165204678362572,1.03,99.08528305373336,985.8926692270542,73.0620491886137,44.70525478335319,3.1,105.92451367444401,8.17348065756745,,,0.657
Syria,2014,8.165204678362572,0.91,97.15926414392835,1060.5910588685424,76.0,54.2644225210945,2.7,79.57689546495524,3.75849764649316,,,0.657
Syria,2015,8.165204678362572,1.08,44.3704130238728,847.7316319425646,75.7529067188542,51.08620782283695,0.6,40.609036951340045,1.97169808202096,,,0.657
Syria,2016,8.165204678362572,0.88,0.0,656.3490586313004,75.15400963398,67.11193653309277,1.3,41.46542017759265,1.84950445227804,,,0.657
Syria,2017,8.165204678362572,0.94,0.0,851.5020052541528,74.5395596323392,61.05085217196312,1.1,29.152605354651968,1.8857145317546,,,0.657
Syria,2018,8.165204678362572,0.93,0.0,1098.0668642356993,74.0612602381775,50.65909911448283,0.9,29.07704395212731,1.87604739024899,,,0.657
Syria,2019,8.165204678362572,1.1,0.0,1109.539260360489,73.8248788261986,41.9994711236162,1.0,17.53381103955364,2.46515545695966,,,0.657
Syria,2020,8.165204678362572,1.0,0.0,572.3552898319015,73.4125031102512,44.81833530274804,1.1,9.718419870025867,4.01504490668102,,,0.657
Tunisia,2005,7.924242424242425,1.5,86.31231654727362,3146.8260743927026,65.2340901739004,90.25124788039454,14.2,221.12855131969908,3.79249223607583,3.81,2.208449194975963,0.6595000000000001
Tunisia,2006,7.661268556005398,1.47,86.57402631068958,3322.5693357009604,65.5209809651521,93.94093040943086,14.3,218.9001612508149,4.1077575724331,3.81,9.424733697291288,0.6535000000000001
Tunisia,2007,7.423841059602649,1.54,86.58154701774546,3726.916729356669,65.8000030517578,104.05940097664671,14.3,220.88914881044397,5.51629477963382,3.69,3.893951598602182,0.6478
Tunisia,2008,7.200260078023408,1.52,86.68686431898925,4255.050080195232,66.0676053984361,114.3436602186955,14.6,215.96409067455593,5.93514843614258,3.69,5.797386196007548,0.6425000000000001
Tunisia,2009,7.007682458386683,1.48,85.94935055296521,4080.0903244878054,66.3362197875977,93.01687878767221,16.1,199.16272149304308,3.44832785220984,3.48,3.5098811804244194,0.6374000000000001
Tunisia,2010,6.816120906801008,1.51,87.62350335317899,4291.861208915754,66.6280059814453,100.15100983679926,12.6,208.13140579602745,4.12711827435362,3.77,2.888142317589814,0.6326
Tunisia,2011,6.867515923566879,1.47,87.93239402510528,4420.64772206537,66.9191886197857,100.10637930423694,13.2,169.13965683761276,5.01344964105154,3.68,0.8990775349800393,0.6281
Tunisia,2012,6.745569620253165,1.6,88.29311184220485,4297.267824542726,67.2098922729492,101.55072392966807,13.0,152.61617235789333,5.06594682844413,3.68,3.2851893396328338,0.6267
Tunisia,2013,6.630188679245283,1.51,88.11633440270357,4369.79345826358,67.4999542236328,98.95495668620381,13.2,153.25455495083784,4.28421078126965,3.66,2.1744128074391957,0.6253000000000001
Tunisia,2014,6.630188679245283,1.55,88.20139712308853,4458.978954645474,67.7524643379101,96.10710385587005,12.9,136.28813676187156,3.35507824664457,3.61,2.038427468680126,0.6253000000000001
Tunisia,2015,6.630188679245283,1.64,74.58716857993697,4014.9477368643215,67.8807907104492,87.24853065960522,12.5,75.53251571268471,1.62596299660366,3.66,2.1199926059717895,0.6253000000000001
Tunisia,2016,6.630188679245283,1.49,0.0,3847.8035444880866,68.0623356528248,87.09266436414659,12.4,72.81890489450485,1.266744868786,3.67,1.4034455864099264,0.6253000000000001
Tunisia,2017,6.630188679245283,1.58,0.0,3619.0324731995315,68.2877807617188,95.8091979825804,11.8,49.35790293081065,1.48811485046411,3.7,1.9233125677006988,0.6253000000000001
Tunisia,2018,6.630188679245283,1.51,0.0,3628.1036646423577,68.5485240272509,103.87182426063521,11.9,49.0347618051168,1.99021548871455,3.64,2.3224803498441378,0.6253000000000001
Tunisia,2019,6.630188679245283,1.62,0.0,3528.8721330679796,68.8206382576031,102.33261472578927,12.2,33.17385438870429,1.66141181151334,3.53,1.9448764995090337,0.6253000000000001
Tunisia,2020,6.630188679245283,1.41,0.0,3548.6536366380274,69.1043166438476,84.3333297071767,12.9,19.268980225910425,0.916677526611502,3.68,1.4663430490686171,0.6253000000000001
United Arab Emirates,2005,9.221138211382115,8.88,99.9794221026998,38719.31383076232,82.2122832763517,119.55287164225442,0.1,2608.3130148143337,23.9417369873026,4.52,6.034816041234848,0.6725
United Arab Emirates,2006,9.33990147783251,8.53,99.75410269830725,44342.604832248195,82.5588968646829,119.4706695777856,0.1,2355.6255541429086,25.8820272214672,4.29,5.765437532235207,0.6743
United Arab Emirates,2007,9.480066445182725,8.33,99.75982543785564,45854.73251581623,82.758608500318,136.79815286577133,0.1,2172.7806987589265,23.7183455650517,4.51,5.500439717228834,0.6762
United Arab Emirates,2008,9.623529411764705,8.74,99.78528356359479,50054.170068180334,82.9658963549658,148.51354402572267,0.1,2055.931286934829,26.67204274176,5.17,1.6048746071522846,0.6783
United Arab Emirates,2009,9.773809523809524,8.05,95.55028674598151,37803.06637387768,83.1701992996163,153.46194435837282,0.1,1770.0694647341743,18.418263242659,5.84,0.44736736584577813,0.6806
United Arab Emirates,2010,9.111658456486044,8.23,,44795.29493022682,83.3714299144178,135.48570912842584,0.1,1565.3831523141666,22.679737867780702,5.36,2.858540324564089,0.6658000000000001
United Arab Emirates,2011,8.48177496038035,8.24,97.68886739707234,51921.904511613,83.5695007795347,144.17678686898213,0.1,1336.0446274278047,28.5990789001782,4.99,1.9388618674080027,0.651
United Arab Emirates,2012,7.9095092024539895,8.14,98.47229391318061,53141.61243400989,83.7643244751488,156.6376945014814,0.1,1238.1916535845555,27.0648520266069,5.13,2.4355423915744794,0.6364000000000001
United Arab Emirates,2013,7.37444279346211,8.0,98.35249481969409,53247.24094954414,83.9558135814626,157.39808398964087,0.1,1228.797431324118,26.2480640478396,5.17,2.383822170217086,0.6219
United Arab Emirates,2014,7.56127080181543,7.44,80.13354493055922,52725.235840793444,84.1438806787019,159.51561505776388,0.1,1168.7638874343877,22.9458647037024,5.64,2.605460653716542,0.6255000000000001
United Arab Emirates,2015,7.217391304347825,7.31,22.53484826106161,44910.33499552302,84.3284383471193,164.28618273790346,0.1,598.0842466957338,13.1025344354216,5.82,2.2386139569919647,0.6191
United Arab Emirates,2016,6.89847009735744,7.11,0.0,42721.09993831847,84.5093991669984,165.39501917458,0.1,614.4895817697491,11.0807563620506,5.87,2.5162020095145294,0.6127
United Arab Emirates,2017,6.59679572763685,6.88,0.0,43733.61922874352,84.686675718659,165.47654246981486,0.2,407.7506821296481,13.4985731745503,4.87,2.5669611240159362,0.6061000000000001
United Arab Emirates,2018,6.308974358974359,6.13,0.0,47135.35919439715,84.8601805824625,154.74700501929283,0.3,372.18900463304595,17.0989945007163,4.94,2.357291500021323,0.5994
United Arab Emirates,2019,6.308974358974359,6.58,0.0,45938.607358199384,85.0298263388195,163.82215294485297,0.7,261.3925827935509,15.681591549088,5.24,4.119285643018234,0.5994
United Arab Emirates,2020,6.308974358974359,6.24,0.0,37991.74929716649,85.1955255681984,181.29188817063957,0.9,162.01817344114093,10.4940977026696,5.29,5.5673550786512225,0.5994
Yemen,2005,10.3,0.63,98.65548856577036,734.1599084509268,28.8523786558834,76.773285677642,0.7,96.26576813206846,41.093106599265,3.25,-1.8053105358459653,0.6967
Yemen,2006,10.478632478632479,0.62,98.70642621824658,809.7131276247031,29.2379493450977,82.07616265641354,0.8,95.82133953426741,40.4372276843013,3.37,5.880299897300469,0.7004
Yemen,2007,10.224252491694353,0.6,98.63728664470148,890.3057681149879,29.6091538946366,79.12342058760588,0.8,93.27872087077645,32.9618903118727,3.2,4.2368480410255716,0.7002
Yemen,2008,9.970967741935485,0.59,98.67945075614195,1071.6358328210472,29.9646637170333,81.24471885029402,0.7,91.43991279659066,33.8268519294838,3.25,5.776962320087104,0.7001000000000001
Yemen,2009,9.706249999999999,0.63,98.75855693755365,969.2435098644783,30.3031502248211,68.0713910145084,0.7,90.45178221949176,20.6195697250514,3.47,0.5141208501839802,0.6999000000000001
Yemen,2010,9.433534743202419,0.62,98.62025136879282,1155.203052614175,30.6232848305331,64.38563677971784,0.8,82.15079461469278,22.1800547456639,3.12,0.6103579270764173,0.6997
Yemen,2011,9.132267441860467,0.57,98.28673900729503,1186.475005812153,30.9237389467026,63.05945795490425,0.9,60.04460484155033,23.3981676874913,3.03,-1.5823391683170536,0.6995
Yemen,2012,10.046511627906977,0.6,98.03664895330974,1245.0506827207792,31.2031839858628,61.36163718256827,1.1,46.93913210560238,17.0272517537375,2.68,-0.04022218293148706,0.7147
Yemen,2013,11.121464226289516,0.66,98.4968311957768,1378.750029549281,31.4427187944215,52.51187813670889,0.8,61.957828640699475,11.1124026574675,3.52,-0.33049641006422215,0.7304
Yemen,2014,9.926666666666668,0.62,95.02005382708532,1430.1642096402572,31.8626162180918,48.2430405122774,0.8,48.66880668775827,9.0008580090252,3.35,-0.5392373283744976,0.6875
Yemen,2015,9.926666666666668,0.44,60.079625184294585,1362.1738120601008,32.3883178702702,30.36765908446375,2.0,13.941643332195577,1.69761197489757,2.22,-0.03638825281603358,0.6875
Yemen,2016,9.926666666666668,0.38,0.0,975.3594170032254,32.9512008005236,31.081544290855923,2.6,10.570251656018234,0.710184776557765,1.75,-1.7913121204588909,0.6875
Yemen,2017,9.926666666666668,0.39,0.0,811.165970405745,33.5586912522175,42.96990467219668,3.0,6.4666950361467155,1.91730246407045,1.81,-1.0053188934189485,0.6875
Yemen,2018,9.926666666666668,0.4,0.0,633.8872024515454,34.2106045810864,56.07782272150765,2.9,6.53817093095621,4.82356153067882,2.24,-1.305638398230887,0.6875
Yemen,2019,9.926666666666668,0.41,0.0,,34.9067561732024,,3.0,4.655602288202243,,2.22,,0.6875
Yemen,2020,9.926666666666668,0.39,0.0,,35.7025604580302,,3.5,2.4681169144660497,,2.12,,0.6875
