Economy_Label,1990_Percentage_of_gross_Domestic_Product_Value,1990_Percentage_of_gross_Domestic_Product_Footnote,1990_Percentage_of_gross_Domestic_Product_MissingValue,1991_Percentage_of_gross_Domestic_Product_Value,1991_Percentage_of_gross_Domestic_Product_Footnote,1991_Percentage_of_gross_Domestic_Product_MissingValue,1992_Percentage_of_gross_Domestic_Product_Value,1992_Percentage_of_gross_Domestic_Product_Footnote,1992_Percentage_of_gross_Domestic_Product_MissingValue,1993_Percentage_of_gross_Domestic_Product_Value,1993_Percentage_of_gross_Domestic_Product_Footnote,1993_Percentage_of_gross_Domestic_Product_MissingValue,1994_Percentage_of_gross_Domestic_Product_Value,1994_Percentage_of_gross_Domestic_Product_Footnote,1994_Percentage_of_gross_Domestic_Product_MissingValue,1995_Percentage_of_gross_Domestic_Product_Value,1995_Percentage_of_gross_Domestic_Product_Footnote,1995_Percentage_of_gross_Domestic_Product_MissingValue,1996_Percentage_of_gross_Domestic_Product_Value,1996_Percentage_of_gross_Domestic_Product_Footnote,1996_Percentage_of_gross_Domestic_Product_MissingValue,1997_Percentage_of_gross_Domestic_Product_Value,1997_Percentage_of_gross_Domestic_Product_Footnote,1997_Percentage_of_gross_Domestic_Product_MissingValue,1998_Percentage_of_gross_Domestic_Product_Value,1998_Percentage_of_gross_Domestic_Product_Footnote,1998_Percentage_of_gross_Domestic_Product_MissingValue,1999_Percentage_of_gross_Domestic_Product_Value,1999_Percentage_of_gross_Domestic_Product_Footnote,1999_Percentage_of_gross_Domestic_Product_MissingValue,2000_Percentage_of_gross_Domestic_Product_Value,2000_Percentage_of_gross_Domestic_Product_Footnote,2000_Percentage_of_gross_Domestic_Product_MissingValue,2001_Percentage_of_gross_Domestic_Product_Value,2001_Percentage_of_gross_Domestic_Product_Footnote,2001_Percentage_of_gross_Domestic_Product_MissingValue,2002_Percentage_of_gross_Domestic_Product_Value,2002_Percentage_of_gross_Domestic_Product_Footnote,2002_Percentage_of_gross_Domestic_Product_MissingValue,2003_Percentage_of_gross_Domestic_Product_Value,2003_Percentage_of_gross_Domestic_Product_Footnote,2003_Percentage_of_gross_Domestic_Product_MissingValue,2004_Percentage_of_gross_Domestic_Product_Value,2004_Percentage_of_gross_Domestic_Product_Footnote,2004_Percentage_of_gross_Domestic_Product_MissingValue,2005_Percentage_of_gross_Domestic_Product_Value,2005_Percentage_of_gross_Domestic_Product_Footnote,2005_Percentage_of_gross_Domestic_Product_MissingValue,2006_Percentage_of_gross_Domestic_Product_Value,2006_Percentage_of_gross_Domestic_Product_Footnote,2006_Percentage_of_gross_Domestic_Product_MissingValue,2007_Percentage_of_gross_Domestic_Product_Value,2007_Percentage_of_gross_Domestic_Product_Footnote,2007_Percentage_of_gross_Domestic_Product_MissingValue,2008_Percentage_of_gross_Domestic_Product_Value,2008_Percentage_of_gross_Domestic_Product_Footnote,2008_Percentage_of_gross_Domestic_Product_MissingValue,2009_Percentage_of_gross_Domestic_Product_Value,2009_Percentage_of_gross_Domestic_Product_Footnote,2009_Percentage_of_gross_Domestic_Product_MissingValue,2010_Percentage_of_gross_Domestic_Product_Value,2010_Percentage_of_gross_Domestic_Product_Footnote,2010_Percentage_of_gross_Domestic_Product_MissingValue,2011_Percentage_of_gross_Domestic_Product_Value,2011_Percentage_of_gross_Domestic_Product_Footnote,2011_Percentage_of_gross_Domestic_Product_MissingValue,2012_Percentage_of_gross_Domestic_Product_Value,2012_Percentage_of_gross_Domestic_Product_Footnote,2012_Percentage_of_gross_Domestic_Product_MissingValue,2013_Percentage_of_gross_Domestic_Product_Value,2013_Percentage_of_gross_Domestic_Product_Footnote,2013_Percentage_of_gross_Domestic_Product_MissingValue,2014_Percentage_of_gross_Domestic_Product_Value,2014_Percentage_of_gross_Domestic_Product_Footnote,2014_Percentage_of_gross_Domestic_Product_MissingValue,2015_Percentage_of_gross_Domestic_Product_Value,2015_Percentage_of_gross_Domestic_Product_Footnote,2015_Percentage_of_gross_Domestic_Product_MissingValue,2016_Percentage_of_gross_Domestic_Product_Value,2016_Percentage_of_gross_Domestic_Product_Footnote,2016_Percentage_of_gross_Domestic_Product_MissingValue,2017_Percentage_of_gross_Domestic_Product_Value,2017_Percentage_of_gross_Domestic_Product_Footnote,2017_Percentage_of_gross_Domestic_Product_MissingValue,2018_Percentage_of_gross_Domestic_Product_Value,2018_Percentage_of_gross_Domestic_Product_Footnote,2018_Percentage_of_gross_Domestic_Product_MissingValue,2019_Percentage_of_gross_Domestic_Product_Value,2019_Percentage_of_gross_Domestic_Product_Footnote,2019_Percentage_of_gross_Domestic_Product_MissingValue,2020_Percentage_of_gross_Domestic_Product_Value,2020_Percentage_of_gross_Domestic_Product_Footnote,2020_Percentage_of_gross_Domestic_Product_MissingValue,2021_Percentage_of_gross_Domestic_Product_Value,2021_Percentage_of_gross_Domestic_Product_Footnote,2021_Percentage_of_gross_Domestic_Product_MissingValue,2022_Percentage_of_gross_Domestic_Product_Value,2022_Percentage_of_gross_Domestic_Product_Footnote,2022_Percentage_of_gross_Domestic_Product_MissingValue,2023_Percentage_of_gross_Domestic_Product_Value,2023_Percentage_of_gross_Domestic_Product_Footnote,2023_Percentage_of_gross_Domestic_Product_MissingValue,2024_Percentage_of_gross_Domestic_Product_Value,2024_Percentage_of_gross_Domestic_Product_Footnote,2024_Percentage_of_gross_Domestic_Product_MissingValue,2025_Percentage_of_gross_Domestic_Product_Value,2025_Percentage_of_gross_Domestic_Product_Footnote,2025_Percentage_of_gross_Domestic_Product_MissingValue
"World",0.89,,,0.64,,,0.64,,,0.84,,,0.91,,,1.11,,,1.23,,,1.51,,,2.16,,,3.29,,,4.02,,,2.3,,,1.69,,,1.4,,,1.58,,,1.99,,,2.7,,,3.23,,,2.27,,,2.01,,,2.09,,,2.27,,,1.92,,,1.94,,,1.83,,,2.93,,,2.66,,,2.16,,,1.48,,,1.87,,,1,,,1.8,,,1.4,,,1.23,,,1.38,,,1.38,,
"Individual economies",,,"Not applicable",,,"Not applicable",,,"Not applicable",,,"Not applicable",,,"Not applicable",,,"Not applicable",,,"Not applicable",,,"Not applicable",,,"Not applicable",,,"Not applicable",,,"Not applicable",,,"Not applicable",,,"Not applicable",,,"Not applicable",,,"Not applicable",,,"Not applicable",,,"Not applicable",,,"Not applicable",,,"Not applicable",,,"Not applicable",,,"Not applicable",,,"Not applicable",,,"Not applicable",,,"Not applicable",,,"Not applicable",,,"Not applicable",,,"Not applicable",,,"Not applicable",,,"Not applicable",,,"Not applicable",,,"Not applicable",,,"Not applicable",,,"Not applicable",,,"Not applicable",,,"Not applicable",,,"Not applicable"
"Afghanistan",0,,,-0.01,,,0.01,,,0,,,0,,,0,,,0.02,,,-0.05,,,0,,,0.22,,,0,,,0.02,,,1.17,,,1.18,,,3.4,,,4.19,,,3.26,,,1.89,,,0.45,,,1.66,,,0.36,,,0.32,,,0.21,,,0.24,,,0.22,,,0.9,,,0.51,,,0.27,,,0.63,,,0.12,,,0.06,,,0.14,,,,,,,,,,,,,,
"Albania",,,,,,,1.32,,,4,,,2.82,,,2.41,,,2.79,,,2.1,,,1.72,,,1.25,,,4.02,,,5.08,,,2.94,,,3.08,,,4.67,,,3.2,,,3.55,,,5.92,,,7.35,,,8.07,,,8.69,,,6.75,,,6.99,,,9.89,,,8.36,,,8.25,,,9.18,,,8.67,,,8.39,,,8.26,,,7.27,,,6.84,,,7.54,,,6.91,,,6.33,,,6.04,,
"Algeria",0.06,,,0.17,,,0.06,,,0,,,0,,,0,,,0.58,,,0.53,,,1.22,,,0.57,,,0.48,,,1.87,,,1.73,,,0.87,,,0.96,,,1.07,,,1.53,,,1.22,,,1.46,,,1.83,,,1.29,,,1.18,,,0.66,,,0.74,,,0.63,,,-0.31,,,0.91,,,0.65,,,0.76,,,0.71,,,0.69,,,0.47,,,0.11,,,0.49,,,0.48,,,0.54,,
"Angola",-2.39,,,3.97,,,1.49,,,2.13,,,1.16,,,6.65,,,1.92,,,3.7,,,11.8,,,27.19,,,6.46,,,15.99,,,10.07,,,17.58,,,8.14,,,-3.15,,,-0.06,,,-1.22,,,1.7,,,2.7,,,-3.38,,,-2.41,,,-1.02,,,-4.63,,,2.22,,,7.62,,,-0.16,,,-5.29,,,-5.65,,,-4.33,,,-2.81,,,-5.16,,,-4.63,,,-1.85,,,-1.42,,,0.83,,
"Anguilla",14.31,,,7.87,,,18.26,,,7.02,,,10.84,,,16.95,,,30.3,,,17.27,,,20.16,,,25.67,,,30.2,,,41.14,,,41.91,,,42.35,,,44.46,,,52.38,,,51.83,,,34.7,,,35.79,,,17.99,,,26.95,,,13.46,,,34.83,,,19.62,,,25.29,,,35.08,,,36.01,,,38.72,,,68.21,,,43.04,,,26.22,,,26.06,,,8.22,,,10.53,,,12.94,,,4.64,,
"Antigua and Barbuda",12.79,,,11.37,,,3.94,,,2.85,,,4.21,,,5.45,,,3.05,,,3.37,,,3.13,,,6.76,,,13.27,,,20.35,,,12.61,,,15.38,,,12.9,,,13.46,,,25.88,,,26.89,,,11.5,,,6.74,,,7.8,,,5.83,,,11.05,,,7.51,,,3.71,,,9.7,,,7.06,,,9.12,,,11.59,,,6.86,,,3.22,,,18.24,,,17.78,,,14.99,,,12.71,,,13.28,,
"Argentina",1.2,,,1.19,,,1.79,,,1.09,,,1.3,,,2.01,,,2.36,,,2.88,,,2.25,,,7.8,,,3.38,,,0.74,,,1.94,,,1.18,,,2.49,,,2.62,,,2.36,,,2.23,,,2.66,,,1.19,,,2.66,,,2.04,,,2.64,,,1.6,,,0.89,,,1.82,,,0.58,,,1.79,,,2.23,,,1.49,,,1.16,,,1.28,,,1.29,,,1.74,,,1.39,,,0.57,,
"Armenia",,,"Not applicable",,,"Not applicable",0.19,,,0.07,,,0.64,,,1.85,,,1.03,,,2.97,,,11.52,,,6.2,,,5.11,,,3.09,,,4.37,,,4.1,,,6.48,,,5.59,,,6.85,,,6.8,,,7.59,,,8.24,,,5.36,,,6.04,,,4.68,,,3.11,,,3.5,,,1.74,,,3.17,,,2.19,,,2.14,,,0.74,,,0.46,,,2.64,,,5,,,2.4,,,0.51,,,2.07,,
"Aruba",15.25,,,18.93,,,-1.52,,,-0.21,,,-4.22,,,0.08,,,5.84,,,12.21,,,4.79,,,25.9,,,-6.83,,,-14.08,,,16.93,,,7.82,,,-4.69,,,-8.77,,,8.96,,,-17.54,,,0.69,,,-0.42,,,9.65,,,18.56,,,-12.1,,,8.33,,,7.46,,,-0.91,,,0.92,,,2.84,,,3.36,,,-4.07,,,5.58,,,5.01,,,7.99,,,-4.72,,,2.46,,,1.63,,
"Australia",2.44,,,1.23,,,1.68,,,1.28,,,1.31,,,2.98,,,1.29,,,1.77,,,1.42,,,0.43,,,3.46,,,2,,,3.26,,,1.13,,,5.82,,,-3.71,,,3.21,,,4.2,,,4.43,,,3.14,,,2.83,,,3.81,,,3.74,,,3.68,,,4,,,2.37,,,3.7,,,3.27,,,4.64,,,2.8,,,1.14,,,1.54,,,3.62,,,1.91,,,2.81,,,1.88,,
"Austria",0.39,,,0.21,,,0.76,,,0.59,,,1.02,,,0.76,,,1.83,,,1.26,,,2.11,,,1.37,,,4.33,,,2.9,,,0.07,,,2.38,,,1.06,,,3.44,,,1.42,,,6.59,,,1.68,,,2.32,,,0.66,,,2.47,,,0.98,,,0.95,,,1.04,,,0.69,,,-2.01,,,3.85,,,1.31,,,1.12,,,-2.23,,,3.81,,,3.6,,,1.65,,,2.75,,,-1.31,,
"Azerbaijan",,,"Not applicable",,,"Not applicable",,,,0,,,0.64,,,5.03,,,18.61,,,26.52,,,23.01,,,11.14,,,2.46,,,3.97,,,22.33,,,45.15,,,40.97,,,12.68,,,-2.78,,,-14.37,,,0.03,,,1.07,,,1.06,,,2.22,,,2.88,,,3.55,,,5.89,,,7.63,,,11.88,,,7.02,,,2.94,,,3.08,,,1.19,,,-3.11,,,-5.68,,,0.35,,,0.31,,,0.49,,
"Bahamas",-0.36,,,-0.03,,,0.01,,,0.58,,,0.48,,,2.07,,,1.5,,,3.32,,,12.4,,,10.18,,,7.54,,,7.06,,,3.98,,,8.04,,,8.88,,,10.72,,,14.68,,,15.28,,,14.37,,,6.47,,,10.87,,,13.99,,,9.64,,,15.18,,,31.88,,,6.02,,,10.6,,,7.24,,,7.39,,,4.6,,,8.65,,,9.84,,,9.03,,,10.05,,,9.24,,,9.37,,
"Bahrain",-3.73,,,11.92,,,15.99,,,-4.62,,,3.25,,,6.34,,,29.02,,,11.87,,,-3.93,,,5.98,,,4.01,,,0.89,,,2.26,,,4.67,,,6.58,,,6.57,,,15.62,,,4.13,,,10.01,,,1.08,,,0.58,,,0.33,,,4.83,,,11.02,,,4.37,,,0.2,,,0.72,,,3.83,,,4.18,,,3.71,,,2.85,,,4.36,,,4.2,,,15.64,,,6.09,,,1.73,,
"Bangladesh",0.01,,,0,,,0.01,,,0.04,,,0.03,,,0.24,,,0.58,,,1.4,,,1.35,,,0.69,,,1.27,,,0.78,,,0.71,,,0.68,,,0.82,,,1.47,,,1.13,,,0.82,,,1.14,,,0.65,,,0.74,,,0.84,,,0.9,,,0.92,,,0.78,,,0.98,,,0.88,,,0.74,,,1.14,,,0.51,,,0.36,,,0.39,,,0.38,,,0.32,,,0.28,,,0.39,,
"Barbados",0.55,,,0.36,,,0.73,,,0.45,,,0.59,,,0.51,,,0.65,,,0.7,,,1,,,1.23,,,2.34,,,2.91,,,7.13,,,5.59,,,6.43,,,9.91,,,8.12,,,9.74,,,11.74,,,4.99,,,8.22,,,8.19,,,9.6,,,2.08,,,10.42,,,7.33,,,4.74,,,3.53,,,4.03,,,3.49,,,4.85,,,4.01,,,2.9,,,3.11,,,3.99,,,3.4,,
"Belarus",,,"Not applicable",,,"Not applicable",0.04,,,0.1,,,0.07,,,0.1,,,0.7,,,2.41,,,1.21,,,3.54,,,1.1,,,0.75,,,1.64,,,0.93,,,0.68,,,0.98,,,0.93,,,3.86,,,3.48,,,3.69,,,2.43,,,6.48,,,2.18,,,2.95,,,2.32,,,2.95,,,2.59,,,2.34,,,2.37,,,2.01,,,2.28,,,1.78,,,2.16,,,2.73,,,2.27,,,1.72,,
"Belgium",3.92,,,4.45,,,4.81,,,4.78,,,3.48,,,3.71,,,5.04,,,4.75,,,8.78,,,46.35,,,37.48,,,37.26,,,6.29,,,10.52,,,11.8,,,8.91,,,14.43,,,19.84,,,-2.68,,,13.29,,,11.96,,,15.81,,,2.34,,,4.56,,,-0.65,,,6.15,,,14.39,,,-0.61,,,5,,,2.98,,,1.87,,,0.28,,,2.45,,,4.27,,,-2.09,,,-3.74,,
"Belize",3.48,,,2.52,,,2.56,,,1.81,,,2.44,,,2.54,,,1.95,,,1.37,,,2.04,,,5.36,,,2.05,,,5.22,,,2.05,,,-0.84,,,7.96,,,8.61,,,6.84,,,8.39,,,9.76,,,6.45,,,5.56,,,5.21,,,9.87,,,4.68,,,7.14,,,2.95,,,1.96,,,1.08,,,5.17,,,3.94,,,4.12,,,5.72,,,4.57,,,3.1,,,5.21,,,1.22,,
"Benin",3.13,,,5.98,,,3.4,,,0.06,,,0.84,,,0.34,,,0.49,,,0.48,,,0.98,,,1.07,,,1.7,,,1.2,,,0.32,,,0.84,,,1.03,,,0.81,,,0.76,,,3.12,,,1.74,,,1.38,,,1.85,,,1.51,,,2.53,,,2.88,,,3.05,,,1.32,,,1.11,,,1.57,,,1.35,,,1.48,,,1.11,,,1.96,,,2.16,,,2.25,,,1.85,,,2,,
"Bermuda",,,,,,,,,,,,,,,,,,,,,,1.18,,,3.28,,,1.82,,,1.92,,,1.14,,,0.14,,,0.31,,,18.54,,,0.9,,,4.86,,,10.03,,,1.19,,,-1.08,,,3.48,,,-4.08,,,0.75,,,0.85,,,-0.05,,,-2.15,,,1.19,,,-4.05,,,1.32,,,0.07,,,1.63,,,0.02,,,0.13,,,1.79,,,1.33,,,1.27,,
"Bhutan",0.58,,,0.26,,,,,,,,,,,,0.02,,,0.46,,,-0.19,,,,,,0.25,,,,,,,,,0.43,,,0.52,,,1.2,,,0.72,,,7.65,,,3.2,,,0.34,,,0.96,,,1.54,,,1.69,,,2.73,,,0.93,,,1.12,,,0.3,,,-1.58,,,-0.4,,,0.25,,,0.1,,,0.02,,,0.05,,,0.54,,,0.08,,,0.26,,,0.24,,
"Bolivia (Plurinational State of)",1.38,,,1.79,,,2.16,,,2.16,,,2.18,,,5.57,,,5.8,,,10.78,,,12.07,,,12.2,,,8.77,,,8.67,,,8.56,,,2.44,,,0.97,,,-2.5,,,2.45,,,2.79,,,3.07,,,2.44,,,3.27,,,3.58,,,3.91,,,5.71,,,1.99,,,1.68,,,0.99,,,1.9,,,0.75,,,-0.53,,,-3.08,,,1.44,,,0.01,,,0.53,,,0.77,,,1.13,,
"Bosnia and Herzegovina",,,"Not applicable",,,"Not applicable",,,,,,,,,,,,,,,,,,,1.57,,,3.76,,,2.62,,,2.05,,,3.94,,,4.48,,,5.03,,,3.13,,,4.31,,,11.53,,,5.24,,,1.42,,,2.36,,,2.66,,,2.29,,,1.48,,,2.81,,,2.03,,,1.91,,,2.52,,,2.71,,,2.16,,,2.27,,,2.9,,,3.56,,,3.97,,,3.2,,,1.97,,
"Botswana",2.58,,,-0.21,,,-0.04,,,-7.04,,,-0.33,,,1.49,,,1.47,,,1.99,,,1.99,,,0.67,,,1.06,,,0.56,,,7.45,,,5.61,,,4.42,,,4.32,,,4.9,,,4.68,,,4.85,,,2.06,,,1.73,,,1.94,,,1.05,,,0.47,,,3.33,,,2.8,,,0.94,,,1.62,,,1.68,,,0.56,,,0.21,,,-1.7,,,3.48,,,1.02,,,2.98,,,-3.29,,
"Brazil",0.24,,,0.29,,,0.57,,,0.32,,,0.37,,,0.57,,,1.27,,,2.15,,,3.34,,,4.77,,,5,,,4.01,,,3.25,,,1.82,,,2.71,,,1.69,,,1.7,,,2.48,,,2.66,,,1.56,,,3.52,,,3.72,,,3.33,,,2.39,,,2.6,,,2.77,,,2.99,,,3.23,,,3.12,,,3.49,,,1.92,,,3.03,,,3.8,,,2.94,,,2.86,,,3.37,,
"British Virgin Islands",15.31,,,3.1,,,-65.22,,,250.47,,,193.19,,,-127.21,,,216.39,,,610.06,,,1278.9,,,1029.9,,,941.35,,,409.86,,,607.38,,,1188.07,,,3323.04,,,-718.92,,,1097.67,,,3108.32,,,4402.25,,,3934.87,,,3792.83,,,4729.76,,,5472.67,,,9249.78,,,3358.48,,,5189.69,,,3473.7,,,3009.68,,,2465.18,,,2536.54,,,1867.43,,,3344.14,,,2819.74,,,1312.29,,,1795.69,,,2220.99,,
"Brunei Darussalam",0.18,,,0.12,,,0.15,,,0.18,,,0.13,,,11.11,,,11.53,,,12.19,,,12.77,,,14.67,,,8.27,,,8.48,,,15.99,,,45.39,,,2.36,,,2.74,,,3.41,,,1.92,,,2.02,,,3.11,,,3.51,,,3.73,,,4.54,,,4.29,,,3.32,,,1.34,,,-1.31,,,3.79,,,3.81,,,2.78,,,4.81,,,1.46,,,-1.75,,,-0.34,,,0.17,,,1.04,,
"Bulgaria",0.02,,,0.67,,,0.44,,,0.34,,,0.99,,,0.48,,,0.89,,,5.71,,,4.51,,,6.77,,,7.67,,,5.7,,,5.62,,,9.88,,,12.99,,,13.12,,,22.7,,,27.88,,,18.09,,,6.51,,,3.06,,,3.56,,,3.13,,,3.29,,,0.81,,,4.37,,,1.93,,,3.07,,,1.73,,,2.68,,,3.75,,,1.61,,,4.37,,,4.37,,,2.29,,,3.16,,
"Burkina Faso",0.01,,,0.02,,,0.08,,,0.09,,,0.85,,,0.36,,,0.55,,,0.35,,,0.14,,,0.23,,,0.78,,,0.2,,,0.41,,,0.61,,,0.26,,,0.56,,,0.51,,,4.5,,,1.12,,,1.07,,,0.34,,,1.19,,,2.62,,,3.65,,,2.56,,,1.96,,,3.04,,,0.02,,,1.69,,,1.02,,,-0.58,,,-0.41,,,3.6,,,2.49,,,-0.87,,,1.15,,
"Burundi",0.11,,,0.08,,,0.06,,,0.05,,,0,,,0.2,,,,,,,,,,,,-0.07,,,1.65,,,0,,,,,,,,,0.01,,,0.05,,,0,,,0.04,,,0.24,,,0.02,,,0.04,,,0.15,,,0.03,,,0.3,,,3.39,,,0.26,,,0,,,6.7,,,1.06,,,3.13,,,1.2,,,0.33,,,1.22,,,1.55,,,1.39,,,1.53,,
"Cabo Verde",0.07,,,0.48,,,0.11,,,0.89,,,0.46,,,4.69,,,4.97,,,2.06,,,1.47,,,8.94,,,6.86,,,1.96,,,5.33,,,1.29,,,3.21,,,4.54,,,9.63,,,9.87,,,8.68,,,8.08,,,5.54,,,5.55,,,5.06,,,3.53,,,7.13,,,4.6,,,5.27,,,4.11,,,3.5,,,4.42,,,2.8,,,3.75,,,4.76,,,5.09,,,2.33,,,4.91,,
"Cambodia",,,,,,,1.38,,,2.22,,,2.57,,,4.55,,,8.38,,,4.88,,,7.68,,,6.47,,,3.92,,,3.61,,,3.21,,,1.66,,,2.2,,,5.33,,,5.76,,,8.64,,,7.13,,,7.69,,,10.23,,,9.58,,,11.2,,,10.51,,,8.41,,,7.58,,,9.35,,,9.59,,,9.72,,,10.18,,,10.53,,,9.63,,,9.03,,,9.44,,,9.57,,,10.22,,
"Cameroon",-0.81,,,-0.1,,,0.2,,,0.03,,,-0.1,,,0.07,,,0.91,,,0.73,,,1.9,,,-0.13,,,1.5,,,0.67,,,4.85,,,2.11,,,0.46,,,1.2,,,0.08,,,0.8,,,-0.09,,,2.39,,,0,,,1.16,,,2.45,,,1.68,,,2,,,2.16,,,1.96,,,2.26,,,1.91,,,2.58,,,1.66,,,2.14,,,2.09,,,1.64,,,1.74,,,1,,
"Canada",1.27,,,0.47,,,0.79,,,0.82,,,1.41,,,1.53,,,1.53,,,1.76,,,3.6,,,3.65,,,8.97,,,3.74,,,2.91,,,0.84,,,-0.04,,,2.19,,,4.57,,,7.95,,,3.96,,,1.65,,,1.76,,,2.21,,,2.36,,,3.76,,,3.27,,,2.82,,,2.36,,,1.38,,,2.18,,,2.9,,,1.55,,,3.04,,,2.11,,,2.2,,,2.95,,,2.89,,
"Cayman Islands",4,,,-0.67,,,2.03,,,31.55,,,29.52,,,2.94,,,66.43,,,156.04,,,164.34,,,225.45,,,311.74,,,69.26,,,87.26,,,78.13,,,105.55,,,237.08,,,587.11,,,631.62,,,426.42,,,474.07,,,504.38,,,743.7,,,500.81,,,792.32,,,1009.03,,,1709.83,,,1198.04,,,293.7,,,373.96,,,474.01,,,532.09,,,727.38,,,402.07,,,241.16,,,500.73,,,443.21,,
"Central African Republic",0.05,,,-0.34,,,-0.72,,,-0.75,,,0.4,,,0.53,,,1.04,,,0.15,,,0.72,,,0.57,,,0.09,,,0.53,,,0.54,,,0.95,,,1.13,,,0.71,,,2.25,,,3.23,,,5.74,,,2.05,,,2.87,,,1.51,,,2.79,,,0.11,,,0.18,,,0.18,,,0.56,,,1.18,,,0.44,,,-0.21,,,-0.36,,,1.17,,,0.7,,,-1.05,,,1.47,,,1.47,,
"Chad",0.51,,,0.23,,,0.1,,,0.92,,,2.02,,,1.98,,,2.15,,,2.52,,,1.09,,,1.41,,,7.29,,,23.63,,,40.69,,,22.96,,,9.28,,,-1.49,,,-3.66,,,-3.67,,,4.21,,,3.64,,,2.57,,,1.92,,,3.58,,,3.19,,,-3.86,,,3.88,,,2.42,,,3.19,,,-4.91,,,-2.41,,,1.18,,,-0.06,,,-8.99,,,2.41,,,0.01,,,0.02,,
"Chile",1.9,,,2.07,,,1.95,,,2.03,,,4.43,,,3.96,,,6.13,,,6.15,,,5.64,,,11.59,,,6.21,,,5.87,,,3.63,,,5.66,,,7.31,,,5.8,,,4.83,,,7.29,,,8.64,,,8.26,,,6.92,,,9.01,,,10,,,9.49,,,9.86,,,8.15,,,4.22,,,2.42,,,4.41,,,5.18,,,4.45,,,4,,,5.81,,,5.49,,,3.59,,,3.69,,
"China",0.88,,,1.06,,,2.23,,,4.44,,,5.98,,,5.11,,,4.83,,,4.71,,,4.42,,,3.69,,,3.36,,,3.5,,,3.59,,,3.22,,,3.1,,,3.12,,,2.6,,,2.32,,,2.32,,,1.81,,,1.85,,,1.62,,,1.4,,,1.27,,,1.2,,,1.2,,,1.17,,,1.09,,,0.98,,,0.97,,,1,,,0.99,,,1.03,,,0.89,,,0.62,,,0.54,,
"China, Hong Kong SAR",4.26,,,1.15,,,3.73,,,5.76,,,5.76,,,4.3,,,6.55,,,6.41,,,8.25,,,15.3,,,31.79,,,17.15,,,2.2,,,11.05,,,17.24,,,18.76,,,21.6,,,27.6,,,26.59,,,25.95,,,30.85,,,38.86,,,26.72,,,26.95,,,38.78,,,56.35,,,36.59,,,32.43,,,28.82,,,20.3,,,39.05,,,38,,,30.58,,,32.27,,,33.9,,,27.36,,
"China, Macao SAR",0.01,,,0.28,,,-0.4,,,-0.06,,,0.06,,,0.03,,,0.08,,,0.03,,,-0.26,,,0.14,,,-0.01,,,2.33,,,5.12,,,5,,,4.55,,,10.22,,,11.67,,,12.5,,,12.32,,,3.95,,,10.02,,,1.97,,,9.01,,,8.9,,,6.29,,,2.25,,,4.32,,,3,,,4.73,,,12.09,,,-24.94,,,16.94,,,15.44,,,2.41,,,3.46,,,6.44,,
"China, Taiwan Province of",0.8,,,0.68,,,0.39,,,0.39,,,0.54,,,0.56,,,0.64,,,0.74,,,0.08,,,0.96,,,1.49,,,1.37,,,0.47,,,0.14,,,0.55,,,0.43,,,1.92,,,1.91,,,1.31,,,0.72,,,0.56,,,-0.4,,,0.65,,,0.7,,,0.53,,,0.45,,,1.78,,,0.57,,,1.16,,,1.34,,,0.89,,,0.7,,,1.48,,,0.86,,,1.39,,,1.2,,
"Colombia",0.88,,,0.78,,,1.05,,,1.22,,,1.49,,,0.88,,,2.7,,,4.4,,,2.42,,,1.48,,,2.46,,,2.61,,,2.19,,,1.83,,,2.68,,,7.03,,,4.17,,,4.31,,,4.36,,,3.46,,,2.24,,,4.37,,,4.06,,,4.24,,,4.24,,,3.96,,,4.9,,,4.39,,,3.38,,,4.33,,,2.6,,,2.96,,,4.73,,,4.62,,,3.36,,,2.51,,
"Comoros",0.08,,,0.49,,,-0.26,,,0.03,,,0.05,,,0.18,,,0.11,,,0,,,0.09,,,0.06,,,0.02,,,0.25,,,0.08,,,0.12,,,0.09,,,0.07,,,0.09,,,0.97,,,0.51,,,1.52,,,0.92,,,2.26,,,1.02,,,0.38,,,0.41,,,0.51,,,0.35,,,0.36,,,0.48,,,0.31,,,0.32,,,0.31,,,0.3,,,0.35,,,0.45,,,0.53,,
"Congo",0.78,,,1.08,,,0.08,,,9.52,,,0.14,,,4.96,,,2.56,,,3.08,,,1.46,,,19.69,,,4.57,,,2.54,,,4.09,,,8.36,,,-0.17,,,8.8,,,6.86,,,16.71,,,17.44,,,13.09,,,7.06,,,1.19,,,-1.6,,,3.39,,,9.26,,,30.59,,,26.73,,,-12.93,,,-29.94,,,-10.35,,,-18.55,,,-2.34,,,-6.69,,,5.3,,,3.68,,,3.42,,
"Cook Islands",,,,,,,,,,,,,,,,,,,,,,,,,,,,,,,,,,,,,,,,,,,,,,,,,,,,,,,,,,,,,,,,,,,,,,,,,,,,1.69,,,3.28,,,0.54,,,2.93,,,2.19,,,1.99,,,-0.86,,,1.35,,,1.54,,,0.59,,,0.81,,
"Costa Rica",2.23,,,2.48,,,2.64,,,2.57,,,2.84,,,2.91,,,3.66,,,3.23,,,4.47,,,4.35,,,4.44,,,3.81,,,4.97,,,4.01,,,5.24,,,6.81,,,7.5,,,7.77,,,7.53,,,4.7,,,4.47,,,5.76,,,4.78,,,5.38,,,5.63,,,4.88,,,3.75,,,4.59,,,3.98,,,4.37,,,2.82,,,4.97,,,7.01,,,5.09,,,5.36,,,5.08,,
"Cote d'Ivoire",0.41,,,0.16,,,0.57,,,1.57,,,1.41,,,1.91,,,2.22,,,3.54,,,6.01,,,1.87,,,2.19,,,2.43,,,1.71,,,1.08,,,1.71,,,1.82,,,1.79,,,2.1,,,1.83,,,1.55,,,1.29,,,1.05,,,1.05,,,1.05,,,0.95,,,1.08,,,1.19,,,1.86,,,1.06,,,1.41,,,1.13,,,1.91,,,2.25,,,3.12,,,1.72,,,2.09,,
"Croatia",,,"Not applicable",,,"Not applicable",0.11,,,0.91,,,0.63,,,0.46,,,2.02,,,2.41,,,3.67,,,6.03,,,4.54,,,4.45,,,3.64,,,5.18,,,3.08,,,4.05,,,6.25,,,7.71,,,7.61,,,4.63,,,1.92,,,2.53,,,2.24,,,1.51,,,4.94,,,1.12,,,2.7,,,3.22,,,2.47,,,0.68,,,0.35,,,7.37,,,5.49,,,3.95,,,4.55,,,2.92,,
"Cuba",0,,,0.04,,,0.01,,,0.01,,,0.05,,,0,,,-0,,,0.01,,,0.01,,,0,,,0,,,0,,,0,,,0,,,-0,,,0,,,0.06,,,-0.04,,,0.02,,,0.07,,,-0.01,,,-0.64,,,-0.04,,,0.21,,,-0.02,,,-0.14,,,0.08,,,0.02,,,0.1,,,0.03,,,0,,,0.13,,,0.09,,,-0.01,,,0,,,0.03,,
"Curacao",,,"Not applicable",,,"Not applicable",,,"Not applicable",,,"Not applicable",,,"Not applicable",,,"Not applicable",,,"Not applicable",,,"Not applicable",,,"Not applicable",,,"Not applicable",,,"Not applicable",,,"Not applicable",,,"Not applicable",,,"Not applicable",,,"Not applicable",,,"Not applicable",,,"Not applicable",,,"Not applicable",,,"Not applicable",,,"Not applicable",,,"Not applicable",1.74,,,1.82,,,-0.5,,,4.91,,,4.79,,,4.4,,,5.69,,,,,,6.72,,,6.15,,,5.32,,,5.33,,,4.71,,,4.35,,,4.8,,
"Cyprus",2.02,,,1.27,,,1.39,,,1.13,,,0.9,,,3.78,,,4.28,,,5.75,,,3.37,,,7.66,,,8.41,,,8.94,,,9.12,,,6.14,,,49.66,,,59.33,,,81.97,,,96.61,,,43.95,,,253.18,,,134.01,,,139.3,,,264.97,,,93.77,,,213.25,,,110.16,,,27.26,,,76.48,,,209.14,,,458.2,,,-325.9,,,40.1,,,10.95,,,-20.07,,,1.32,,,12.17,,
"Czechia",,,"Not applicable",,,"Not applicable",,,"Not applicable",1.59,,,1.8,,,4.23,,,2.11,,,2.08,,,5.53,,,9.65,,,8.02,,,8.28,,,10.27,,,2.09,,,4.14,,,8.49,,,3.5,,,5.5,,,2.73,,,1.41,,,2.91,,,1,,,3.8,,,1.71,,,2.6,,,0.25,,,4.95,,,4.3,,,4.37,,,3.94,,,3.75,,,3.11,,,3.06,,,2.74,,,2.69,,,2.53,,
"Czechoslovakia",0.28,,,1.44,,,2.29,,,,,"Not applicable",,,"Not applicable",,,"Not applicable",,,"Not applicable",,,"Not applicable",,,"Not applicable",,,"Not applicable",,,"Not applicable",,,"Not applicable",,,"Not applicable",,,"Not applicable",,,"Not applicable",,,"Not applicable",,,"Not applicable",,,"Not applicable",,,"Not applicable",,,"Not applicable",,,"Not applicable",,,"Not applicable",,,"Not applicable",,,"Not applicable",,,"Not applicable",,,"Not applicable",,,"Not applicable",,,"Not applicable",,,"Not applicable",,,"Not applicable",,,"Not applicable",,,"Not applicable",,,"Not applicable",,,"Not applicable",,,"Not applicable",,,"Not applicable"
"Dem. People's Rep. of Korea",0.04,,,0.02,,,0.05,,,0.05,,,0,,,,,,0.02,,,-0,,,0.58,,,-0.03,,,0.03,,,-0.18,,,0.05,,,0.52,,,0.58,,,-0.05,,,-1.71,,,0.15,,,1.28,,,0.72,,,0.1,,,0.66,,,1.29,,,0.72,,,0.37,,,0.27,,,0.51,,,-0.05,,,0.01,,,0.07,,,-0.02,,,0,,,0,,,0.01,,,-0.08,,,0.05,,
"Dem. Rep. of the Congo",-0.1,,,0.09,,,-0.01,,,0.04,,,-0.02,,,-0.25,,,0.27,,,-0.47,,,0.62,,,0.13,,,1.13,,,1.22,,,2.15,,,4.38,,,3.97,,,2.23,,,1.77,,,10.8,,,8.73,,,3.56,,,12.17,,,6.39,,,11.03,,,6.01,,,4.81,,,4.17,,,3.12,,,3.57,,,3.47,,,3.18,,,3.53,,,3.16,,,2.62,,,3.53,,,4.13,,,2.12,,
"Denmark",0.82,,,1.12,,,0.67,,,1.2,,,3.21,,,2.26,,,0.4,,,1.62,,,4.37,,,9.42,,,20.62,,,6.99,,,3.71,,,1.2,,,-4.25,,,2.84,,,3.36,,,2.07,,,0.7,,,0.79,,,-1.68,,,4.06,,,0.24,,,0.4,,,1.84,,,1.87,,,-2.15,,,1.72,,,-0.7,,,7.82,,,1.09,,,2.11,,,1.1,,,4.48,,,3.06,,,0.19,,
"Djibouti",0.01,,,0.49,,,0.48,,,0.29,,,0.28,,,0.63,,,0.66,,,0.63,,,0.64,,,0.61,,,0.6,,,0.6,,,0.58,,,2.28,,,5.81,,,3.13,,,14.09,,,23.04,,,23.45,,,6.83,,,2.93,,,5.43,,,6.45,,,14,,,6.91,,,5.12,,,6.27,,,5.95,,,5.84,,,5.67,,,5.03,,,4.95,,,5.36,,,3.51,,,1.63,,,3.43,,
"Dominica",3.75,,,6.93,,,8.71,,,5.38,,,8.55,,,19.7,,,5.97,,,6.69,,,1.9,,,4.99,,,8.68,,,6.32,,,8.7,,,11.78,,,10.68,,,9.02,,,7.48,,,11.39,,,13.55,,,12.22,,,11.56,,,9.82,,,11.6,,,8.05,,,2.91,,,2.22,,,7.91,,,0.65,,,15.36,,,11.84,,,0.99,,,4.9,,,1.68,,,6.73,,,8.26,,,6.23,,
"Dominican Republic",1.39,,,1.46,,,1.54,,,1.44,,,1.41,,,2.49,,,0.53,,,2.1,,,3.23,,,6.04,,,3.92,,,4.21,,,3.38,,,2.86,,,4.07,,,3.14,,,2.86,,,3.79,,,5.97,,,4.49,,,3.76,,,3.93,,,5.19,,,3.18,,,3.3,,,3.11,,,3.19,,,4.52,,,2.98,,,3.39,,,3.26,,,3.37,,,3.61,,,3.64,,,3.64,,,3.92,,
"Ecuador",0.84,,,0.97,,,1.02,,,2.58,,,2.61,,,1.89,,,2.01,,,2.63,,,3.2,,,3.41,,,-0.13,,,2.33,,,2.9,,,2.81,,,2.38,,,1.22,,,0.59,,,0.39,,,1.73,,,0.51,,,0.24,,,0.82,,,0.65,,,0.75,,,0.76,,,1.37,,,0.78,,,0.61,,,1.29,,,0.92,,,1.17,,,0.61,,,0.76,,,0.4,,,0.36,,,1,,
"Egypt",1.96,,,0.65,,,1,,,2.38,,,2.01,,,0.91,,,0.86,,,1.09,,,1.23,,,1.16,,,1.29,,,0.56,,,0.75,,,0.32,,,2.72,,,5.69,,,9.32,,,8.76,,,5.76,,,3.57,,,2.98,,,-0.21,,,2.18,,,1.57,,,1.53,,,2.18,,,3,,,3.6,,,3.1,,,2.7,,,1.5,,,1.2,,,2.79,,,2.97,,,15.18,,,4.2,,
"El Salvador",0.04,,,0.48,,,0.26,,,0.25,,,,,,0.43,,,,,,0.58,,,10.08,,,1.91,,,1.47,,,2.27,,,3.71,,,1.07,,,2.65,,,3.48,,,1.51,,,9.11,,,5.02,,,2.08,,,-1.25,,,1.08,,,2.18,,,0.81,,,1.36,,,1.69,,,1.44,,,3.56,,,3.17,,,2.37,,,0.1,,,1.33,,,0.54,,,2.51,,,2.14,,,1.28,,
"Equatorial Guinea",6.52,,,24.1,,,2.97,,,11.16,,,10.29,,,29.42,,,72.79,,,8.18,,,50.14,,,16.82,,,10.2,,,42.57,,,11.85,,,18.61,,,6.05,,,9.02,,,4.65,,,9.49,,,-4,,,10.84,,,16.76,,,9.25,,,4.4,,,2.66,,,0.77,,,9.01,,,15.62,,,3.15,,,-1.1,,,7.23,,,-0.09,,,4.6,,,10.29,,,-1.5,,,1.53,,,2.34,,
"Eritrea",,,"Not applicable",,,"Not applicable",0,,,0,,,0,,,,,,4.9,,,0.01,,,-0.36,,,-0.89,,,-2.12,,,-1.8,,,-2.06,,,-1.65,,,-1.44,,,-0.36,,,0.01,,,0.1,,,2.2,,,-1.1,,,0.36,,,0.3,,,0.05,,,0.15,,,0.31,,,0.45,,,3.32,,,-0.02,,,0.31,,,0.07,,,3.08,,,0.05,,,6.03,,,5.9,,,0.66,,,3.96,,
"Estonia",,,"Not applicable",,,"Not applicable",1.88,,,3.84,,,5.1,,,4.32,,,3.08,,,5.19,,,10.2,,,5.25,,,6.88,,,8.63,,,3.92,,,9.4,,,7.88,,,19.84,,,7.83,,,10.3,,,7.53,,,9.36,,,7.72,,,4.31,,,6.73,,,3.03,,,2.04,,,0.38,,,4.17,,,4.69,,,4.71,,,9.71,,,11.33,,,0.22,,,2.21,,,10.81,,,1.99,,,0.09,,
"Eswatini",2.27,,,6.42,,,5.72,,,4.82,,,3.98,,,2.29,,,1.21,,,-0.8,,,8.61,,,5.8,,,6.09,,,1.83,,,6.73,,,-2.91,,,2.51,,,-1.44,,,3.68,,,1.08,,,3.21,,,1.83,,,2.7,,,2.27,,,0.66,,,1.9,,,0.6,,,1.06,,,0.57,,,-1.25,,,0.78,,,2.82,,,0.87,,,2.45,,,0.31,,,0.64,,,2.71,,,0.87,,
"Ethiopia",,,"Not applicable",,,"Not applicable",0,,,0.05,,,0.24,,,0.19,,,0.27,,,3.39,,,3.37,,,0.95,,,1.68,,,4.39,,,3.32,,,5.5,,,5.49,,,2.18,,,2.69,,,3.52,,,3.72,,,3.21,,,3.81,,,3.7,,,2.81,,,2.89,,,3.42,,,4.16,,,5.74,,,5.23,,,4.19,,,2.75,,,2.46,,,4.29,,,3.09,,,2.05,,,2.8,,,3.59,,
"Ethiopia (...1991)",0.1,,,0.05,,,,,"Not applicable",,,"Not applicable",,,"Not applicable",,,"Not applicable",,,"Not applicable",,,"Not applicable",,,"Not applicable",,,"Not applicable",,,"Not applicable",,,"Not applicable",,,"Not applicable",,,"Not applicable",,,"Not applicable",,,"Not applicable",,,"Not applicable",,,"Not applicable",,,"Not applicable",,,"Not applicable",,,"Not applicable",,,"Not applicable",,,"Not applicable",,,"Not applicable",,,"Not applicable",,,"Not applicable",,,"Not applicable",,,"Not applicable",,,"Not applicable",,,"Not applicable",,,"Not applicable",,,"Not applicable",,,"Not applicable",,,"Not applicable",,,"Not applicable",,,"Not applicable"
"Fiji",6.29,,,0.82,,,2.52,,,3.35,,,3.92,,,2.9,,,0.78,,,1.27,,,8.76,,,4.1,,,0.18,,,2.49,,,1.66,,,1.73,,,9.23,,,5.83,,,18.91,,,13.61,,,19.36,,,10.86,,,5.62,,,5.74,,,6.99,,,5.8,,,7.81,,,4.38,,,7.91,,,7.21,,,8.44,,,6.01,,,5.69,,,9.79,,,2.09,,,1.66,,,3.42,,,4.39,,
"Finland",0.46,,,-0.16,,,0.35,,,1.09,,,1.6,,,0.76,,,0.82,,,1.65,,,9.13,,,3.41,,,7.01,,,2.88,,,5.73,,,1.93,,,1.43,,,2.32,,,3.53,,,4.86,,,-0.4,,,0.28,,,2.95,,,0.93,,,1.61,,,-0.04,,,6.79,,,0.9,,,3.59,,,1.13,,,-0.79,,,5.04,,,-0.58,,,4.52,,,2.32,,,2.19,,,1.53,,,0.58,,
"France",1.31,,,1.28,,,1.35,,,1.26,,,1.13,,,1.48,,,1.36,,,1.61,,,2.09,,,3.13,,,2.02,,,1.16,,,1.44,,,0.43,,,-0.12,,,1.52,,,1.09,,,2.39,,,1.28,,,1.14,,,0.52,,,1.1,,,0.6,,,1.23,,,0.03,,,2.03,,,1.02,,,1.2,,,1.25,,,0.78,,,0.43,,,1.1,,,2.94,,,1.38,,,1.31,,,0.65,,
"French Guiana",,,"No value reported or collected",,,"No value reported or collected",,,"No value reported or collected",,,"No value reported or collected",,,"No value reported or collected",,,,,,"No value reported or collected",,,"No value reported or collected",,,"No value reported or collected",,,,,,,,,"No value reported or collected",,,,,,,,,,,,,,,,,,,,,,,,,,,,,,,,,,,,,,,,,,,,,,,,,,,,,,,,,,,,,,,,,,,,,,,,
"French Polynesia",0.62,,,0.92,,,0,,,-0.09,,,0.04,,,0.05,,,0.08,,,0.35,,,0.25,,,0.11,,,0.26,,,0.64,,,0.28,,,,,,0.12,,,0.14,,,0.52,,,0.88,,,0.19,,,0.33,,,1.06,,,2.1,,,2.73,,,1.64,,,1.01,,,0.49,,,1.12,,,1.54,,,0.1,,,0.21,,,-0.28,,,-0.43,,,-0.17,,,-0.11,,,-0.22,,,0.17,,
"Gabon",1.22,,,-0.91,,,2.04,,,-1.89,,,-2.14,,,-5.74,,,-7.87,,,-5.35,,,1.98,,,-4.22,,,-0.75,,,-1.72,,,0.68,,,3.14,,,2.47,,,2.53,,,2.59,,,5.71,,,4.88,,,5.48,,,3.63,,,4.8,,,-1.29,,,4.38,,,5.76,,,6.89,,,1.48,,,-1.6,,,0.29,,,1.64,,,0.65,,,2.25,,,4.89,,,-1.41,,,1.48,,,1.76,,
"Gambia",1.2,,,0.7,,,1.09,,,0.89,,,0.71,,,1.15,,,1.3,,,1.54,,,1.7,,,3.65,,,3.34,,,3.11,,,4.46,,,1.32,,,5.77,,,5.22,,,7.8,,,5.97,,,4.49,,,2.72,,,2.4,,,2.56,,,2.91,,,1.85,,,2.9,,,0.91,,,-1.87,,,1.23,,,3.11,,,3.92,,,10.46,,,12.29,,,10.5,,,8.94,,,9.8,,,10.48,,
"Georgia",,,"Not applicable",,,"Not applicable",,,,0,,,0.29,,,,,,,,,6.57,,,6.98,,,2.79,,,4.08,,,3.24,,,4.48,,,7.97,,,9.13,,,6.71,,,14.37,,,16.49,,,11.7,,,5.89,,,6.97,,,7.33,,,6.2,,,5.93,,,10.22,,,11.36,,,10.71,,,12.08,,,7.54,,,7.75,,,3.72,,,6.71,,,8.9,,,6.27,,,4.59,,,4.42,,
"Germany",0.17,,,0.25,,,-0.1,,,0.02,,,0.32,,,0.46,,,0.26,,,0.55,,,1.09,,,2.53,,,10.08,,,1.34,,,2.55,,,1.28,,,-0.36,,,1.64,,,1.83,,,2.3,,,0.21,,,0.68,,,1.89,,,1.77,,,0.78,,,0.34,,,-0.07,,,0.59,,,0.45,,,1.27,,,1.66,,,1.44,,,1.63,,,1.68,,,1.01,,,1.52,,,0.45,,,1.48,,
"Ghana",0.11,,,0.13,,,0.15,,,0.99,,,2.02,,,0.78,,,0.82,,,0.56,,,1.05,,,1.49,,,1.09,,,0.79,,,0.45,,,0.68,,,0.74,,,0.64,,,2.35,,,2.6,,,3.21,,,8.4,,,5.93,,,6.22,,,6.03,,,5.14,,,6.13,,,6.46,,,6.21,,,5.39,,,4.44,,,5.68,,,2.68,,,3.19,,,1.92,,,1.64,,,2.13,,,1.68,,
"Greece",1.04,,,1.09,,,1,,,0.91,,,0.85,,,0.78,,,0.74,,,0.71,,,0.05,,,0.39,,,0.87,,,1.2,,,0.03,,,0.65,,,0.89,,,0.26,,,1.99,,,0.67,,,1.28,,,0.75,,,0.11,,,0.4,,,0.73,,,1.19,,,1.15,,,0.65,,,1.43,,,1.74,,,1.86,,,2.42,,,1.68,,,2.9,,,3.86,,,2.12,,,2.95,,,4.58,,
"Grenada",5.57,,,6.17,,,8.95,,,8.04,,,7.3,,,7.18,,,5.69,,,10.43,,,13.79,,,10.94,,,14.15,,,21.66,,,17.83,,,18.67,,,23.57,,,13.66,,,16.87,,,24.31,,,19.51,,,15.44,,,8.57,,,12.51,,,7.81,,,16.97,,,10.45,,,18.89,,,10.73,,,17,,,19.35,,,21.65,,,15.37,,,16.85,,,16.54,,,19.65,,,14.49,,,14.48,,
"Guadeloupe",,,,,,,,,,,,,,,,,,,,,,,,,,,,,,,,,"No value reported or collected",,,,,,,,,,,,,,,,,,,,,,,,,,,,,,,,,,,,,,,,,,,,,,,,,,,,,,,,,,,,,,,,,,,,,,,,,,,
"Guatemala",0.88,,,1.1,,,1.03,,,1.42,,,0.57,,,0.59,,,0.55,,,0.54,,,3.95,,,0.96,,,1.36,,,2.71,,,1,,,1.22,,,1.26,,,1.9,,,1.99,,,2.22,,,1.92,,,1.41,,,1.62,,,2.6,,,2.56,,,2.79,,,2.49,,,1.98,,,1.78,,,1.58,,,1.34,,,1.26,,,1.2,,,4,,,1.51,,,1.54,,,1.53,,,1.56,,
"Guinea",0.46,,,0.94,,,0.44,,,0.06,,,0,,,0.01,,,0.43,,,0.32,,,0.36,,,1.34,,,0.23,,,0.04,,,0.74,,,1.74,,,1.95,,,2.58,,,2.96,,,6.14,,,5.48,,,,,,,,,13.38,,,0,,,-1.35,,,-0.68,,,0.47,,,13.63,,,3.89,,,1.97,,,0.21,,,0.75,,,0.77,,,2.15,,,3.79,,,3.84,,,19.21,,
"Guinea-Bissau",0.33,,,0.32,,,0.85,,,0.46,,,0.06,,,0.01,,,0.19,,,2.78,,,1.17,,,0.18,,,0.19,,,0.1,,,0.86,,,0.73,,,1.73,,,1.36,,,2.93,,,2.67,,,0.59,,,2.1,,,3.91,,,2.28,,,0.67,,,1.88,,,2.74,,,1.77,,,2.04,,,1.16,,,1.44,,,5.25,,,1.5,,,1.17,,,2.1,,,1.08,,,1.33,,,1.39,,
"Guyana",1.25,,,2.22,,,24.59,,,9.35,,,12.27,,,7.51,,,8.26,,,4.35,,,3.85,,,4.15,,,5.9,,,4.54,,,3.2,,,1.72,,,1.72,,,3.88,,,4.3,,,5.58,,,5.88,,,5.18,,,5.77,,,6.69,,,7.23,,,5.14,,,6.18,,,2.84,,,1.29,,,4.47,,,25.71,,,32.77,,,37.88,,,55.54,,,29.85,,,42.83,,,35,,,34.28,,
"Haiti",0.23,,,0.38,,,-0.07,,,-0.1,,,-0.1,,,0.19,,,0.09,,,0.08,,,0.18,,,0.43,,,0.21,,,0.08,,,0.1,,,0.3,,,0.09,,,0.38,,,2.08,,,0.77,,,0.29,,,0.48,,,1.48,,,0.92,,,1.15,,,1.1,,,0.66,,,0.74,,,0.79,,,2.46,,,0.66,,,0.54,,,0.16,,,0.27,,,0.21,,,0.12,,,0.08,,,0.04,,
"Honduras",1.2,,,1.42,,,1.17,,,1.25,,,1.01,,,1.47,,,1.85,,,2.27,,,1.58,,,3.67,,,5.31,,,3.98,,,3.5,,,4.89,,,6.16,,,6.15,,,6.13,,,7.5,,,7.25,,,3.49,,,6.12,,,5.73,,,5.71,,,5.73,,,7.17,,,5.74,,,5.25,,,5.08,,,3.99,,,2,,,1.79,,,2.62,,,2.93,,,3.08,,,2.43,,,2.23,,
"Hungary",1.49,,,4.22,,,3.8,,,6.07,,,2.64,,,10.95,,,7.05,,,8.79,,,6.84,,,6.74,,,5.85,,,7.32,,,4.43,,,2.51,,,4.1,,,6.82,,,5.9,,,2.82,,,3.8,,,1.5,,,1.69,,,4.46,,,11.2,,,2.52,,,5.53,,,-11.75,,,-4.38,,,2.28,,,3.86,,,2.41,,,4.28,,,4.73,,,5.37,,,2.67,,,1.8,,,1.61,,
"Iceland",0.33,,,0.26,,,-0.17,,,0.01,,,-0.02,,,-0.13,,,1.08,,,1.94,,,1.77,,,0.75,,,1.87,,,2.09,,,0.93,,,2.87,,,5.2,,,17.91,,,21.75,,,31.08,,,5.04,,,0.6,,,1.76,,,7.19,,,6.86,,,2.44,,,2.48,,,4,,,-2.03,,,-0.17,,,-1.43,,,-0.9,,,-4.21,,,1.73,,,3.81,,,5.35,,,7.39,,,0.6,,
"India",0.07,,,0.03,,,0.09,,,0.19,,,0.3,,,0.58,,,0.64,,,0.85,,,0.61,,,0.47,,,0.75,,,1.12,,,1.1,,,0.72,,,0.82,,,0.93,,,2.16,,,2.14,,,3.72,,,2.71,,,1.64,,,1.93,,,1.3,,,1.47,,,1.69,,,2.05,,,1.94,,,1.52,,,1.53,,,1.77,,,2.39,,,1.4,,,1.44,,,0.77,,,0.69,,,0.94,,
"Indonesia",,,"Not applicable",,,"Not applicable",,,"Not applicable",,,"Not applicable",,,"Not applicable",,,"Not applicable",,,"Not applicable",,,"Not applicable",,,"Not applicable",,,"Not applicable",,,"Not applicable",,,"Not applicable",,,"Not applicable",-0.24,,,0.69,,,2.74,,,1.27,,,1.51,,,1.72,,,0.85,,,1.82,,,2.15,,,2.09,,,2.06,,,2.45,,,1.93,,,0.42,,,2.03,,,1.97,,,2.13,,,1.76,,,1.78,,,1.92,,,1.57,,,1.78,,,1.48,,
"Indonesia (...2002)",0.82,,,0.99,,,1.11,,,1.08,,,1.06,,,1.87,,,2.35,,,1.87,,,-0.19,,,-1.12,,,-2.58,,,-1.74,,,0.07,,,,,"Not applicable",,,"Not applicable",,,"Not applicable",,,"Not applicable",,,"Not applicable",,,"Not applicable",,,"Not applicable",,,"Not applicable",,,"Not applicable",,,"Not applicable",,,"Not applicable",,,"Not applicable",,,"Not applicable",,,"Not applicable",,,"Not applicable",,,"Not applicable",,,"Not applicable",,,"Not applicable",,,"Not applicable",,,"Not applicable",,,"Not applicable",,,"Not applicable",,,"Not applicable"
"Iran (Islamic Republic of)",-0.38,,,0.02,,,0.01,,,0.17,,,0,,,0.01,,,0.02,,,0.04,,,0.03,,,0.01,,,0.17,,,0.34,,,2.35,,,1.85,,,1.6,,,1.26,,,0.85,,,0.56,,,0.46,,,0.68,,,0.7,,,0.66,,,0.72,,,0.53,,,0.45,,,0.49,,,0.72,,,1,,,0.77,,,0.5,,,0.42,,,0.41,,,0.39,,,0.34,,,0.32,,,0.41,,
"Iraq",-0.03,,,0.09,,,0,,,0.01,,,0,,,,,,-0.02,,,0.01,,,0.06,,,,,,0,,,-0.03,,,0,,,4.32,,,0.82,,,1.03,,,0.59,,,1.09,,,1.5,,,1.24,,,1.01,,,1.01,,,1.56,,,-1,,,-4.46,,,-4.54,,,-3.75,,,-2.69,,,-2.15,,,-1.5,,,-1.58,,,-1.26,,,-0.73,,,-1.99,,,-2.74,,,-2.98,,
"Ireland",1.26,,,2.73,,,2.61,,,2.06,,,1.5,,,2.09,,,3.45,,,2.45,,,9.83,,,18.41,,,25.73,,,8.83,,,22.8,,,13.83,,,-5.46,,,-14.96,,,-2.39,,,9.15,,,-5.97,,,10.88,,,19.28,,,9.76,,,21.51,,,19.47,,,19.68,,,71.26,,,7.63,,,19.93,,,-1.44,,,40.23,,,25.1,,,-2.18,,,-10.18,,,-19.72,,,-6.43,,,2.12,,
"Israel",0.22,,,0.07,,,0.38,,,0.59,,,0.52,,,1.5,,,1.41,,,1.67,,,1.63,,,3.45,,,5.1,,,1.31,,,1.26,,,2.53,,,2.11,,,3.27,,,9.07,,,4.77,,,4.65,,,2.16,,,2.92,,,3.23,,,3.43,,,3.97,,,1.92,,,3.74,,,3.73,,,4.73,,,5.73,,,4.35,,,5.1,,,3.87,,,4.36,,,3.15,,,2.73,,,4.29,,
"Italy",0.54,,,0.2,,,0.24,,,0.35,,,0.2,,,0.41,,,0.27,,,0.4,,,0.34,,,0.55,,,1.16,,,1.27,,,1.33,,,1.23,,,1.11,,,1.25,,,2.17,,,1.97,,,-0.45,,,0.91,,,0.43,,,1.49,,,0,,,1.13,,,1.07,,,1.06,,,1.51,,,1.1,,,1.67,,,1.01,,,-1.1,,,-0.07,,,1.49,,,1.41,,,0.84,,,0.35,,
"Jamaica",3.31,,,3.63,,,4.51,,,2.56,,,2.38,,,2.24,,,2.48,,,2.42,,,4.2,,,5.89,,,5.21,,,6.68,,,4.93,,,7.64,,,5.91,,,6.07,,,7.39,,,6.77,,,10.48,,,4.46,,,1.72,,,1.49,,,2.73,,,3.7,,,4.01,,,6.18,,,6.23,,,5.63,,,4.6,,,3.91,,,1.77,,,2.01,,,1.69,,,2.29,,,1.39,,,1.54,,
"Japan",0.06,,,0.04,,,0.07,,,0,,,0.02,,,0,,,0,,,0.07,,,0.08,,,0.27,,,0.17,,,0.14,,,0.22,,,0.14,,,0.16,,,0.06,,,-0.14,,,0.49,,,0.48,,,0.23,,,-0.02,,,-0.03,,,0.03,,,0.04,,,0.25,,,0.07,,,0.39,,,0.19,,,0.2,,,0.27,,,0.23,,,0.68,,,0.81,,,0.49,,,0.33,,,0.34,,
"Jordan",0.91,,,-0.27,,,0.74,,,-0.58,,,0.04,,,0.19,,,0.22,,,4.83,,,3.8,,,1.86,,,10.47,,,2.96,,,2.41,,,5.2,,,7.96,,,15.29,,,22.82,,,14.86,,,12.47,,,9.83,,,6.22,,,5.03,,,4.89,,,5.65,,,5.91,,,4.15,,,3.89,,,4.88,,,2.2,,,1.64,,,1.74,,,1.34,,,1.97,,,3.93,,,3.03,,,3.6,,
"Kazakhstan",,,"Not applicable",,,"Not applicable",0.38,,,5.17,,,3.01,,,4.69,,,5.4,,,5.96,,,5.24,,,8.52,,,7.01,,,12.8,,,10.51,,,6.78,,,9.63,,,3.45,,,7.75,,,10.6,,,10.73,,,11.48,,,7.8,,,7.25,,,6.41,,,4.36,,,3.83,,,2.2,,,6.2,,,2.83,,,2.17,,,1.81,,,2.14,,,1.7,,,2.9,,,1.37,,,0.08,,,-0.28,,
"Kenya",0.41,,,0.14,,,0.05,,,0.02,,,0.04,,,0.22,,,0.07,,,0.32,,,0.06,,,0.09,,,0.7,,,0.03,,,0.17,,,0.44,,,0.23,,,0.09,,,0.18,,,2.56,,,1.63,,,4.38,,,4.15,,,4.77,,,3.83,,,3.21,,,2.22,,,2.09,,,1.52,,,1.71,,,1.24,,,1.09,,,1.5,,,1.28,,,1.4,,,1.61,,,1.93,,,2.34,,
"Kiribati",0.82,,,1.23,,,0.77,,,2.34,,,0.77,,,0.57,,,0.66,,,0.64,,,0.59,,,0.58,,,0.96,,,-0.42,,,0.33,,,0.7,,,1.88,,,2.29,,,0.51,,,0.84,,,-0.86,,,3.57,,,-3.99,,,-0.18,,,-1.15,,,0.42,,,1.31,,,-0.43,,,0.88,,,0.35,,,-0.49,,,-0.26,,,1.19,,,0.36,,,1.57,,,1.75,,,2.35,,,1.2,,
"Kosovo",,,"Not applicable",,,"Not applicable",,,"Not applicable",,,"Not applicable",,,"Not applicable",,,"Not applicable",,,"Not applicable",,,"Not applicable",,,"Not applicable",,,"Not applicable",,,"Not applicable",,,"Not applicable",,,"Not applicable",,,"Not applicable",,,"Not applicable",,,"Not applicable",,,"Not applicable",,,"Not applicable",10.41,,,7.93,,,9.13,,,8.43,,,4.78,,,5.53,,,2.84,,,5.44,,,3.64,,,4.02,,,4.08,,,3.61,,,5.1,,,5.29,,,8.23,,,8.68,,,8.31,,,9.97,,
"Kuwait",0.03,,,0.01,,,0.18,,,0.06,,,0,,,0.03,,,1.1,,,0.07,,,0.23,,,0.24,,,0.04,,,-0.32,,,0.01,,,-0.14,,,0.04,,,0.29,,,0.12,,,0.1,,,-0,,,1.05,,,1.13,,,2.12,,,1.65,,,0.82,,,0.59,,,0.27,,,0.38,,,0.29,,,0.15,,,0.25,,,0.22,,,0.38,,,0.41,,,1.28,,,0.38,,,0.32,,
"Kyrgyzstan",,,"Not applicable",,,"Not applicable",,,,0.53,,,2.47,,,6.44,,,2.56,,,4.7,,,6.66,,,3.55,,,-0.17,,,0.33,,,0.29,,,2.37,,,7.93,,,1.73,,,6.42,,,5.47,,,7.33,,,4.04,,,9.13,,,11.19,,,4.42,,,8.54,,,3.32,,,16.91,,,8.85,,,-1.34,,,1.67,,,4.31,,,-4.85,,,2.45,,,0.45,,,1.05,,,1.46,,,3.02,,
"Lao People's Dem. Rep.",0.67,,,0.64,,,0.63,,,2.16,,,3.68,,,5.13,,,8.18,,,4.74,,,3.38,,,3.41,,,1.88,,,1.31,,,0.24,,,0.89,,,0.66,,,0.94,,,5.19,,,7.08,,,3.97,,,3.13,,,3.81,,,3.38,,,6.06,,,5.69,,,6.53,,,7.47,,,5.88,,,9.88,,,7.49,,,4.03,,,5.06,,,5.62,,,4.73,,,11.87,,,8.08,,,7.88,,
"Latvia",,,"Not applicable",,,"Not applicable",0.55,,,0.89,,,4.15,,,3.4,,,6.59,,,8.23,,,5.1,,,4.73,,,4.23,,,1.28,,,2.27,,,2.49,,,4.39,,,4.33,,,8.14,,,7.9,,,3.7,,,-0.09,,,1.79,,,5.48,,,4.1,,,3.09,,,2.96,,,2.8,,,0.94,,,2.53,,,2.96,,,2.78,,,2.63,,,8.71,,,3.87,,,2.99,,,3.24,,,0.54,,
"Lebanon",0.22,,,0.04,,,0.32,,,0.09,,,0.24,,,0.3,,,0.59,,,11.54,,,6.71,,,5.12,,,5.96,,,8.52,,,7.14,,,14.44,,,11.74,,,15.45,,,14.22,,,13.6,,,13.74,,,12.37,,,9.65,,,7.86,,,7.07,,,5.68,,,5.96,,,4.33,,,5.07,,,4.77,,,4.81,,,4.28,,,4.86,,,1.7,,,1.46,,,3.04,,,4.64,,,4.66,,
"Lesotho",2.74,,,1.11,,,0.97,,,1.96,,,5.33,,,2.62,,,3.13,,,3.25,,,3.13,,,3.83,,,3.94,,,3.94,,,4.06,,,4.25,,,4.31,,,1.88,,,1.6,,,4.49,,,0.62,,,5.24,,,2.28,,,5.82,,,5.6,,,5.23,,,6.59,,,8.75,,,3.8,,,1.82,,,1.59,,,1.48,,,1.36,,,-0.52,,,-0.35,,,-1.2,,,-0.53,,,-0.23,,
"Liberia",37.84,,,1.56,,,-3.14,,,-21.59,,,8.49,,,2.2,,,-53.53,,,51.08,,,37.24,,,41.6,,,3.23,,,1.3,,,0.41,,,70.35,,,11.7,,,11.73,,,13.05,,,13.49,,,24.74,,,17.85,,,32.52,,,47.04,,,51.6,,,49.14,,,11.92,,,7.6,,,9.72,,,7.75,,,4,,,2.79,,,-2.77,,,-0.32,,,2.67,,,6.47,,,8.98,,,8.78,,
"Libya",0.51,,,0.27,,,0.27,,,0.18,,,-0.24,,,-0.31,,,-0.36,,,-0.2,,,-0.43,,,-0.38,,,0.37,,,-0.39,,,0.65,,,0.53,,,1.02,,,2.12,,,3.43,,,5.66,,,3.67,,,5.44,,,2.53,,,,,,1.54,,,0.93,,,,,,,,,,,,,,,,,,,,,,,,-1.71,,,1.62,,,1.81,,,1.44,,,1.94,,
"Lithuania",,,"Not applicable",,,"Not applicable",0.12,,,0.45,,,0.49,,,1.08,,,1.81,,,3.49,,,8.2,,,4.41,,,3.28,,,3.64,,,5.08,,,0.96,,,3.71,,,4.34,,,6.72,,,5.76,,,3.75,,,-1.2,,,2.78,,,4.16,,,1.88,,,1.24,,,-1.03,,,2.54,,,0.7,,,2.82,,,1.79,,,2.61,,,0.85,,,3.97,,,5.31,,,3.18,,,4.41,,,4.17,,
"Luxembourg",,,,,,,,,,,,,,,,,,,,,,,,,,,,,,,,,,,,,17.94,,,14.46,,,14.77,,,12.33,,,75.09,,,-57.53,,,12.09,,,50.04,,,69.61,,,14.33,,,4.72,,,35.73,,,29.16,,,75.63,,,28.26,,,-41.65,,,-117.23,,,234.31,,,-3.1,,,18.75,,,-376.06,,,-9.66,,,26.77,,,-32.97,,
"Madagascar",0.62,,,0.44,,,0.6,,,0.39,,,0.17,,,0.26,,,0.22,,,0.33,,,0.37,,,1.35,,,1.84,,,1.77,,,1.2,,,1.5,,,1.88,,,1.47,,,4.6,,,8.69,,,12.99,,,13.2,,,7.66,,,6.82,,,6.72,,,4.44,,,2.5,,,3.85,,,3.8,,,2.72,,,2.56,,,3.36,,,2.75,,,2.49,,,3.05,,,0.53,,,1.32,,,1.55,,
"Malawi",0.74,,,-0.78,,,-0.22,,,0.22,,,1.17,,,0.23,,,0.53,,,0.47,,,0.38,,,1.82,,,1.26,,,1.27,,,1.11,,,0.41,,,1.7,,,2.71,,,0.89,,,2.81,,,3.67,,,0.79,,,1.39,,,9.67,,,-0.14,,,7.27,,,8.25,,,4.97,,,1.62,,,1.01,,,0.78,,,0.5,,,2.14,,,1.05,,,1.6,,,1.6,,,2.81,,,2.98,,
"Malaysia",5.93,,,8.23,,,8.69,,,8.58,,,6.15,,,6.55,,,7.24,,,6.31,,,3.76,,,4.92,,,4.04,,,0.6,,,3.18,,,2.24,,,3.71,,,2.83,,,3.72,,,4.44,,,3.11,,,0.72,,,3.55,,,4.09,,,2.94,,,3.75,,,3.22,,,3.35,,,3.76,,,2.95,,,2.12,,,2.14,,,0.94,,,3.26,,,4.2,,,2.12,,,2.42,,,3.26,,
"Maldives",2,,,2.04,,,1.77,,,1.64,,,1.88,,,1.28,,,1.46,,,1.58,,,1.5,,,1.47,,,2.51,,,2.31,,,2.7,,,3.02,,,4.31,,,6.29,,,6.05,,,7.09,,,7.98,,,6.74,,,8.36,,,15.27,,,7.9,,,10.95,,,9.02,,,7.22,,,10.35,,,9.51,,,10.65,,,16.78,,,11.87,,,12.24,,,11.85,,,11.58,,,11.42,,,11.23,,
"Mali",0.18,,,0.03,,,-0.59,,,0.11,,,0.66,,,3.3,,,1.16,,,2.04,,,0.23,,,0.05,,,2.34,,,2.95,,,5.25,,,2.36,,,1.56,,,3.01,,,1.02,,,0.75,,,1.57,,,6.16,,,3.19,,,3.6,,,2.69,,,1.96,,,0.84,,,1.77,,,2.13,,,3.08,,,2.29,,,3.52,,,2.59,,,2.78,,,3.2,,,2.85,,,3.46,,,2.86,,
"Malta",1.73,,,2.69,,,1.26,,,2.46,,,4.99,,,3.49,,,7.67,,,2.17,,,6.91,,,20.83,,,14.41,,,5.78,,,-9.4,,,17.71,,,206.55,,,392.99,,,261.09,,,497.81,,,138.34,,,33.15,,,59.46,,,223.47,,,147.6,,,111.22,,,94.25,,,44.7,,,35.33,,,46.41,,,25.73,,,-12.06,,,11.63,,,9.74,,,12.75,,,8.13,,,15.97,,,51.86,,
"Marshall Islands",,,,,,,,,,,,,,,,,,,,,,,,,,,,,,,0.64,,,0.6,,,0.64,,,-0.88,,,0.87,,,2.4,,,1.33,,,4.68,,,3.93,,,29.8,,,-5.84,,,-2.55,,,11.88,,,17.56,,,-4.34,,,-2.95,,,-1.52,,,2.74,,,4.45,,,2.23,,,1.26,,,0.19,,,1.82,,,1.28,,,1.56,,,1.06,,
"Martinique",,,"No value reported or collected",,,"No value reported or collected",,,"No value reported or collected",,,"No value reported or collected",,,"No value reported or collected",,,,,,,,,,,,,,,,,,,,,,,,,,,,,,,,,,,,,,,,,,,,,,,,,,,,,,,,,,,,,,,,,,,,,,,,,,,,,,,,,,,,,,,,,,,,,
"Mauritania",0.29,,,0.09,,,0.28,,,0.79,,,0.13,,,0.29,,,-0.02,,,-0.14,,,-0.01,,,0.76,,,2.25,,,4.39,,,3.79,,,4.97,,,16.58,,,27.64,,,3.94,,,3.21,,,6.58,,,-0.07,,,2.32,,,8.7,,,20.64,,,15.58,,,7.6,,,8.14,,,4.24,,,8.64,,,10.34,,,11.23,,,11.26,,,11.53,,,14.75,,,7.92,,,13.2,,,5.22,,
"Mauritius",1.5,,,0.65,,,0.43,,,0.44,,,0.53,,,0.44,,,0.78,,,1.25,,,0.28,,,1.09,,,5.68,,,-0.53,,,0.64,,,1.02,,,0.16,,,0.61,,,1.5,,,4.16,,,3.83,,,2.71,,,4.3,,,3.76,,,5.05,,,2.39,,,3.48,,,1.8,,,3.01,,,3.5,,,3.13,,,3.08,,,1.97,,,2.27,,,4.23,,,5.65,,,4.56,,,4.95,,
"Mayotte",,,,,,,,,,,,,,,,,,,,,,,,,,,,,,,,,"No value reported or collected",,,,,,,,,,,,,,,"No value reported or collected",,,"No value reported or collected",,,,,,,,,,,,,,,,,,,,,,,,,,,,,,,,,,,,,,,,,,,,,,,,,,,,,,,,,
"Mexico",0.84,,,1.26,,,1.01,,,0.83,,,1.98,,,2.51,,,2.13,,,2.45,,,2.29,,,2.21,,,2.46,,,3.78,,,2.97,,,2.39,,,3.05,,,2.81,,,2.08,,,2.94,,,2.54,,,1.89,,,2.46,,,2.09,,,1.73,,,3.64,,,2.22,,,2.96,,,2.8,,,2.86,,,2.72,,,2.65,,,2.52,,,2.57,,,2.48,,,2.03,,,2.05,,,2.2,,
"Micronesia (Federated States of)",,,,,,,,,,,,,,,,,,,,,,,,,,,,,,,,,,,,,,,,,,,,,,,,,,,,,,,,,,,,,,,,,,,,,,,,,6.33,,,,,,,,,,,,,,,,,,,,,,,,,,,,,,,,,,,
"Mongolia",,,,0.67,,,0.13,,,0.51,,,0.44,,,0.57,,,0.97,,,1.7,,,1.4,,,2.41,,,4.07,,,4.29,,,4.8,,,7.11,,,4.02,,,6.41,,,6.2,,,7.59,,,12.96,,,11.73,,,23.53,,,43.91,,,34.76,,,16.37,,,2.76,,,0.81,,,-37.17,,,13.02,,,16.5,,,17.2,,,12.91,,,14.22,,,14.61,,,11.06,,,11.8,,,10.92,,
"Montenegro",,,"Not applicable",,,"Not applicable",,,"Not applicable",,,"Not applicable",,,"Not applicable",,,"Not applicable",,,"Not applicable",,,"Not applicable",,,"Not applicable",,,"Not applicable",,,"Not applicable",,,"Not applicable",,,"Not applicable",,,"Not applicable",,,"Not applicable",,,"Not applicable",,,"Not applicable",,,"Not applicable",21.06,,,36.72,,,18.38,,,12.38,,,15.22,,,10.12,,,10.87,,,17.44,,,5.2,,,11.63,,,9.01,,,7.59,,,11.24,,,12,,,14.01,,,6.88,,,7.24,,,7.28,,
"Montserrat",12.7,,,12.48,,,6.85,,,7.24,,,9.8,,,4.41,,,-0.57,,,5.69,,,6.29,,,21.1,,,11.49,,,2.79,,,2.37,,,5.63,,,6.74,,,12.17,,,8.9,,,13.71,,,22.8,,,5.64,,,7.89,,,5.14,,,5.26,,,6.73,,,4.21,,,2.06,,,6.11,,,6.05,,,5.11,,,1.91,,,4.15,,,3.18,,,6.49,,,4.81,,,1.6,,,1.57,,
"Morocco",0.54,,,0.97,,,1.27,,,1.56,,,1.55,,,0.86,,,0.75,,,3.07,,,0.95,,,3.31,,,1.08,,,7.08,,,1.13,,,4.42,,,1.49,,,2.64,,,3.55,,,3.55,,,2.66,,,2.05,,,1.63,,,2.42,,,2.62,,,2.89,,,2.99,,,2.95,,,1.93,,,2.27,,,2.79,,,1.33,,,1.17,,,1.6,,,1.72,,,0.72,,,1.09,,,1.83,,
"Mozambique",0.22,,,0.58,,,0.9,,,1.11,,,1.18,,,1.47,,,1.8,,,1.32,,,4.23,,,6.07,,,2.35,,,4.52,,,5.84,,,5.11,,,5.99,,,1.22,,,1.18,,,3.69,,,4.58,,,7.32,,,22.18,,,24.34,,,33.73,,,35.91,,,27.27,,,23.86,,,25.63,,,17.29,,,18,,,14.26,,,21.32,,,31.55,,,13.02,,,11.99,,,15.62,,,24.66,,
"Myanmar",4.35,,,4.42,,,2.5,,,1.42,,,1.9,,,4.09,,,6.9,,,9.72,,,11.54,,,4.62,,,1.25,,,0.2,,,0.17,,,18.69,,,7.12,,,0.92,,,5.23,,,0.01,,,2.33,,,0.08,,,16.09,,,1.93,,,0.81,,,0.94,,,1.43,,,5.02,,,4.61,,,6.84,,,4.18,,,3.49,,,2.38,,,2.88,,,1.9,,,2.38,,,1.69,,,2.45,,
"Namibia",1.06,,,4.02,,,3.45,,,1.7,,,2.67,,,3.85,,,3.23,,,2.02,,,2,,,0.51,,,4.75,,,10.27,,,5.42,,,3.02,,,3.42,,,5.31,,,4.83,,,8.29,,,8.37,,,9.41,,,2.48,,,6.52,,,8.13,,,6.39,,,3.55,,,7.83,,,3.32,,,2.17,,,1.52,,,-1.43,,,-1.38,,,6.86,,,8.53,,,18.56,,,14.97,,,9.69,,
"Nauru",,,,,,,,,,,,,,,,,,,,,,,,,,,,,,,,,,,,,,,,,,,,,,,,,,,,,,,,,,,,,,,,,,,,,,,,,,,,,,,,,,0.01,,,5.28,,,1.56,,,-2.25,,,3.3,,,-5.35,,,0.84,,,-3.13,,,-0.01,,
"Nepal",0.16,,,0.06,,,,,,,,,,,,,,,0.41,,,0.44,,,0.25,,,0.08,,,-0.01,,,0.35,,,-0.1,,,0.03,,,-0.01,,,0.03,,,-0.07,,,0.05,,,0.01,,,0.27,,,0.47,,,0.45,,,0.45,,,0.34,,,0.13,,,0.22,,,0.44,,,0.67,,,0.21,,,0.54,,,0.38,,,0.53,,,0.16,,,0.18,,,0.13,,,0.1,,
"Netherlands (Kingdom of the)",3.47,,,1.85,,,1.76,,,1.8,,,1.85,,,2.59,,,3.59,,,2.68,,,8.5,,,9.2,,,15.29,,,12.01,,,5.27,,,5.65,,,1.88,,,5.67,,,1.9,,,13.38,,,-0.71,,,7.11,,,2.03,,,11.12,,,3.71,,,12.36,,,11.53,,,44.7,,,16.66,,,16.43,,,-3.28,,,-13.94,,,-14.11,,,-3.18,,,-7.34,,,-20.91,,,0.74,,,-2.49,,
"Netherlands Antilles",0.41,,,1.61,,,1.84,,,0.47,,,0.86,,,-5.83,,,-2.22,,,-0.58,,,0.18,,,-0.53,,,-0.02,,,2.15,,,2.55,,,0.36,,,0.7,,,1.37,,,-0.68,,,5.21,,,6.3,,,2.55,,,1.98,,,,,"Not applicable",,,"Not applicable",,,"Not applicable",,,"Not applicable",,,"Not applicable",,,"Not applicable",,,"Not applicable",,,"Not applicable",,,"Not applicable",,,"Not applicable",,,"Not applicable",,,"Not applicable",,,"Not applicable",,,"Not applicable",,,"Not applicable"
"New Caledonia",,,,,,,,,,,,,,,,,,,,,,,,,,,,,,,-1.19,,,3.12,,,1.58,,,2.36,,,0.47,,,-0.11,,,10.73,,,4.73,,,19.26,,,13.58,,,15.37,,,16.57,,,29.31,,,20.41,,,15.59,,,12.37,,,6.2,,,5.3,,,3.46,,,7.64,,,6.05,,,7.88,,,2.4,,,3.86,,,5.91,,,4.83,,
"New Zealand",3.71,,,3.86,,,2.59,,,4.84,,,4.87,,,4.51,,,5.64,,,2.77,,,3.19,,,1.57,,,2.47,,,-0.46,,,2.8,,,-3.32,,,1.41,,,1.05,,,3.32,,,2.62,,,2.34,,,0.58,,,-0.04,,,2.52,,,1.98,,,0.98,,,1.21,,,-0.17,,,1.58,,,1.32,,,1.05,,,2.08,,,2.12,,,1.85,,,3.92,,,1.59,,,0.54,,,0.97,,
"Nicaragua",0.02,,,1.15,,,1.08,,,0.97,,,1.04,,,1.83,,,2.26,,,3.93,,,4.21,,,6.2,,,5.23,,,2.82,,,3.92,,,3.79,,,4.33,,,3.83,,,4.24,,,5.14,,,7.38,,,5.23,,,5.59,,,9.58,,,7.37,,,8.79,,,9.06,,,7.58,,,7.44,,,7.51,,,6.43,,,3.96,,,5.87,,,7.37,,,8.23,,,6.19,,,7.09,,,6.85,,
"Niger",1.14,,,0.44,,,1.59,,,-1.06,,,-0.56,,,0.59,,,0.09,,,0.69,,,-0.04,,,0.01,,,0.36,,,0.89,,,0.08,,,0.32,,,0.51,,,0.66,,,1.02,,,2.24,,,4.67,,,10.93,,,12.31,,,12.38,,,9.18,,,7.09,,,7.56,,,5.48,,,2.97,,,3.09,,,3.74,,,5.81,,,2.72,,,4.2,,,6.69,,,6.62,,,2.05,,,1.33,,
"Nigeria",1.63,,,1.89,,,2.21,,,3.3,,,4.62,,,2.52,,,4.09,,,2.93,,,2.08,,,1.98,,,1.89,,,1.73,,,2.14,,,2.07,,,1.56,,,2.83,,,2.07,,,2.21,,,2.45,,,2.96,,,1.63,,,2.05,,,1.42,,,0.96,,,0.7,,,0.51,,,0.68,,,0.49,,,0.14,,,0.34,,,0.4,,,0.55,,,0.14,,,0.38,,,0.64,,,1.38,,
"North Macedonia",,,"Not applicable",,,"Not applicable",,,,,,,0.67,,,0.2,,,0.24,,,1.48,,,4,,,2.29,,,5.7,,,12.05,,,,,,2.29,,,5.7,,,1.53,,,6.3,,,8.31,,,5.91,,,2.14,,,2.26,,,4.56,,,1.47,,,3.1,,,2.4,,,2.39,,,3.51,,,1.82,,,5.72,,,3.54,,,1.86,,,3.97,,,5.63,,,3.94,,,7.64,,,2.77,,
"Norway",1.31,,,0.25,,,-0.51,,,0.82,,,2.18,,,1.58,,,1.96,,,2.47,,,2.55,,,4.18,,,3.74,,,1.44,,,0.61,,,1.07,,,0.36,,,-0.73,,,2.32,,,0.39,,,1.9,,,5.04,,,3.12,,,2.11,,,2.4,,,0.2,,,-0.33,,,-1.02,,,-1.27,,,-2.43,,,0.22,,,1.22,,,-1.53,,,0.62,,,1.85,,,5.67,,,0.91,,,-0.59,,
"Oman",1.23,,,1.21,,,0.85,,,1.15,,,0.58,,,0.32,,,0.37,,,0.37,,,0.63,,,0.22,,,0.37,,,0.02,,,0.53,,,0.1,,,0.39,,,4.33,,,3.75,,,6.9,,,4.23,,,2.68,,,1.91,,,2.26,,,1.56,,,1.79,,,1.39,,,-2.76,,,3.02,,,3.7,,,6.12,,,2.2,,,2.51,,,10.02,,,6.25,,,11.82,,,11.64,,,12.49,,
"Pakistan",0.54,,,0.49,,,0.57,,,0.64,,,1.18,,,0.64,,,0.55,,,0.84,,,0.57,,,0.57,,,0.32,,,0.42,,,0.82,,,0.47,,,0.86,,,1.52,,,2.66,,,3.04,,,3.03,,,1.3,,,1.04,,,0.51,,,0.36,,,0.54,,,0.68,,,0.57,,,0.82,,,0.74,,,0.54,,,0.77,,,0.7,,,0.63,,,0.45,,,0.68,,,0.7,,,0.45,,
"Palau",1.27,,,1.15,,,1.07,,,,,,,,,-0.19,,,,,,,,,,,,,,,2.15,,,-0.91,,,1.18,,,2.91,,,3.95,,,2.17,,,17.58,,,2.25,,,2.39,,,1.52,,,1.47,,,4.29,,,10.16,,,8.04,,,16.39,,,12.33,,,21.31,,,16.71,,,17.82,,,16.15,,,17.01,,,13.61,,,29.1,,,28.35,,,17.81,,,17.09,,
"Panama",2.2,,,1.6,,,1.87,,,2.01,,,4.47,,,2.43,,,4.39,,,12.68,,,10.83,,,7.43,,,5.28,,,3.89,,,0.79,,,6.22,,,7.07,,,5.84,,,14.63,,,8.92,,,8.51,,,4.61,,,9.16,,,8.97,,,7.81,,,7.67,,,8.73,,,8.2,,,7.96,,,6.66,,,6.01,,,6.29,,,2.46,,,2.75,,,2.77,,,2.49,,,2.85,,,1.01,,
"Papua New Guinea",3.13,,,2,,,1.58,,,0.82,,,0.71,,,6.21,,,1.43,,,0.38,,,1.93,,,5.71,,,1.86,,,1.38,,,0.4,,,1.8,,,0.41,,,0.46,,,-0.08,,,1,,,-0.26,,,3.64,,,0.2,,,-1.72,,,0.12,,,0.09,,,-0.13,,,0.13,,,-0.19,,,-0.79,,,1.27,,,1.35,,,0.47,,,-0.13,,,3.77,,,0.15,,,-1.04,,,-3.62,,
"Paraguay",1.18,,,1.13,,,1.59,,,0.89,,,1.36,,,0.91,,,0.7,,,1.56,,,2.06,,,1.06,,,1.5,,,0.76,,,0.02,,,0.33,,,0.67,,,0.37,,,1.17,,,2.54,,,1.65,,,0.56,,,2.47,,,2.19,,,2.6,,,1.47,,,1.8,,,1.86,,,1.99,,,1.26,,,0.67,,,1.09,,,0.81,,,0.98,,,2.27,,,1.87,,,2.08,,,2.4,,
"Peru",0.14,,,-0.02,,,-0.22,,,2.2,,,7.36,,,4.79,,,6.28,,,3.68,,,2.96,,,3.86,,,1.56,,,2.2,,,3.93,,,2.27,,,2.39,,,3.39,,,3.91,,,5.37,,,5.74,,,5.32,,,5.73,,,4.47,,,7.15,,,4.85,,,2.22,,,4.21,,,3.41,,,3.2,,,2.93,,,2.85,,,-0.38,,,2.79,,,4.8,,,1.39,,,2.04,,,3.55,,
"Philippines",1.09,,,1.07,,,1.28,,,2,,,2.17,,,1.72,,,1.61,,,1.33,,,2.35,,,1.46,,,2.68,,,0.25,,,1.83,,,0.56,,,0.72,,,1.72,,,2.29,,,1.81,,,0.85,,,1.13,,,0.51,,,0.86,,,1.23,,,1.32,,,1.93,,,1.45,,,2.17,,,2.65,,,1.9,,,1.6,,,0.9,,,2.59,,,1.47,,,1.48,,,2.04,,,1.82,,
"Poland",0.13,,,0.42,,,0.71,,,1.77,,,1.68,,,2.56,,,2.8,,,3.07,,,3.65,,,4.26,,,5.46,,,2.91,,,2.02,,,1.82,,,4.74,,,2.67,,,4.21,,,4.62,,,2.29,,,2.28,,,2.9,,,3.92,,,1.11,,,0.77,,,3.03,,,3.31,,,3.47,,,2.03,,,2.9,,,2.55,,,2.6,,,4.45,,,5.1,,,3.68,,,1.55,,,1.35,,
"Portugal",3,,,2.45,,,1.52,,,1.52,,,1.25,,,0.57,,,1.07,,,2,,,2.44,,,0.91,,,5.53,,,5.09,,,1.21,,,4.83,,,1.35,,,1.53,,,3.58,,,1.26,,,0.8,,,0.59,,,0.9,,,2.63,,,3.95,,,3.86,,,2.17,,,4.65,,,2.85,,,3.24,,,3.17,,,5.31,,,3.4,,,4.09,,,4.75,,,3.99,,,4.51,,,2.92,,
"Qatar",0.07,,,0.62,,,0.52,,,1.01,,,1.79,,,1.15,,,3.74,,,3.7,,,3.39,,,0.91,,,1.42,,,1.68,,,3.22,,,2.66,,,3.78,,,5.61,,,5.75,,,5.9,,,3.28,,,8.31,,,3.73,,,0.56,,,0.21,,,-0.42,,,0.5,,,0.66,,,0.51,,,0.61,,,-1.19,,,-1.59,,,-1.69,,,-0.61,,,0.03,,,-0.22,,,0.21,,,1.36,,
"Republic of Korea",0.36,,,0.43,,,0.27,,,0.21,,,0.24,,,0.42,,,0.44,,,0.56,,,1.51,,,2.08,,,1.93,,,1.15,,,0.84,,,0.96,,,1.62,,,1.4,,,0.84,,,0.72,,,1.02,,,0.92,,,0.8,,,0.75,,,0.71,,,0.89,,,0.6,,,0.27,,,0.77,,,1.05,,,0.67,,,0.55,,,0.5,,,1.14,,,1.39,,,1.03,,,0.69,,,0.84,,
"Republic of Moldova",,,"Not applicable",,,"Not applicable",0.58,,,0.47,,,0.57,,,3.16,,,1.17,,,3.4,,,3.7,,,2.69,,,8.25,,,5.82,,,4.21,,,3.1,,,4.69,,,5.32,,,6.32,,,10.25,,,9.79,,,4.2,,,4.2,,,4.27,,,2.77,,,2.46,,,3.63,,,3.04,,,1.04,,,1.59,,,2.78,,,4.45,,,1.3,,,2.95,,,4.07,,,2.18,,,2.54,,,2.27,,
"Reunion",,,"No value reported or collected",,,"No value reported or collected",,,"No value reported or collected",,,"No value reported or collected",,,"No value reported or collected",,,,,,,,,,,,"No value reported or collected",,,"No value reported or collected",,,,,,"No value reported or collected",,,"No value reported or collected",,,,,,,,,,,,,,,,,,,,,,,,,,,,,,,,,,,,,,,,,,,,,,,,,,,,,,,,,,,,,,,,,,,,,
"Romania",0,,,0.13,,,0.37,,,0.34,,,1.07,,,1.12,,,0.71,,,3.42,,,4.87,,,2.86,,,2.84,,,2.87,,,2.48,,,3.8,,,8.58,,,6.25,,,8.9,,,5.57,,,6.3,,,2.68,,,1.76,,,1.23,,,1.79,,,1.9,,,1.61,,,2.16,,,2.7,,,2.58,,,2.55,,,2.3,,,1.36,,,3.7,,,3.76,,,2.08,,,1.58,,,2.15,,
"Russian Federation",,,"Not applicable",,,"Not applicable",0.24,,,0.26,,,0.17,,,0.51,,,0.65,,,1.19,,,1.01,,,1.67,,,1.01,,,0.91,,,0.98,,,1.78,,,2.56,,,1.86,,,3.75,,,4.18,,,4.52,,,2.25,,,2.06,,,1.8,,,1.37,,,2.33,,,1.42,,,0.87,,,2.91,,,1.65,,,0.8,,,1.89,,,0.7,,,2.11,,,-0.66,,,0.43,,,0.1,,,1,,
"Rwanda",0.31,,,0.25,,,0.29,,,0.31,,,0,,,0.16,,,0.16,,,0.13,,,0.32,,,0.08,,,0.39,,,0.94,,,0.08,,,0.22,,,0.32,,,0.27,,,0.94,,,2.05,,,2,,,2.12,,,4.14,,,1.75,,,3.37,,,3.34,,,5.64,,,4.5,,,3.98,,,3.89,,,3.96,,,3.36,,,2.47,,,3.55,,,3.61,,,4.84,,,5.78,,,6.01,,
"Saint Helena",,,,,,,,,,,,,,,,,,,,,,,,,,,,,,,,,"No value reported or collected",,,"No value reported or collected",,,,,,,,,"No value reported or collected",,,"No value reported or collected",,,"No value reported or collected",,,"No value reported or collected",,,,,,,,,,,,,,,,,,,,,,,,,,,,,,,,,,,,,,,,,,,,,,,,,,,,,,
"Saint Kitts and Nevis",22.45,,,9.73,,,5.17,,,5.22,,,5.2,,,6.53,,,10.53,,,5.26,,,8.34,,,14.21,,,20.54,,,18.21,,,16.19,,,16.5,,,9.41,,,9.99,,,15.29,,,17.86,,,19.52,,,17.56,,,16.04,,,11.06,,,13.94,,,16.64,,,16.71,,,13.72,,,12.98,,,5.09,,,4.28,,,4,,,-0.06,,,1.84,,,3.16,,,2.91,,,6.45,,,2.54,,
"Saint Lucia",8.25,,,9.92,,,6.15,,,5.13,,,4.69,,,4.43,,,2.34,,,5.97,,,9.48,,,8.98,,,13.16,,,14.76,,,13.34,,,19.63,,,14.25,,,13.22,,,23.94,,,17.02,,,14.99,,,10.41,,,12.54,,,7,,,8.78,,,9.64,,,6.03,,,11.64,,,9.38,,,4.85,,,2.81,,,4.48,,,6.43,,,3.62,,,4.24,,,10.26,,,9.93,,,9.36,,
"Saint Vincent and the Grenadines",3.27,,,3.52,,,4.96,,,10.88,,,15.96,,,9.44,,,12.37,,,25.2,,,22.29,,,13.58,,,14.87,,,4.77,,,7.74,,,9.71,,,18.05,,,8.87,,,20.65,,,13.34,,,22.7,,,15.64,,,13.89,,,12.45,,,18.3,,,20.14,,,17.49,,,15.34,,,6.97,,,18.1,,,3.14,,,6.39,,,6.59,,,19.56,,,7.22,,,5.97,,,10.66,,,9.76,,
"Samoa",5.73,,,2.77,,,4.12,,,4.1,,,1.47,,,1.71,,,0.51,,,8.1,,,1.3,,,-0.3,,,-0.51,,,0.57,,,0.59,,,0.82,,,1.96,,,0.84,,,4.69,,,1.03,,,7.23,,,1.53,,,0.06,,,1.91,,,2.7,,,1.75,,,2.79,,,3.25,,,0.29,,,1.03,,,1.87,,,-0.48,,,0.51,,,1,,,0.52,,,0.2,,,0.3,,,0.16,,
"Sao Tome and Principe",,,,,,,,,,-0.4,,,,,,0.03,,,0.25,,,0.16,,,6.11,,,4.14,,,5.24,,,4.15,,,4.44,,,3.53,,,3.32,,,12.44,,,28.27,,,24.69,,,42.07,,,7.72,,,26.52,,,14.11,,,9.72,,,4.13,,,14.02,,,5.92,,,9.2,,,9.17,,,5.83,,,5.56,,,6.96,,,3.56,,,23.32,,,3.5,,,2.63,,,0.97,,
"Saudi Arabia",0.27,,,0.12,,,0.18,,,0.14,,,0.51,,,0.4,,,0.04,,,0.03,,,0.06,,,0.08,,,0.1,,,0.27,,,0.24,,,0.36,,,0.75,,,3.69,,,1.59,,,1.49,,,1.06,,,0.1,,,0.92,,,0.69,,,0.67,,,0.44,,,0.19,,,0.57,,,3.19,,,0.14,,,1.37,,,0.35,,,0.21,,,2.89,,,2.16,,,1.87,,,1.7,,,2.56,,
"Senegal",0.71,,,-0.1,,,0.25,,,-0.01,,,1.3,,,0.56,,,0.08,,,2.98,,,0.96,,,2.32,,,1.05,,,0.49,,,1.11,,,0.6,,,0.76,,,0.41,,,1.88,,,2.13,,,2.36,,,1.98,,,1.65,,,1.9,,,1.56,,,1.65,,,2.04,,,2.3,,,2.48,,,2.8,,,3.67,,,4.36,,,6.92,,,8.29,,,9.23,,,13.67,,,9.04,,,0.09,,
"Serbia",,,"Not applicable",,,"Not applicable",,,"Not applicable",,,"Not applicable",,,"Not applicable",,,"Not applicable",,,"Not applicable",,,"Not applicable",,,"Not applicable",,,"Not applicable",,,"Not applicable",,,"Not applicable",,,"Not applicable",,,"Not applicable",,,"Not applicable",,,"Not applicable",,,"Not applicable",,,"Not applicable",7.33,,,6.17,,,3.87,,,9.63,,,2.88,,,4.07,,,4.07,,,5.68,,,5.57,,,6.26,,,7.75,,,7.93,,,6.21,,,6.94,,,6.88,,,6.04,,,6.35,,,3.97,,
"Serbia and Montenegro",,,"Not applicable",,,"Not applicable",0.44,,,0.47,,,0.29,,,0.18,,,0,,,2.97,,,0.49,,,0.72,,,0.39,,,1.03,,,2.55,,,5.3,,,3.31,,,6.47,,,13.22,,,11.23,,,,,"Not applicable",,,"Not applicable",,,"Not applicable",,,"Not applicable",,,"Not applicable",,,"Not applicable",,,"Not applicable",,,"Not applicable",,,"Not applicable",,,"Not applicable",,,"Not applicable",,,"Not applicable",,,"Not applicable",,,"Not applicable",,,"Not applicable",,,"Not applicable",,,"Not applicable",,,"Not applicable"
"Seychelles",0.06,,,4.76,,,0.31,,,3.32,,,5.27,,,7.47,,,4.77,,,7.85,,,7.24,,,7.35,,,3.26,,,8.68,,,5.69,,,6.9,,,4.46,,,9.34,,,14.32,,,17.5,,,18.67,,,19.98,,,21.38,,,19.95,,,24.07,,,12.46,,,16.57,,,13.58,,,9.9,,,12.28,,,-3.99,,,1.97,,,14.66,,,15.15,,,10.51,,,10.27,,,8.17,,,14.85,,
"Sierra Leone",3.69,,,0.71,,,-0.61,,,-0.72,,,-0.23,,,0.62,,,0.05,,,0.16,,,0.01,,,0.06,,,4.53,,,0.9,,,0.74,,,0.5,,,3.04,,,3.25,,,1.8,,,2.66,,,1.39,,,2.8,,,5.59,,,19.55,,,11.76,,,5.73,,,4.88,,,3.72,,,2.28,,,7.2,,,2.91,,,1.87,,,0.76,,,2.99,,,2.04,,,2.28,,,1.79,,,2.4,,
"Singapore",14.33,,,10.75,,,4.23,,,7.73,,,11.6,,,13.6,,,11.87,,,15.68,,,6.95,,,21.85,,,15.35,,,19.27,,,5.77,,,16.75,,,19.41,,,13.89,,,25.22,,,23.55,,,6.1,,,9.55,,,23.96,,,14.28,,,20.37,,,18.43,,,23.28,,,19.38,,,21.12,,,24.84,,,20.45,,,25.97,,,20.37,,,28.91,,,26.81,,,25.04,,,24.88,,,26.15,,
"Sint Maarten (Dutch part)",,,"Not applicable",,,"Not applicable",,,"Not applicable",,,"Not applicable",,,"Not applicable",,,"Not applicable",,,"Not applicable",,,"Not applicable",,,"Not applicable",,,"Not applicable",,,"Not applicable",,,"Not applicable",,,"Not applicable",,,"Not applicable",,,"Not applicable",,,"Not applicable",,,"Not applicable",,,"Not applicable",,,"Not applicable",,,"Not applicable",,,"Not applicable",-4.88,,,1.84,,,3.2,,,4.1,,,2.57,,,3.95,,,4.95,,,-3.84,,,5.31,,,1.94,,,2.12,,,0.46,,,2.66,,,3.01,,,2.04,,
"Slovakia",,,"Not applicable",,,"Not applicable",,,"Not applicable",1.28,,,1.58,,,12.74,,,1.69,,,1.05,,,4.04,,,3.01,,,13.14,,,10.64,,,23.67,,,8.81,,,9.38,,,6.37,,,10.15,,,5.21,,,5.03,,,-0.01,,,1.94,,,3.5,,,3.15,,,-0.61,,,-0.5,,,0.12,,,0.89,,,4.19,,,1.57,,,2.37,,,-2.23,,,1.51,,,2.99,,,1.15,,,2.33,,,0.47,,
"Slovenia",,,"Not applicable",,,"Not applicable",0.85,,,0.85,,,0.78,,,0.72,,,0.82,,,1.61,,,0.99,,,0.47,,,0.68,,,1.73,,,6.76,,,0.92,,,1.98,,,1.56,,,1.8,,,1.58,,,2.19,,,-0.95,,,0.22,,,2.12,,,0.74,,,-0.32,,,2.12,,,3.92,,,2.81,,,1.86,,,2.58,,,2.71,,,0.41,,,3,,,3.64,,,2.23,,,1.81,,,2.07,,
"Solomon Islands",5.02,,,6.59,,,5.44,,,8.27,,,0.66,,,0.54,,,1.38,,,7.53,,,2.16,,,2.22,,,3.18,,,-2.22,,,-1.13,,,-0.43,,,1.21,,,3.36,,,7.18,,,12.37,,,9.65,,,6.03,,,18.47,,,11.3,,,2.02,,,4.15,,,1.62,,,2.42,,,2.8,,,2.91,,,1.54,,,2.03,,,0.59,,,1.78,,,2.99,,,1.69,,,2.08,,,3.95,,
"Somalia",0.5,,,-0.02,,,-0.01,,,0.16,,,0.07,,,0.07,,,0.07,,,0.05,,,0,,,-0.03,,,0.01,,,0,,,0.01,,,-0.03,,,-0.12,,,0.51,,,1.91,,,2.6,,,1.47,,,3.66,,,4.17,,,3.51,,,2.66,,,5.24,,,4.49,,,4.57,,,4.46,,,4.47,,,5.18,,,5.16,,,6.19,,,6.34,,,6.23,,,6.17,,,6.39,,,6.54,,
"South Africa",-0.07,,,0.19,,,0,,,0.01,,,0.25,,,0.72,,,0.5,,,2.26,,,0.37,,,0.99,,,0.58,,,5.01,,,1.22,,,0.37,,,0.31,,,2.3,,,0.1,,,1.96,,,2.91,,,2.28,,,0.87,,,0.93,,,1.05,,,2.07,,,1.51,,,0.5,,,0.69,,,0.53,,,1.34,,,1.32,,,0.91,,,9.58,,,2.28,,,1.02,,,0.59,,,-0.54,,
"South Sudan",,,"Not applicable",,,"Not applicable",,,"Not applicable",,,"Not applicable",,,"Not applicable",,,"Not applicable",,,"Not applicable",,,"Not applicable",,,"Not applicable",,,"Not applicable",,,"Not applicable",,,"Not applicable",,,"Not applicable",,,"Not applicable",,,"Not applicable",,,"Not applicable",,,"Not applicable",,,"Not applicable",,,"Not applicable",,,"Not applicable",,,"Not applicable",,,"Not applicable",1.81,,,-6.23,,,0.29,,,0,,,-0.24,,,0.04,,,1.59,,,-5.4,,,0.42,,,1.57,,,2.79,,,-0.14,,,2.37,,,1.67,,
"Spain",2.01,,,1.67,,,1.69,,,1.63,,,1.68,,,1.29,,,1.45,,,1.51,,,2.31,,,2.95,,,6.62,,,4.53,,,5.53,,,2.84,,,2.31,,,2.17,,,2.44,,,4.35,,,4.71,,,0.7,,,2.79,,,1.91,,,1.93,,,1.9,,,1.8,,,1.15,,,1.59,,,0.45,,,3.98,,,1.31,,,1.16,,,2.99,,,3.89,,,2.17,,,1.99,,,1.05,,
"Sri Lanka",0.46,,,0.63,,,1.08,,,1.59,,,1.2,,,0.43,,,0.81,,,2.42,,,0.81,,,1.09,,,0.92,,,0.45,,,0.98,,,0.92,,,0.94,,,0.97,,,1.47,,,1.61,,,1.58,,,0.82,,,0.81,,,1.41,,,1.34,,,1.21,,,1.08,,,0.8,,,1.02,,,1.45,,,1.71,,,0.84,,,0.51,,,0.67,,,1.19,,,0.85,,,0.77,,,1.01,,
"State of Palestine",,,,,,,,,,,,,,,,3.73,,,5.2,,,4.34,,,5.36,,,4.42,,,1.44,,,0.48,,,0.27,,,0.45,,,1.06,,,0.91,,,0.35,,,0.49,,,0.7,,,3.72,,,2.13,,,3.12,,,0.48,,,1.3,,,1.14,,,0.74,,,1.93,,,1.17,,,1.55,,,0.77,,,0.51,,,1.95,,,1.22,,,1.6,,,0.92,,,2.41,,
"Sudan",,,"Not applicable",,,"Not applicable",,,"Not applicable",,,"Not applicable",,,"Not applicable",,,"Not applicable",,,"Not applicable",,,"Not applicable",,,"Not applicable",,,"Not applicable",,,"Not applicable",,,"Not applicable",,,"Not applicable",,,"Not applicable",,,"Not applicable",,,"Not applicable",,,"Not applicable",,,"Not applicable",,,"Not applicable",,,"Not applicable",,,"Not applicable",,,"Not applicable",3.71,,,2.64,,,1.6,,,2.06,,,1.09,,,0.87,,,2.19,,,2.02,,,1.76,,,1.25,,,1.29,,,1.68,,,,,,,,
"Sudan (...2011)",-0.25,,,-0.01,,,0,,,0,,,0.83,,,0.09,,,0,,,0.96,,,3.39,,,3.46,,,3,,,3.65,,,3.93,,,6.32,,,5.67,,,4.6,,,4.07,,,2.53,,,2.58,,,2.85,,,2.96,,,2.03,,,,,"Not applicable",,,"Not applicable",,,"Not applicable",,,"Not applicable",,,"Not applicable",,,"Not applicable",,,"Not applicable",,,"Not applicable",,,"Not applicable",,,"Not applicable",,,"Not applicable",,,"Not applicable",,,"Not applicable",,,"Not applicable"
"Suriname",-10.22,,,2.32,,,-6.62,,,-5.95,,,-3.65,,,-2.44,,,1.81,,,-0.82,,,0.67,,,-5.5,,,-8.4,,,-2.62,,,-5.5,,,-4.88,,,-2.07,,,1.28,,,-6.22,,,-8.4,,,-6.49,,,-2.37,,,-5.53,,,1.53,,,3.34,,,3.46,,,2.95,,,5.2,,,9.04,,,2.73,,,2.98,,,-0.18,,,0.01,,,6.12,,,8.11,,,14.65,,,15.22,,,42.81,,
"Sweden",0.75,,,2.32,,,-0.01,,,1.81,,,2.78,,,5.41,,,1.86,,,4.09,,,7.35,,,22.29,,,8.91,,,4.5,,,4.59,,,1.58,,,3.14,,,2.94,,,6.5,,,5.83,,,7.18,,,2.34,,,0.02,,,2.27,,,2.96,,,0.69,,,1.37,,,0.95,,,3.79,,,2.8,,,1.08,,,1.57,,,3.77,,,3.9,,,9.13,,,4.32,,,3.6,,,4.53,,
"Switzerland",2.06,,,0.98,,,0.15,,,-0.03,,,1.12,,,0.63,,,0.91,,,2.25,,,2.95,,,3.93,,,7.11,,,3.28,,,2.22,,,4.78,,,0.46,,,-0.06,,,10.1,,,6.83,,,2.86,,,5.4,,,4.99,,,3.69,,,4.3,,,0.16,,,1.29,,,9.67,,,13.46,,,18.93,,,-13.95,,,-11.43,,,-5.86,,,-8.78,,,-4.54,,,-4.73,,,-7.36,,,0.94,,
"Syrian Arab Republic",0.36,,,0.43,,,0.39,,,0.39,,,0.52,,,0.52,,,0.59,,,0.49,,,0.47,,,1.48,,,1.37,,,0.52,,,0.53,,,0.77,,,1.3,,,2.05,,,1.99,,,3.08,,,2.79,,,4.75,,,2.39,,,1.2,,,,,,,,,,,,,,,,,,,,,,,,,,,,,,,,,,,,,,,,,,,,
"Tajikistan",,,"Not applicable",,,"Not applicable",0.45,,,0.53,,,0.88,,,0.82,,,1.74,,,1.97,,,2.29,,,0.62,,,2.74,,,0.88,,,2.95,,,2.04,,,13.1,,,0.61,,,6.7,,,10.71,,,15.79,,,2.64,,,2.79,,,3.07,,,3.31,,,3.78,,,4.76,,,6.91,,,4.94,,,4.07,,,4.63,,,4.39,,,1.31,,,0.94,,,1.62,,,1.15,,,2.09,,,0.51,,
"Thailand",2.91,,,2.02,,,1.86,,,1.4,,,0.93,,,1.22,,,1.28,,,2.58,,,6.59,,,4.82,,,2.7,,,4.22,,,2.5,,,3.43,,,3.39,,,4.34,,,4.02,,,3.5,,,2.76,,,1.9,,,4.27,,,0.37,,,2.3,,,3.69,,,1.18,,,1.4,,,0.6,,,1.73,,,2.31,,,0.69,,,-1.13,,,2.89,,,2.36,,,2.3,,,2.78,,,3.33,,
"Timor-Leste",,,"Not applicable",,,"Not applicable",,,"Not applicable",,,"Not applicable",,,"Not applicable",,,"Not applicable",,,"Not applicable",,,"Not applicable",,,"Not applicable",,,"Not applicable",,,"Not applicable",,,"Not applicable",,,"Not applicable",0.92,,,,,,0.2,,,1.87,,,1.6,,,6.12,,,6.87,,,3.23,,,4.52,,,3.32,,,3.55,,,3.41,,,2.7,,,0.33,,,0.42,,,3.08,,,-11.76,,,-16.21,,,-6.59,,,1.67,,,5.87,,,12.09,,,12.71,,
"Togo",1.1,,,0.28,,,-0.62,,,-0.43,,,1.23,,,1.93,,,0.8,,,1,,,1.11,,,1.8,,,2.78,,,4.29,,,3.13,,,1.59,,,2.63,,,3.01,,,2.61,,,1.31,,,0.52,,,1.03,,,1.81,,,13.11,,,2.24,,,3.05,,,0.84,,,4.48,,,-0.76,,,1.39,,,-2.61,,,4.94,,,-0.79,,,-1.59,,,-2.07,,,0.85,,,1.99,,,1.96,,
"Tonga",0.12,,,0.18,,,0.63,,,1.15,,,1.42,,,0.49,,,0.13,,,-0,,,0.02,,,0.49,,,4.82,,,4.57,,,2.59,,,3.02,,,15.66,,,4.97,,,5.93,,,7.91,,,13.75,,,6.26,,,6.66,,,9.97,,,7.4,,,11.63,,,12.95,,,1.57,,,3.95,,,-3.4,,,4.79,,,-1.22,,,0.75,,,0.05,,,0.54,,,0.44,,,-1.86,,,-2.99,,
"Trinidad and Tobago",2.05,,,2.57,,,2.98,,,7.71,,,9.98,,,5.26,,,5.86,,,16.5,,,11.47,,,8.95,,,7.89,,,8.96,,,8.31,,,6.77,,,7.12,,,5.57,,,4.55,,,3.63,,,9.51,,,3.5,,,2.35,,,0.15,,,-7.01,,,-3.96,,,2.24,,,0.66,,,-0.1,,,-1.98,,,-2.93,,,0.78,,,5.06,,,-3.86,,,4.14,,,-5.98,,,-1.77,,,-4.43,,
"Tunisia",0.66,,,1.21,,,3.43,,,4.09,,,3.3,,,1.91,,,1.63,,,1.76,,,3.06,,,1.6,,,3.63,,,2.2,,,3.55,,,2.13,,,2.05,,,2.43,,,9.62,,,4.15,,,6.15,,,3.88,,,3.43,,,2.48,,,3.48,,,2.33,,,2.13,,,2.19,,,2,,,2.09,,,2.43,,,2.02,,,1.54,,,1.4,,,1.59,,,1.6,,,1.62,,,1.96,,
"Turkiye",0.33,,,0.39,,,0.39,,,0.26,,,0.34,,,0.38,,,0.29,,,0.31,,,0.34,,,0.31,,,0.36,,,1.66,,,0.45,,,0.54,,,0.68,,,1.98,,,3.62,,,3.24,,,2.58,,,1.32,,,1.17,,,1.92,,,1.56,,,1.41,,,1.38,,,2.2,,,1.57,,,1.29,,,1.61,,,1.24,,,1.04,,,1.4,,,1.58,,,0.94,,,0.83,,,0.8,,
"Turkmenistan",,,"Not applicable",,,"Not applicable",0,,,2.89,,,2.27,,,3.96,,,4.54,,,4.02,,,2.18,,,3.24,,,2.66,,,2.52,,,3.17,,,2,,,2.91,,,2.95,,,4.51,,,4.63,,,5.9,,,22.52,,,16.08,,,11.6,,,8.9,,,7.3,,,8.8,,,8.44,,,6.2,,,5.5,,,3.94,,,4.12,,,3.16,,,0.99,,,0.98,,,0.99,,,1,,,0.88,,
"Turks and Caicos Islands",,,,,,,,,,,,,,,,,,,,,,,,,,,,,,,,,,,,,,,,,,,,,,,,,,,,,,,,,,,,,,,,,,,,,,,,,,,,-7.42,,,1.61,,,2.16,,,3.79,,,2.25,,,3.29,,,2.3,,,2.42,,,1.98,,,2.5,,,2.26,,
"Tuvalu",,,,,,,,,,,,,,,,,,,,,,,,,,,,,,,,,,-0.07,,,-0.06,,,-0.06,,,-0.06,,,-0.05,,,-0.05,,,-0.04,,,5.63,,,6.5,,,1.45,,,-0.31,,,3.56,,,0.9,,,0.8,,,0.83,,,0.73,,,0.66,,,0.62,,,0.56,,,0.19,,,0.32,,,0.37,,,0.33,,,0.46,,,0.4,,
"Uganda",-0.14,,,0.03,,,0.08,,,1.4,,,1.44,,,1.74,,,1.68,,,1.81,,,1.77,,,1.97,,,2.67,,,2.15,,,2.49,,,2.58,,,3.15,,,3.4,,,5.26,,,5.26,,,4,,,3.38,,,1.77,,,3.15,,,3.91,,,4.67,,,2.72,,,2.44,,,2.05,,,2.54,,,3.1,,,3.45,,,3.13,,,3.85,,,6.23,,,5.87,,,5.53,,,5.17,,
"Ukraine",,,"Not applicable",,,"Not applicable",0.25,,,0.28,,,0.28,,,0.53,,,1.13,,,1.2,,,1.71,,,1.52,,,1.84,,,2.01,,,1.58,,,2.74,,,2.55,,,8.75,,,5.01,,,6.65,,,5.8,,,3.96,,,4.78,,,4.42,,,4.78,,,2.45,,,0.31,,,-0.36,,,4.34,,,3.32,,,3.62,,,3.91,,,-0.02,,,3.66,,,0.21,,,2.43,,,1.84,,,1.23,,
"Union of Soviet Socialist Republics",0,,,0,,,,,"Not applicable",,,"Not applicable",,,"Not applicable",,,"Not applicable",,,"Not applicable",,,"Not applicable",,,"Not applicable",,,"Not applicable",,,"Not applicable",,,"Not applicable",,,"Not applicable",,,"Not applicable",,,"Not applicable",,,"Not applicable",,,"Not applicable",,,"Not applicable",,,"Not applicable",,,"Not applicable",,,"Not applicable",,,"Not applicable",,,"Not applicable",,,"Not applicable",,,"Not applicable",,,"Not applicable",,,"Not applicable",,,"Not applicable",,,"Not applicable",,,"Not applicable",,,"Not applicable",,,"Not applicable",,,"Not applicable",,,"Not applicable",,,"Not applicable",,,"Not applicable"
"United Arab Emirates",-0.23,,,0.05,,,0.24,,,0.71,,,0.1,,,0.6,,,0.4,,,0.29,,,0.34,,,-1.15,,,-0.48,,,1.13,,,0.09,,,3.38,,,6.68,,,5.96,,,5.69,,,5.43,,,1.55,,,0.42,,,2.86,,,1.94,,,2.44,,,2.38,,,2.61,,,2.24,,,2.52,,,2.57,,,2.36,,,4.12,,,5.57,,,4.89,,,4.45,,,5.87,,,8.26,,,8.54,,
"United Kingdom",2.79,,,1.3,,,1.46,,,1.6,,,0.9,,,1.75,,,2,,,2.11,,,3.92,,,5.32,,,6.9,,,2.17,,,1.1,,,0.8,,,2.52,,,7.17,,,5.42,,,5.7,,,3.13,,,3.69,,,2.33,,,1.58,,,2.04,,,1.85,,,0.8,,,1.33,,,9.56,,,3.57,,,3.03,,,1.87,,,1.63,,,1.65,,,1.43,,,1.53,,,0.45,,,1.88,,
"United Republic of Tanzania",0,,,0,,,0.18,,,0.33,,,0.79,,,2.03,,,1.63,,,1.46,,,1.46,,,4.12,,,7.99,,,3.61,,,2.88,,,2.12,,,2.07,,,5.31,,,2.08,,,2.6,,,4.85,,,3.2,,,5.55,,,3.49,,,4.42,,,4.55,,,2.76,,,3.21,,,1.48,,,1.71,,,1.72,,,2.01,,,1.45,,,1.7,,,1.88,,,2.04,,,2.03,,,1.86,,
"United States",0.81,,,0.37,,,0.29,,,0.74,,,0.62,,,0.77,,,1.05,,,1.21,,,1.92,,,2.94,,,3.06,,,1.51,,,0.68,,,0.46,,,1.11,,,0.8,,,1.72,,,1.49,,,2.07,,,0.99,,,1.32,,,1.47,,,1.22,,,1.19,,,1.15,,,2.56,,,2.44,,,1.58,,,0.98,,,1.07,,,0.44,,,1.63,,,1.21,,,0.95,,,0.97,,,0.9,,
"Uruguay",0.45,,,0.29,,,0.08,,,0.61,,,0.8,,,0.73,,,0.6,,,0.53,,,0.65,,,0.98,,,1.2,,,1.42,,,1.42,,,3.46,,,2.43,,,4.88,,,7.63,,,5.68,,,6.93,,,4.83,,,5.68,,,5.15,,,4.2,,,7.09,,,3.7,,,1.9,,,-3.17,,,-0.91,,,-0.02,,,3.2,,,1.55,,,4.9,,,4.8,,,3.12,,,-2.35,,,0.82,,
"Uzbekistan",,,"Not applicable",,,"Not applicable",0.05,,,0.29,,,0.46,,,-0.15,,,0.54,,,0.89,,,0.78,,,0.59,,,0.45,,,0.75,,,0.56,,,0.69,,,1.23,,,1.12,,,0.83,,,2.59,,,1.95,,,1.99,,,3.32,,,2.67,,,1.1,,,0.95,,,1,,,1.21,,,1.93,,,2.58,,,1.06,,,3.44,,,2.6,,,2.94,,,2.77,,,2.1,,,2.59,,,3.16,,
"Vanuatu",7.65,,,12.47,,,12.42,,,11.84,,,12.39,,,11.39,,,11.55,,,10.6,,,7.84,,,5.06,,,7.64,,,7.06,,,5.88,,,6.27,,,6.96,,,6.98,,,16.23,,,10.81,,,7.45,,,5.35,,,8.92,,,9.15,,,5.04,,,0.14,,,1.72,,,4.08,,,6.07,,,4.35,,,4.1,,,4.22,,,3.23,,,3.66,,,1.8,,,1.44,,,4.68,,,3,,
"Venezuela (Bolivarian Rep. of)",1.65,,,0.45,,,3.31,,,0.72,,,1.42,,,1.32,,,3.2,,,7.23,,,5.46,,,2.95,,,4.01,,,3,,,0.84,,,2.44,,,1.32,,,1.78,,,-0.28,,,1.43,,,0.83,,,-0.3,,,0.4,,,1.81,,,1.57,,,0.72,,,-0.28,,,0.22,,,0.08,,,-0.12,,,0.31,,,0.81,,,-0.14,,,1.09,,,1.82,,,0.13,,,-1.55,,,-0.24,,
"Viet Nam",2.8,,,4.95,,,4.8,,,7.03,,,11.94,,,8.59,,,9.71,,,8.27,,,6.14,,,4.92,,,4.14,,,3.98,,,3.99,,,3.67,,,3.25,,,3.39,,,3.45,,,8.2,,,8.37,,,5.92,,,5.43,,,4.36,,,4.28,,,4.16,,,3.94,,,4.93,,,4.9,,,5.01,,,5,,,4.82,,,4.56,,,4.27,,,4.33,,,4.26,,,4.23,,,4.16,,
"Yemen",-3.25,,,6.76,,,16.02,,,18.91,,,0.32,,,-3.67,,,-0.83,,,-1.78,,,-3.03,,,-3.54,,,0.06,,,1.38,,,0.93,,,-0.66,,,0.92,,,-1.59,,,4.91,,,3.58,,,5.11,,,0.45,,,0.61,,,-1.67,,,-1.66,,,-0.38,,,-0.7,,,-0.06,,,-3,,,-1.47,,,-0.03,,,-0.28,,,-0.21,,,-0.94,,,-0.8,,,-0.22,,,-0.02,,,-0.03,,
"Yugoslavia, Soc. Fed. Rep. of",0.08,,,0.16,,,,,"Not applicable",,,"Not applicable",,,"Not applicable",,,"Not applicable",,,"Not applicable",,,"Not applicable",,,"Not applicable",,,"Not applicable",,,"Not applicable",,,"Not applicable",,,"Not applicable",,,"Not applicable",,,"Not applicable",,,"Not applicable",,,"Not applicable",,,"Not applicable",,,"Not applicable",,,"Not applicable",,,"Not applicable",,,"Not applicable",,,"Not applicable",,,"Not applicable",,,"Not applicable",,,"Not applicable",,,"Not applicable",,,"Not applicable",,,"Not applicable",,,"Not applicable",,,"Not applicable",,,"Not applicable",,,"Not applicable",,,"Not applicable",,,"Not applicable",,,"Not applicable"
"Zambia",5.34,,,1.02,,,1.36,,,9.6,,,1.09,,,2.81,,,3.53,,,5.04,,,6.73,,,2.53,,,3.38,,,3.54,,,7.11,,,7.07,,,5.85,,,4.29,,,4.83,,,9.42,,,5.24,,,4.53,,,8.53,,,4.73,,,6.79,,,7.49,,,5.48,,,6.14,,,3.16,,,4.28,,,2.15,,,3.69,,,1.35,,,1.78,,,-0.22,,,2.32,,,9.32,,,4.47,,
"Zimbabwe",0.09,,,0.02,,,0.18,,,0.37,,,0.38,,,1.06,,,0.6,,,0.98,,,4.58,,,0.64,,,0.27,,,0.04,,,0.32,,,0.05,,,0.12,,,1.43,,,0.57,,,0.99,,,0.81,,,1.09,,,1.38,,,2.74,,,2.34,,,2.1,,,2.8,,,1.89,,,1.45,,,1.14,,,1.2,,,0.71,,,0.57,,,0.69,,,1.01,,,1.43,,,1.31,,,2.11,,
"Asia and Oceania",0.59,,,0.49,,,0.6,,,0.81,,,0.9,,,1.02,,,1.16,,,1.36,,,1.3,,,1.48,,,1.74,,,1.51,,,1.31,,,1.39,,,2,,,1.64,,,2.38,,,2.67,,,2.42,,,2.15,,,2.13,,,2.04,,,2.02,,,1.86,,,2.07,,,2.06,,,1.98,,,1.91,,,1.95,,,2,,,1.4,,,1.96,,,2.05,,,1.72,,,1.68,,,1.66,,
"Northern America and Europe",1.03,,,0.68,,,0.61,,,0.85,,,0.84,,,1.11,,,1.19,,,1.42,,,2.44,,,4.06,,,5.27,,,2.53,,,1.74,,,1.31,,,1.29,,,2.06,,,2.9,,,3.51,,,2.05,,,1.88,,,1.92,,,2.27,,,1.63,,,1.82,,,1.54,,,3.61,,,3.23,,,2.32,,,0.97,,,1.66,,,0.57,,,1.53,,,0.68,,,0.67,,,0.94,,,0.99,,
"Europe, Northern America, Australia and New Zealand",1.07,,,0.7,,,0.63,,,0.87,,,0.86,,,1.16,,,1.21,,,1.43,,,2.42,,,3.98,,,5.22,,,2.52,,,1.77,,,1.29,,,1.39,,,1.92,,,2.91,,,3.52,,,2.12,,,1.91,,,1.94,,,2.33,,,1.71,,,1.88,,,1.62,,,3.56,,,3.23,,,2.34,,,1.08,,,1.7,,,0.6,,,1.54,,,0.79,,,0.71,,,1,,,1.02,,
"Central and Southern Asia",0.04,,,0.09,,,0.16,,,0.49,,,0.47,,,0.61,,,0.68,,,0.96,,,0.73,,,0.63,,,0.8,,,1.2,,,1.52,,,1.07,,,1.34,,,1.21,,,2.23,,,2.36,,,3.29,,,2.66,,,1.84,,,1.95,,,1.5,,,1.48,,,1.59,,,1.72,,,1.81,,,1.44,,,1.42,,,1.55,,,1.86,,,1.21,,,1.29,,,0.76,,,0.66,,,0.83,,
"Eastern and South-Eastern Asia",0.53,,,0.45,,,0.57,,,0.82,,,0.93,,,0.96,,,1.17,,,1.39,,,1.38,,,1.68,,,1.79,,,1.56,,,1.19,,,1.42,,,1.67,,,1.75,,,1.86,,,2.29,,,1.98,,,1.58,,,1.97,,,1.73,,,1.67,,,1.73,,,1.94,,,2.1,,,1.85,,,1.89,,,1.68,,,1.62,,,1.61,,,2,,,2.04,,,1.83,,,1.73,,,1.64,,
"Western Asia and Northern Africa",0.31,,,0.44,,,0.66,,,0.62,,,0.62,,,0.67,,,0.87,,,1.13,,,0.98,,,1.06,,,1.29,,,1.46,,,1.12,,,1.98,,,2.78,,,3.91,,,4.99,,,4.35,,,3.09,,,4.38,,,3,,,2.64,,,3.38,,,2.03,,,2.35,,,2.09,,,2.28,,,2.09,,,3.26,,,4.48,,,-0.59,,,2.44,,,2.19,,,2.07,,,2.83,,,2.71,,
"Developing economies",0.9,,,0.96,,,1.2,,,1.6,,,2.02,,,2.08,,,2.38,,,2.83,,,2.71,,,3.28,,,3.24,,,3.12,,,2.38,,,2.54,,,2.88,,,3.04,,,3.15,,,3.37,,,3.09,,,2.46,,,2.83,,,2.65,,,2.49,,,2.31,,,2.3,,,2.55,,,2.32,,,2.19,,,2.05,,,2.03,,,1.9,,,2.28,,,2.23,,,2.02,,,2.01,,,1.95,,
"Developed economies",0.89,,,0.57,,,0.52,,,0.68,,,0.67,,,0.89,,,0.96,,,1.17,,,2.02,,,3.29,,,4.22,,,2.09,,,1.52,,,1.13,,,1.25,,,1.7,,,2.56,,,3.18,,,1.95,,,1.83,,,1.74,,,2.07,,,1.61,,,1.72,,,1.55,,,3.17,,,2.87,,,2.14,,,1.12,,,1.77,,,0.44,,,1.49,,,0.85,,,0.72,,,0.96,,,1.01,,
"Developing economies excluding China",0.9,,,0.95,,,1.07,,,1.17,,,1.53,,,1.62,,,1.98,,,2.51,,,2.38,,,3.2,,,3.22,,,3.03,,,2.06,,,2.35,,,2.82,,,3.02,,,3.3,,,3.7,,,3.36,,,2.73,,,3.23,,,3.11,,,3,,,2.85,,,2.91,,,3.41,,,3.07,,,2.92,,,2.83,,,2.81,,,2.65,,,3.41,,,3.18,,,2.88,,,3.04,,,2.98,,
"Developing economies excluding LDCs",0.92,,,0.97,,,1.22,,,1.61,,,2.07,,,2.11,,,2.41,,,2.86,,,2.72,,,3.3,,,3.28,,,3.13,,,2.37,,,2.48,,,2.87,,,3.09,,,3.18,,,3.4,,,3.09,,,2.45,,,2.81,,,2.66,,,2.46,,,2.32,,,2.29,,,2.51,,,2.31,,,2.21,,,2.06,,,2.04,,,1.91,,,2.29,,,2.25,,,2.01,,,1.99,,,1.92,,
"LDCs (Least developed countries)",0.32,,,0.87,,,0.85,,,1.1,,,0.67,,,1.01,,,1.15,,,1.91,,,2.31,,,2.78,,,2.22,,,2.83,,,2.81,,,4.33,,,3.24,,,1.66,,,2.24,,,2.45,,,3.12,,,2.6,,,3.42,,,2.56,,,3.14,,,2.23,,,2.6,,,3.68,,,2.43,,,1.82,,,1.78,,,1.74,,,1.82,,,2.01,,,1.57,,,2.32,,,2.44,,,2.82,,
"LLDCs (Landlocked developing countries)",0.77,,,0.39,,,0.45,,,1.48,,,1.32,,,2.09,,,2.37,,,3.48,,,4.03,,,3.12,,,2.91,,,4.47,,,5.47,,,5.16,,,5.91,,,2.79,,,3.72,,,4.11,,,5.37,,,5.67,,,4.94,,,5.24,,,4.58,,,3.7,,,3.39,,,3.25,,,3.36,,,3.22,,,2.44,,,2.41,,,1.79,,,1.97,,,2.02,,,2.12,,,2.03,,,1.89,,
"SIDS (Small island developing States) (UN-OHRLLS)",5.79,,,5.04,,,2.57,,,4.31,,,6.33,,,7.69,,,6.8,,,9.17,,,4.61,,,11.83,,,8.48,,,10.06,,,3.72,,,8.82,,,10.56,,,7.41,,,13.01,,,12.57,,,5.4,,,6.07,,,13.36,,,8.43,,,11.85,,,10.57,,,13.2,,,10.79,,,11.81,,,13.79,,,11.71,,,14.72,,,11.66,,,16.65,,,15.82,,,13.98,,,13.51,,,13.85,,
"BRICS",0.25,,,0.33,,,0.78,,,1.47,,,1.67,,,1.8,,,2.04,,,2.44,,,2.6,,,2.5,,,2.37,,,2.52,,,2.39,,,2.06,,,2.42,,,2.43,,,2.52,,,2.65,,,2.81,,,1.85,,,2.08,,,1.96,,,1.69,,,1.63,,,1.54,,,1.48,,,1.56,,,1.49,,,1.32,,,1.48,,,1.31,,,1.47,,,1.28,,,1.14,,,1.1,,,1.05,,
"European Union (2020 …)",1.01,,,0.96,,,0.8,,,0.94,,,1.02,,,1.34,,,1.19,,,1.45,,,2.66,,,5.29,,,7.78,,,4.04,,,3.25,,,2.28,,,1.36,,,2.49,,,3.22,,,4.52,,,1.37,,,2.61,,,2.49,,,3.35,,,2.18,,,2.44,,,2.3,,,5.89,,,2.82,,,2.69,,,1.42,,,3.59,,,0.25,,,1.67,,,-0.11,,,-0.04,,,1.19,,,0.78,,
"G20 (Group of Twenty)",0.72,,,0.44,,,0.46,,,0.65,,,0.66,,,0.85,,,0.96,,,1.2,,,1.72,,,2.43,,,3.17,,,1.53,,,1.23,,,0.81,,,1.15,,,1.55,,,1.99,,,2.33,,,1.93,,,1.31,,,1.44,,,1.56,,,1.28,,,1.39,,,1.17,,,1.71,,,2.08,,,1.49,,,1.33,,,1.26,,,0.85,,,1.48,,,1.38,,,1.14,,,0.97,,,1.03,,
"G-77 (Group of 77)",0.86,,,0.98,,,1.28,,,1.73,,,2.08,,,2.15,,,2.47,,,2.99,,,2.84,,,3.31,,,2.69,,,2.7,,,2.46,,,2.53,,,2.72,,,2.9,,,2.86,,,2.96,,,2.77,,,2.18,,,2.57,,,2.32,,,2.27,,,2,,,1.94,,,1.93,,,1.88,,,1.85,,,1.72,,,1.8,,,1.51,,,1.94,,,1.96,,,1.77,,,1.73,,,1.74,,
"OECD (Organisation for Economic Cooperation and Development)",0.93,,,0.61,,,0.54,,,0.69,,,0.72,,,0.93,,,1,,,1.21,,,2.03,,,3.27,,,4.16,,,2.16,,,1.56,,,1.13,,,1.2,,,1.62,,,2.41,,,2.96,,,1.79,,,1.66,,,1.66,,,1.99,,,1.51,,,1.72,,,1.51,,,3.2,,,2.84,,,2.12,,,1.07,,,1.58,,,0.65,,,1.46,,,0.96,,,0.79,,,1.02,,,1.01,,
"GSTP (Global System of Trade Preferences) participants",0.92,,,1.02,,,1.09,,,1.11,,,1.51,,,1.6,,,1.86,,,2.42,,,2.52,,,3.44,,,2.86,,,2.66,,,2.16,,,1.97,,,2.44,,,2.33,,,2.51,,,2.82,,,2.69,,,2.04,,,2.8,,,2.53,,,2.58,,,2.48,,,2.25,,,2.3,,,2.19,,,2.44,,,2.33,,,2.47,,,1.96,,,2.56,,,2.76,,,2.25,,,2.4,,,2.51,,
"GSTP Sao Paulo Round signatories",0.58,,,0.71,,,0.96,,,0.84,,,0.77,,,0.96,,,1.29,,,1.75,,,2.17,,,3.34,,,2.76,,,1.86,,,1.66,,,1.09,,,1.73,,,1.74,,,1.89,,,2.11,,,2.59,,,1.67,,,2.3,,,2.38,,,2.14,,,1.86,,,1.85,,,1.88,,,1.72,,,1.98,,,1.84,,,1.95,,,1.62,,,1.74,,,2.1,,,1.53,,,1.71,,,1.63,,
"GSTP Sao Paulo Round ratifying participants",0.71,,,1.13,,,1.44,,,1.67,,,1.29,,,1.62,,,1.89,,,1.8,,,1.01,,,1.06,,,1.23,,,0.98,,,1.36,,,0.91,,,1.2,,,1.16,,,2.29,,,2.36,,,3.48,,,2.35,,,1.83,,,2.14,,,1.49,,,1.75,,,1.85,,,2.13,,,2.08,,,1.62,,,1.55,,,1.76,,,2.15,,,1.55,,,1.68,,,0.86,,,0.81,,,1.11,,
